txn_id,user_id,txn_timestamp,txn_type,amount,status,failure_reason,balance_after,channel
1,139,2026-04-04 00:02:57,withdrawal,1705.05,success,,2270.99,agent
2,390,2026-04-04 00:16:59,merchant_payment,3399.72,success,,7973.7,agent
3,403,2026-04-04 00:44:07,merchant_payment,2968.91,failed,card_declined,15356.03,mobile_app
4,73,2026-04-04 01:47:32,top_up,351.25,success,,25307.13,agent
5,367,2026-04-04 03:03:50,merchant_payment,501.07,success,,18144.03,mobile_app
6,201,2026-04-04 03:46:48,p2p_transfer,9761.92,success,,4493.98,web
7,87,2026-04-04 03:49:41,merchant_payment,16826.51,success,,193913.32,qr_code
8,7,2026-04-04 04:42:34,p2p_transfer,2354.89,success,,1818.47,web
9,371,2026-04-04 04:54:57,merchant_payment,8533.79,success,,11974.14,web
10,406,2026-04-04 05:07:24,p2p_transfer,316.04,success,,17787.4,web
11,167,2026-04-04 05:16:01,bill_payment,1774.83,success,,17257.14,agent
12,471,2026-04-04 05:29:46,p2p_transfer,492.86,success,,26540.23,qr_code
13,430,2026-04-04 05:43:44,bill_payment,2538.66,success,,10460.41,mobile_app
14,237,2026-04-04 07:47:45,p2p_transfer,5848.8,success,,57598.97,web
15,164,2026-04-04 08:23:07,bill_payment,855.94,success,,82079.05,agent
16,262,2026-04-04 08:27:42,merchant_payment,479.47,success,,9419.76,qr_code
17,483,2026-04-04 08:40:01,merchant_payment,981.51,success,,17062.26,qr_code
18,264,2026-04-04 09:01:34,merchant_payment,5918.43,success,,48239.97,qr_code
19,353,2026-04-04 09:02:47,withdrawal,2144.84,success,,24696.62,qr_code
20,127,2026-04-04 09:07:38,bill_payment,3075.91,success,,56331.07,qr_code
21,135,2026-04-04 09:47:06,top_up,2501.68,success,,117511.26,web
22,362,2026-04-04 10:13:52,p2p_transfer,2137.01,success,,104102.71,agent
23,473,2026-04-04 10:19:43,bill_payment,1461.48,success,,16071.72,qr_code
24,411,2026-04-04 10:39:04,merchant_payment,2742.0,success,,232289.05,qr_code
25,441,2026-04-04 10:56:47,withdrawal,53986.22,failed,insufficient_funds,9034.91,agent
26,57,2026-04-04 11:18:21,withdrawal,488.85,failed,network_error,52642.21,web
27,102,2026-04-04 11:29:59,p2p_transfer,2508.93,success,,156022.63,web
28,348,2026-04-04 11:35:44,withdrawal,213.89,success,,19223.27,qr_code
29,453,2026-04-04 12:21:40,p2p_transfer,1448.91,success,,106802.79,agent
30,404,2026-04-04 12:29:39,top_up,1332.11,success,,66808.11,qr_code
31,480,2026-04-04 12:41:37,merchant_payment,925.03,success,,82317.61,agent
32,57,2026-04-04 13:43:02,p2p_transfer,2038.88,success,,50603.33,mobile_app
33,495,2026-04-04 13:59:44,p2p_transfer,3574.56,success,,9948.5,qr_code
34,367,2026-04-04 14:06:18,merchant_payment,659.96,failed,card_declined,18144.03,web
35,289,2026-04-04 15:15:09,withdrawal,4023.18,success,,79297.21,web
36,213,2026-04-04 15:59:41,withdrawal,1377.84,success,,23309.29,qr_code
37,76,2026-04-04 16:06:14,top_up,2943.18,success,,91995.21,web
38,72,2026-04-04 16:10:51,withdrawal,404.64,success,,62506.36,agent
39,315,2026-04-04 17:08:04,merchant_payment,234.81,success,,16965.32,qr_code
40,41,2026-04-04 17:08:49,withdrawal,2086.9,success,,98348.25,agent
41,483,2026-04-04 17:09:59,p2p_transfer,1461.3,success,,15600.96,web
42,21,2026-04-04 17:21:02,bill_payment,5201.63,success,,11885.86,qr_code
43,387,2026-04-04 17:54:49,merchant_payment,4571.53,success,,153858.8,qr_code
44,461,2026-04-04 18:29:12,merchant_payment,645.5,success,,93350.14,qr_code
45,267,2026-04-04 18:51:31,top_up,3581.1,success,,75535.83,web
46,329,2026-04-04 19:09:55,p2p_transfer,2372.25,success,,77552.73,agent
47,4,2026-04-04 19:48:35,merchant_payment,1575.37,success,,68128.29,qr_code
48,70,2026-04-04 19:54:50,bill_payment,3970.34,success,,75389.29,mobile_app
49,344,2026-04-04 20:25:01,top_up,595.57,success,,95938.7,web
50,55,2026-04-04 20:45:00,merchant_payment,8949.63,success,,259490.41,agent
51,301,2026-04-04 20:55:24,merchant_payment,706.76,success,,19523.51,qr_code
52,234,2026-04-04 21:03:59,merchant_payment,475.01,success,,62666.63,mobile_app
53,271,2026-04-04 21:42:05,top_up,3173.9,success,,55061.03,web
54,246,2026-04-04 21:43:42,merchant_payment,827.52,success,,14919.93,mobile_app
55,401,2026-04-04 22:44:59,withdrawal,1020.59,success,,98786.46,web
56,446,2026-04-04 23:28:39,p2p_transfer,704.99,failed,card_declined,192843.26,qr_code
57,450,2026-04-04 23:33:15,bill_payment,475.46,success,,162183.93,web
58,453,2026-04-04 23:38:41,merchant_payment,3944.49,success,,102858.3,web
59,459,2026-04-04 23:39:06,merchant_payment,4392.08,success,,13163.99,qr_code
60,175,2026-04-04 23:49:17,p2p_transfer,238.92,success,,64732.08,qr_code
61,403,2026-04-05 02:08:27,top_up,4322.42,failed,invalid_recipient,15356.03,agent
62,25,2026-04-05 02:29:23,top_up,825.7,success,,17080.3,mobile_app
63,83,2026-04-05 02:38:34,top_up,688.0,success,,7534.93,qr_code
64,298,2026-04-05 02:41:28,top_up,3697.38,success,,17932.93,web
65,201,2026-04-05 03:52:39,p2p_transfer,1645.22,success,,2848.76,mobile_app
66,152,2026-04-05 03:57:28,bill_payment,2809.96,success,,13605.31,web
67,246,2026-04-05 04:06:31,p2p_transfer,2887.2,success,,12032.73,qr_code
68,299,2026-04-05 05:32:43,p2p_transfer,7747.57,failed,insufficient_funds,6522.26,agent
69,167,2026-04-05 07:17:32,top_up,1360.3,success,,18617.44,mobile_app
70,486,2026-04-05 07:24:10,merchant_payment,6356.72,success,,49708.96,qr_code
71,261,2026-04-05 08:10:42,p2p_transfer,1560.61,success,,52957.15,qr_code
72,168,2026-04-05 08:24:29,merchant_payment,2112.0,success,,2410.73,qr_code
73,78,2026-04-05 08:30:14,top_up,1976.58,success,,71632.35,web
74,88,2026-04-05 08:32:18,withdrawal,1554.78,success,,112663.98,agent
75,184,2026-04-05 08:52:30,p2p_transfer,418.08,success,,47130.88,web
76,134,2026-04-05 09:03:38,bill_payment,695.18,success,,39331.13,qr_code
77,188,2026-04-05 09:09:04,withdrawal,1177.16,success,,35112.94,qr_code
78,258,2026-04-05 09:33:37,p2p_transfer,489.43,success,,56772.89,agent
79,42,2026-04-05 10:32:05,bill_payment,2785.11,success,,5341.75,qr_code
80,16,2026-04-05 12:00:24,p2p_transfer,853.61,success,,39734.55,mobile_app
81,398,2026-04-05 12:22:57,top_up,1549.26,success,,39812.9,qr_code
82,356,2026-04-05 12:42:23,merchant_payment,121.2,success,,23541.01,web
83,29,2026-04-05 12:58:05,p2p_transfer,677.88,success,,84614.45,web
84,17,2026-04-05 12:59:56,top_up,2843.17,success,,20524.01,qr_code
85,13,2026-04-05 13:10:42,merchant_payment,1149.29,success,,84581.31,web
86,13,2026-04-05 13:38:36,withdrawal,3645.24,success,,80936.07,agent
87,94,2026-04-05 13:52:10,merchant_payment,3125.42,success,,93953.8,agent
88,313,2026-04-05 13:56:02,top_up,2462.86,success,,76896.29,qr_code
89,119,2026-04-05 14:35:31,top_up,4693.42,success,,108681.25,web
90,394,2026-04-05 14:57:05,bill_payment,3451.0,success,,191361.47,mobile_app
91,244,2026-04-05 15:04:44,top_up,3956.94,success,,49042.99,web
92,367,2026-04-05 15:05:13,merchant_payment,660.36,failed,card_declined,18144.03,mobile_app
93,478,2026-04-05 15:08:19,bill_payment,147.89,success,,259961.64,agent
94,448,2026-04-05 15:22:11,merchant_payment,6404.96,success,,86534.03,agent
95,184,2026-04-05 15:26:54,merchant_payment,478.12,success,,46652.76,qr_code
96,159,2026-04-05 15:28:20,p2p_transfer,1206.78,success,,234616.21,agent
97,354,2026-04-05 16:01:36,merchant_payment,1179.17,success,,98087.64,agent
98,451,2026-04-05 16:43:32,top_up,5531.58,success,,67398.94,agent
99,293,2026-04-05 17:07:06,bill_payment,828.57,success,,28401.58,qr_code
100,86,2026-04-05 17:31:56,top_up,1470.27,success,,25043.85,web
101,173,2026-04-05 18:10:16,p2p_transfer,4396.72,success,,94524.66,qr_code
102,135,2026-04-05 18:14:14,top_up,4343.87,success,,121855.13,agent
103,104,2026-04-05 18:47:19,withdrawal,634.58,success,,15306.84,mobile_app
104,200,2026-04-05 19:19:26,merchant_payment,1619.5,success,,54731.68,qr_code
105,92,2026-04-05 19:42:45,top_up,11251.34,success,,188408.68,qr_code
106,44,2026-04-05 20:09:59,top_up,1314.42,success,,57514.63,agent
107,52,2026-04-05 20:19:51,top_up,1430.5,success,,41044.42,mobile_app
108,295,2026-04-05 20:42:23,withdrawal,202.7,success,,19545.58,qr_code
109,329,2026-04-05 21:11:06,top_up,374.06,success,,77926.79,mobile_app
110,432,2026-04-05 21:24:11,withdrawal,368.45,success,,15796.87,web
111,295,2026-04-05 21:32:41,merchant_payment,9848.78,success,,9696.8,qr_code
112,168,2026-04-05 21:58:18,merchant_payment,1612.33,success,,798.4,qr_code
113,451,2026-04-05 22:02:21,merchant_payment,1262.61,failed,card_declined,67398.94,web
114,441,2026-04-05 22:03:56,p2p_transfer,1392.99,success,,7641.92,web
115,57,2026-04-05 22:31:02,bill_payment,555.3,success,,50048.03,agent
116,313,2026-04-05 22:31:32,merchant_payment,3829.93,success,,73066.36,web
117,220,2026-04-05 22:42:25,p2p_transfer,677.86,success,,53973.52,mobile_app
118,357,2026-04-05 23:08:53,top_up,1037.66,success,,11161.87,mobile_app
119,344,2026-04-05 23:20:55,top_up,3730.58,success,,99669.28,web
120,237,2026-04-05 23:31:39,bill_payment,1827.55,success,,55771.42,web
121,86,2026-04-05 23:40:35,merchant_payment,1858.05,success,,23185.8,mobile_app
122,493,2026-04-06 03:26:45,bill_payment,994.63,success,,194647.5,mobile_app
123,396,2026-04-06 04:33:09,p2p_transfer,797.2,success,,38368.35,qr_code
124,479,2026-04-06 04:45:28,p2p_transfer,2126.71,success,,252473.64,web
125,264,2026-04-06 07:32:21,merchant_payment,619.18,success,,47620.79,web
126,451,2026-04-06 08:30:44,top_up,3871.86,success,,71270.8,agent
127,247,2026-04-06 08:39:23,bill_payment,639.04,success,,208983.3,web
128,399,2026-04-06 09:01:05,merchant_payment,2476.95,success,,82864.12,qr_code
129,109,2026-04-06 09:02:42,top_up,2461.89,success,,65507.52,qr_code
130,13,2026-04-06 09:16:59,withdrawal,1898.33,success,,79037.74,mobile_app
131,125,2026-04-06 09:38:30,p2p_transfer,1047.24,success,,112161.79,web
132,148,2026-04-06 09:46:03,bill_payment,588.54,success,,116491.0,web
133,66,2026-04-06 10:18:44,merchant_payment,1918.72,success,,18151.92,web
134,225,2026-04-06 10:21:20,merchant_payment,2734.91,success,,74514.82,agent
135,479,2026-04-06 10:43:55,top_up,7378.19,success,,259851.83,mobile_app
136,83,2026-04-06 10:46:23,merchant_payment,3744.96,failed,network_error,7534.93,web
137,50,2026-04-06 10:54:26,p2p_transfer,469.12,success,,99704.22,agent
138,451,2026-04-06 10:58:36,top_up,1731.89,success,,73002.69,web
139,183,2026-04-06 11:39:02,withdrawal,1120.42,success,,30823.55,agent
140,19,2026-04-06 12:02:48,top_up,640.18,success,,12709.25,qr_code
141,193,2026-04-06 12:41:26,p2p_transfer,751.35,success,,24722.47,web
142,93,2026-04-06 13:25:43,p2p_transfer,460.24,success,,15233.71,qr_code
143,194,2026-04-06 13:26:25,withdrawal,2295.81,success,,16191.74,agent
144,446,2026-04-06 14:36:54,merchant_payment,1032.73,success,,191810.53,agent
145,477,2026-04-06 15:33:59,withdrawal,2207.18,success,,78901.09,mobile_app
146,273,2026-04-06 15:36:34,top_up,3033.63,success,,44143.75,agent
147,281,2026-04-06 16:11:11,merchant_payment,122.15,success,,65506.07,agent
148,338,2026-04-06 16:18:15,bill_payment,1717.9,success,,136117.31,agent
149,440,2026-04-06 16:24:25,merchant_payment,748.73,success,,286261.03,qr_code
150,411,2026-04-06 17:11:54,withdrawal,359.85,success,,231929.2,qr_code
151,435,2026-04-06 17:14:34,top_up,1396.27,success,,32279.22,agent
152,16,2026-04-06 17:20:33,merchant_payment,1631.45,success,,38103.1,web
153,43,2026-04-06 18:13:27,bill_payment,891.44,success,,78375.84,qr_code
154,44,2026-04-06 18:49:30,top_up,1007.3,failed,card_declined,57514.63,qr_code
155,270,2026-04-06 18:52:50,p2p_transfer,1073.64,success,,51594.0,web
156,378,2026-04-06 19:34:46,merchant_payment,667.44,success,,17841.39,qr_code
157,115,2026-04-06 21:05:19,top_up,1835.14,success,,84482.4,mobile_app
158,78,2026-04-06 21:26:54,p2p_transfer,5932.0,success,,65700.35,web
159,451,2026-04-06 21:39:15,withdrawal,2517.06,success,,70485.63,qr_code
160,290,2026-04-06 21:45:47,top_up,1217.23,success,,28235.49,mobile_app
161,474,2026-04-06 21:54:19,bill_payment,186.31,success,,29927.13,mobile_app
162,453,2026-04-06 22:03:53,merchant_payment,1152.67,success,,101705.63,qr_code
163,125,2026-04-06 22:07:17,bill_payment,261.48,success,,111900.31,agent
164,119,2026-04-06 22:14:23,top_up,3184.53,success,,111865.78,web
165,78,2026-04-06 22:28:49,p2p_transfer,1284.63,success,,64415.72,mobile_app
166,87,2026-04-06 22:56:13,merchant_payment,199.93,success,,193713.39,agent
167,30,2026-04-06 23:54:25,p2p_transfer,2646.98,success,,120791.55,web
168,20,2026-04-06 23:59:55,withdrawal,639.99,success,,86308.71,mobile_app
169,8,2026-04-07 00:02:17,bill_payment,1224.38,success,,2118.4,mobile_app
170,19,2026-04-07 00:07:26,bill_payment,1995.39,success,,10713.86,qr_code
171,357,2026-04-07 00:41:34,bill_payment,471.73,success,,10690.14,web
172,298,2026-04-07 01:28:39,bill_payment,463.1,success,,17469.83,agent
173,139,2026-04-07 02:12:22,merchant_payment,731.38,success,,1539.61,web
174,434,2026-04-07 03:07:13,top_up,2640.14,success,,6511.3,agent
175,54,2026-04-07 03:32:40,top_up,190.26,success,,289793.33,agent
176,194,2026-04-07 05:20:35,withdrawal,4021.01,success,,12170.73,web
177,380,2026-04-07 07:11:09,merchant_payment,54.2,success,,86314.52,qr_code
178,106,2026-04-07 07:29:49,p2p_transfer,957.82,success,,179186.45,agent
179,308,2026-04-07 07:47:40,p2p_transfer,4063.37,success,,285489.29,agent
180,211,2026-04-07 08:29:34,withdrawal,1072.89,success,,207523.71,web
181,380,2026-04-07 09:01:12,merchant_payment,2271.68,success,,84042.84,mobile_app
182,230,2026-04-07 09:13:21,p2p_transfer,1151.05,success,,23740.5,agent
183,172,2026-04-07 09:24:33,merchant_payment,541.47,success,,73969.96,agent
184,465,2026-04-07 09:36:32,merchant_payment,1907.9,success,,24298.77,mobile_app
185,123,2026-04-07 09:42:02,merchant_payment,477.11,success,,15051.34,web
186,230,2026-04-07 10:35:35,withdrawal,2722.98,success,,21017.52,web
187,11,2026-04-07 10:39:12,top_up,1673.47,success,,104899.83,web
188,492,2026-04-07 10:52:22,top_up,2730.75,success,,119822.06,web
189,315,2026-04-07 10:58:33,bill_payment,1052.03,success,,15913.29,agent
190,164,2026-04-07 11:42:42,merchant_payment,1750.92,success,,80328.13,web
191,407,2026-04-07 11:51:21,p2p_transfer,263.6,success,,93313.7,agent
192,4,2026-04-07 11:58:11,withdrawal,336.53,success,,67791.76,mobile_app
193,246,2026-04-07 12:12:21,p2p_transfer,361.22,success,,11671.51,web
194,375,2026-04-07 12:31:14,top_up,2651.65,success,,59233.14,web
195,245,2026-04-07 12:46:44,merchant_payment,175.82,success,,285637.33,mobile_app
196,280,2026-04-07 13:02:10,top_up,943.5,success,,9276.78,mobile_app
197,138,2026-04-07 14:08:44,bill_payment,268.75,success,,104482.17,web
198,76,2026-04-07 15:24:31,withdrawal,809.62,success,,91185.59,agent
199,145,2026-04-07 15:46:36,bill_payment,1783.73,success,,99992.08,web
200,275,2026-04-07 16:02:04,merchant_payment,11382.72,success,,198962.27,agent
201,94,2026-04-07 16:12:52,top_up,2288.88,success,,96242.68,web
202,16,2026-04-07 16:16:02,top_up,1281.92,success,,39385.02,web
203,216,2026-04-07 16:27:57,bill_payment,3695.2,success,,109322.96,mobile_app
204,439,2026-04-07 16:49:16,merchant_payment,2529.18,success,,247135.65,mobile_app
205,472,2026-04-07 16:59:13,top_up,3136.35,success,,83829.7,mobile_app
206,381,2026-04-07 17:09:39,merchant_payment,2466.15,success,,99723.87,web
207,13,2026-04-07 17:37:22,top_up,9490.72,success,,88528.46,qr_code
208,322,2026-04-07 18:33:38,withdrawal,392.56,success,,111903.04,mobile_app
209,293,2026-04-07 19:09:55,p2p_transfer,1684.53,success,,26717.05,web
210,394,2026-04-07 19:15:57,withdrawal,28895.3,success,,162466.17,qr_code
211,451,2026-04-07 19:55:33,p2p_transfer,1406.25,success,,69079.38,mobile_app
212,155,2026-04-07 19:59:48,merchant_payment,506.16,success,,47139.24,qr_code
213,46,2026-04-07 20:30:21,top_up,5952.03,failed,limit_exceeded,6022.72,web
214,57,2026-04-07 20:41:47,merchant_payment,450.74,success,,49597.29,web
215,491,2026-04-07 20:58:19,top_up,14790.98,success,,143702.3,agent
216,207,2026-04-07 21:00:05,top_up,3580.37,success,,72516.46,mobile_app
217,189,2026-04-07 21:27:21,merchant_payment,3144.48,success,,179587.01,mobile_app
218,270,2026-04-07 21:31:39,merchant_payment,1421.93,success,,50172.07,agent
219,252,2026-04-07 21:58:40,merchant_payment,744.32,success,,14825.18,web
220,11,2026-04-07 22:08:49,bill_payment,1904.05,success,,102995.78,web
221,429,2026-04-07 23:21:51,merchant_payment,267.4,success,,43823.41,agent
222,127,2026-04-07 23:36:57,bill_payment,1559.52,success,,54771.55,agent
223,494,2026-04-07 23:47:01,withdrawal,891.84,success,,30189.73,qr_code
224,363,2026-04-07 23:53:58,withdrawal,1427.94,success,,95862.25,qr_code
225,185,2026-04-08 01:45:41,merchant_payment,849.35,success,,21675.59,web
226,403,2026-04-08 03:13:05,withdrawal,1386.02,success,,13970.01,mobile_app
227,198,2026-04-08 03:57:50,top_up,8619.23,success,,24063.82,agent
228,19,2026-04-08 04:26:45,top_up,5890.53,success,,16604.39,mobile_app
229,329,2026-04-08 04:35:46,top_up,1767.41,success,,79694.2,web
230,201,2026-04-08 04:40:30,bill_payment,464.69,failed,card_declined,2848.76,agent
231,325,2026-04-08 05:13:51,merchant_payment,5921.89,failed,insufficient_funds,4476.8,mobile_app
232,183,2026-04-08 07:07:23,bill_payment,3759.79,success,,27063.76,mobile_app
233,125,2026-04-08 07:23:05,merchant_payment,2460.07,success,,109440.24,web
234,11,2026-04-08 07:32:16,bill_payment,673.26,success,,102322.52,qr_code
235,460,2026-04-08 08:31:59,bill_payment,623.8,success,,230641.57,mobile_app
236,116,2026-04-08 08:44:02,p2p_transfer,641.05,success,,19547.39,mobile_app
237,336,2026-04-08 08:44:09,bill_payment,7827.57,success,,283842.5,qr_code
238,412,2026-04-08 08:58:37,merchant_payment,3808.7,success,,183344.14,agent
239,425,2026-04-08 09:19:05,top_up,1839.87,success,,185486.77,qr_code
240,433,2026-04-08 09:23:26,top_up,2363.22,success,,154048.18,mobile_app
241,166,2026-04-08 09:34:31,top_up,1343.38,success,,54415.44,web
242,448,2026-04-08 10:00:53,top_up,3512.37,success,,90046.4,mobile_app
243,378,2026-04-08 10:10:02,p2p_transfer,322.37,success,,17519.02,qr_code
244,13,2026-04-08 10:45:11,merchant_payment,1217.78,success,,87310.68,agent
245,479,2026-04-08 11:16:27,p2p_transfer,1091.72,success,,258760.11,web
246,455,2026-04-08 11:27:18,withdrawal,76.0,success,,15555.27,mobile_app
247,434,2026-04-08 11:57:48,merchant_payment,860.78,success,,5650.52,agent
248,433,2026-04-08 12:30:39,withdrawal,3321.59,success,,150726.59,web
249,281,2026-04-08 12:38:35,top_up,1402.74,success,,66908.81,agent
250,304,2026-04-08 12:48:22,merchant_payment,1038.37,success,,25830.49,agent
251,267,2026-04-08 12:56:58,merchant_payment,604.23,success,,74931.6,agent
252,222,2026-04-08 13:23:09,p2p_transfer,3356.19,success,,62589.31,web
253,156,2026-04-08 14:08:15,merchant_payment,4414.65,success,,258814.17,mobile_app
254,454,2026-04-08 14:08:50,merchant_payment,1952.51,success,,58569.05,qr_code
255,83,2026-04-08 14:27:58,top_up,5250.06,success,,12784.99,web
256,433,2026-04-08 14:41:25,top_up,2285.26,success,,153011.85,agent
257,333,2026-04-08 14:42:23,withdrawal,962.47,success,,156754.37,web
258,439,2026-04-08 14:55:32,bill_payment,288.86,success,,246846.79,web
259,167,2026-04-08 15:40:51,top_up,11463.71,success,,30081.15,mobile_app
260,244,2026-04-08 15:45:51,top_up,1081.9,success,,50124.89,web
261,19,2026-04-08 15:50:13,merchant_payment,1475.41,success,,15128.98,qr_code
262,167,2026-04-08 16:04:54,merchant_payment,269.57,success,,29811.58,qr_code
263,55,2026-04-08 16:27:45,bill_payment,732.85,success,,258757.56,agent
264,156,2026-04-08 16:43:32,top_up,508.3,failed,card_declined,258814.17,agent
265,453,2026-04-08 16:49:57,merchant_payment,4779.84,success,,96925.79,qr_code
266,269,2026-04-08 17:17:06,merchant_payment,468.64,success,,43749.99,mobile_app
267,58,2026-04-08 17:30:24,merchant_payment,1021.7,success,,70754.17,mobile_app
268,329,2026-04-08 17:46:33,merchant_payment,2814.25,success,,76879.95,agent
269,64,2026-04-08 17:56:46,merchant_payment,1524.47,success,,21165.39,qr_code
270,355,2026-04-08 18:10:29,merchant_payment,497.17,success,,56213.99,web
271,318,2026-04-08 18:23:00,merchant_payment,2588.37,failed,network_error,66181.76,mobile_app
272,433,2026-04-08 18:26:59,merchant_payment,404.78,success,,152607.07,mobile_app
273,301,2026-04-08 18:45:34,merchant_payment,6285.32,success,,13238.19,qr_code
274,469,2026-04-08 18:58:02,bill_payment,2222.65,success,,17571.17,mobile_app
275,216,2026-04-08 19:10:55,top_up,9438.02,success,,118760.98,agent
276,314,2026-04-08 19:16:01,bill_payment,2668.14,success,,80667.43,agent
277,104,2026-04-08 19:18:45,withdrawal,773.43,success,,14533.41,web
278,43,2026-04-08 19:50:37,merchant_payment,2577.62,success,,75798.22,agent
279,381,2026-04-08 19:52:18,p2p_transfer,7627.66,success,,92096.21,web
280,478,2026-04-08 20:53:58,p2p_transfer,420.64,success,,259541.0,mobile_app
281,392,2026-04-08 21:03:46,top_up,1175.28,success,,72874.91,web
282,97,2026-04-08 22:22:21,bill_payment,664.03,success,,90126.42,qr_code
283,64,2026-04-08 22:36:10,merchant_payment,1605.27,success,,19560.12,mobile_app
284,478,2026-04-08 22:42:20,top_up,1422.62,success,,260963.62,web
285,315,2026-04-08 23:46:10,p2p_transfer,621.94,success,,15291.35,mobile_app
286,50,2026-04-08 23:48:07,top_up,1887.26,success,,101591.48,mobile_app
287,433,2026-04-08 23:55:35,merchant_payment,6230.42,failed,limit_exceeded,152607.07,qr_code
288,301,2026-04-09 00:08:06,top_up,5345.81,success,,18584.0,web
289,42,2026-04-09 01:34:18,top_up,22932.72,success,,28274.47,mobile_app
290,180,2026-04-09 01:44:14,merchant_payment,2036.37,success,,234188.17,qr_code
291,478,2026-04-09 03:21:58,top_up,2021.79,success,,262985.41,qr_code
292,279,2026-04-09 04:06:40,bill_payment,3407.93,success,,12253.09,web
293,199,2026-04-09 05:33:44,withdrawal,529.19,success,,89438.33,agent
294,189,2026-04-09 05:43:46,p2p_transfer,4795.43,success,,174791.58,qr_code
295,40,2026-04-09 07:19:03,top_up,1307.01,success,,266950.57,mobile_app
296,318,2026-04-09 08:28:14,top_up,2127.14,success,,68308.9,agent
297,122,2026-04-09 09:12:57,bill_payment,1418.6,success,,172594.04,qr_code
298,80,2026-04-09 09:15:54,top_up,6228.5,success,,9571.15,agent
299,273,2026-04-09 09:17:44,top_up,4095.15,success,,48238.9,qr_code
300,270,2026-04-09 09:31:05,merchant_payment,1369.6,success,,48802.47,web
301,293,2026-04-09 10:01:43,merchant_payment,235.63,success,,26481.42,web
302,299,2026-04-09 10:37:16,bill_payment,964.77,success,,5557.49,agent
303,278,2026-04-09 10:51:53,merchant_payment,2631.91,success,,24625.35,qr_code
304,168,2026-04-09 10:52:52,p2p_transfer,1961.67,failed,insufficient_funds,798.4,qr_code
305,50,2026-04-09 11:04:46,bill_payment,1370.6,success,,100220.88,qr_code
306,313,2026-04-09 11:25:50,merchant_payment,1072.51,success,,71993.85,qr_code
307,405,2026-04-09 11:27:11,bill_payment,409.18,success,,32414.11,mobile_app
308,251,2026-04-09 11:45:17,top_up,1813.73,success,,199517.24,agent
309,280,2026-04-09 12:00:57,merchant_payment,9291.07,failed,insufficient_funds,9276.78,qr_code
310,61,2026-04-09 12:19:44,merchant_payment,1605.58,success,,172019.31,mobile_app
311,434,2026-04-09 12:37:35,top_up,1056.64,failed,card_declined,5650.52,mobile_app
312,258,2026-04-09 12:44:59,p2p_transfer,1576.0,success,,55196.89,qr_code
313,407,2026-04-09 12:46:30,bill_payment,2043.98,success,,91269.72,qr_code
314,329,2026-04-09 13:06:14,top_up,5290.82,success,,82170.77,agent
315,118,2026-04-09 13:10:41,top_up,373.58,success,,158616.69,agent
316,159,2026-04-09 13:26:42,bill_payment,6297.12,success,,228319.09,mobile_app
317,48,2026-04-09 13:48:58,merchant_payment,5340.08,failed,network_error,72519.86,web
318,356,2026-04-09 13:55:07,p2p_transfer,8190.35,success,,15350.66,agent
319,301,2026-04-09 14:16:48,merchant_payment,416.55,success,,18167.45,qr_code
320,103,2026-04-09 14:30:26,top_up,1104.08,success,,24096.63,mobile_app
321,263,2026-04-09 16:30:17,merchant_payment,406.59,success,,56519.54,agent
322,180,2026-04-09 17:07:22,merchant_payment,2703.88,success,,231484.29,qr_code
323,411,2026-04-09 17:25:08,top_up,1847.06,success,,233776.26,mobile_app
324,275,2026-04-09 18:06:48,top_up,3022.83,success,,201985.1,qr_code
325,199,2026-04-09 18:07:24,p2p_transfer,1599.31,success,,87839.02,qr_code
326,238,2026-04-09 19:00:54,merchant_payment,4037.18,success,,11126.02,qr_code
327,270,2026-04-09 19:17:44,p2p_transfer,1312.43,success,,47490.04,qr_code
328,414,2026-04-09 19:18:24,bill_payment,1087.77,success,,10772.96,web
329,176,2026-04-09 19:34:13,withdrawal,755.98,success,,18653.74,agent
330,4,2026-04-09 19:36:40,p2p_transfer,3308.3,success,,64483.46,agent
331,412,2026-04-09 19:56:20,merchant_payment,6458.27,success,,176885.87,mobile_app
332,109,2026-04-09 20:28:55,p2p_transfer,2974.59,success,,62532.93,agent
333,31,2026-04-09 20:32:15,merchant_payment,2741.92,success,,227988.37,qr_code
334,177,2026-04-09 21:08:31,p2p_transfer,2284.74,success,,114528.32,web
335,264,2026-04-09 21:27:05,merchant_payment,959.85,success,,46660.94,agent
336,16,2026-04-09 22:21:19,merchant_payment,1344.06,success,,38040.96,qr_code
337,380,2026-04-09 22:32:41,merchant_payment,3093.22,success,,80949.62,mobile_app
338,51,2026-04-09 22:38:22,p2p_transfer,15727.74,success,,65163.11,web
339,252,2026-04-09 22:41:17,p2p_transfer,1922.0,success,,12903.18,web
340,292,2026-04-09 22:56:42,top_up,1838.19,success,,48712.2,web
341,208,2026-04-09 23:43:43,bill_payment,910.04,success,,132443.26,web
342,478,2026-04-10 00:01:04,merchant_payment,4018.61,success,,258966.8,mobile_app
343,1,2026-04-10 00:05:05,top_up,802.78,success,,6118.45,agent
344,20,2026-04-10 00:05:18,merchant_payment,833.27,success,,85475.44,qr_code
345,24,2026-04-10 00:27:50,merchant_payment,2674.78,success,,7995.0,mobile_app
346,403,2026-04-10 00:49:29,top_up,26255.3,success,,40225.31,mobile_app
347,258,2026-04-10 01:24:18,merchant_payment,2386.25,success,,52810.64,agent
348,451,2026-04-10 01:27:03,p2p_transfer,5088.05,success,,63991.33,agent
349,428,2026-04-10 01:57:32,top_up,9390.32,success,,25073.9,web
350,42,2026-04-10 03:32:22,withdrawal,1131.27,success,,27143.2,qr_code
351,325,2026-04-10 04:41:02,merchant_payment,551.53,success,,3925.27,mobile_app
352,21,2026-04-10 05:06:53,p2p_transfer,2038.77,failed,invalid_recipient,11885.86,agent
353,201,2026-04-10 05:29:33,merchant_payment,216.02,success,,2632.74,qr_code
354,262,2026-04-10 05:54:39,withdrawal,729.54,success,,8690.22,agent
355,432,2026-04-10 07:09:16,merchant_payment,468.65,failed,suspected_fraud,15796.87,agent
356,433,2026-04-10 07:38:16,top_up,6974.13,success,,159581.2,web
357,102,2026-04-10 08:04:23,merchant_payment,4183.45,success,,151839.18,web
358,398,2026-04-10 08:07:09,merchant_payment,2736.62,success,,37076.28,qr_code
359,335,2026-04-10 08:08:42,withdrawal,1801.63,success,,25925.33,mobile_app
360,407,2026-04-10 08:18:10,top_up,5606.29,success,,96876.01,qr_code
361,444,2026-04-10 08:20:46,merchant_payment,3396.35,success,,28727.86,mobile_app
362,57,2026-04-10 08:21:14,withdrawal,1258.73,success,,48338.56,qr_code
363,51,2026-04-10 08:32:01,merchant_payment,604.04,success,,64559.07,qr_code
364,420,2026-04-10 08:38:57,p2p_transfer,4021.87,success,,23555.41,agent
365,453,2026-04-10 09:14:45,top_up,959.55,success,,97885.34,qr_code
366,66,2026-04-10 09:21:53,merchant_payment,970.93,success,,17180.99,mobile_app
367,169,2026-04-10 09:22:26,top_up,1237.7,success,,39248.02,mobile_app
368,168,2026-04-10 09:33:53,merchant_payment,836.75,failed,insufficient_funds,798.4,web
369,1,2026-04-10 09:43:07,p2p_transfer,7603.71,failed,insufficient_funds,6118.45,web
370,98,2026-04-10 10:09:46,top_up,3931.2,success,,29114.25,agent
371,127,2026-04-10 10:23:20,bill_payment,545.82,success,,54225.73,agent
372,258,2026-04-10 10:35:28,top_up,2508.94,success,,55319.58,agent
373,116,2026-04-10 10:36:47,merchant_payment,1365.63,success,,18181.76,web
374,413,2026-04-10 11:42:34,merchant_payment,792.42,success,,97055.72,web
375,105,2026-04-10 13:00:52,merchant_payment,635.62,success,,10674.48,qr_code
376,4,2026-04-10 13:01:46,withdrawal,11394.28,success,,53089.18,qr_code
377,270,2026-04-10 13:03:42,p2p_transfer,3032.05,success,,44457.99,qr_code
378,28,2026-04-10 13:14:23,top_up,3946.51,failed,network_error,119200.23,qr_code
379,50,2026-04-10 13:33:37,merchant_payment,1195.39,success,,99025.49,qr_code
380,50,2026-04-10 13:51:58,merchant_payment,932.51,success,,98092.98,mobile_app
381,156,2026-04-10 14:00:36,merchant_payment,405.37,success,,258408.8,qr_code
382,55,2026-04-10 14:12:16,p2p_transfer,9297.89,success,,249459.67,mobile_app
383,180,2026-04-10 14:38:59,withdrawal,236.86,success,,231247.43,qr_code
384,371,2026-04-10 14:42:41,p2p_transfer,5470.43,success,,6503.71,qr_code
385,20,2026-04-10 14:50:17,top_up,1452.05,success,,86927.49,mobile_app
386,199,2026-04-10 15:33:03,merchant_payment,247.86,success,,87591.16,qr_code
387,102,2026-04-10 15:54:11,bill_payment,3909.09,success,,147930.09,agent
388,201,2026-04-10 16:10:55,withdrawal,509.05,success,,2123.69,web
389,440,2026-04-10 16:23:54,withdrawal,3116.53,success,,283144.5,agent
390,435,2026-04-10 17:04:46,p2p_transfer,1629.34,success,,30649.88,qr_code
391,35,2026-04-10 17:13:07,merchant_payment,958.81,success,,26674.01,agent
392,281,2026-04-10 17:14:49,merchant_payment,198.82,success,,66709.99,mobile_app
393,462,2026-04-10 17:20:09,bill_payment,1397.8,success,,42382.44,agent
394,149,2026-04-10 17:43:16,bill_payment,245.75,success,,16220.17,web
395,228,2026-04-10 18:35:25,bill_payment,1917.29,success,,55545.31,agent
396,325,2026-04-10 19:02:23,merchant_payment,891.5,success,,3033.77,agent
397,237,2026-04-10 19:08:53,top_up,851.79,success,,56623.21,mobile_app
398,453,2026-04-10 19:25:32,bill_payment,1735.08,success,,96150.26,agent
399,440,2026-04-10 19:50:17,withdrawal,4816.99,success,,278327.51,agent
400,460,2026-04-10 20:15:16,merchant_payment,418.98,success,,230222.59,agent
401,368,2026-04-10 20:46:41,top_up,11141.89,success,,203933.23,mobile_app
402,308,2026-04-10 20:47:54,bill_payment,945.52,success,,284543.77,web
403,439,2026-04-10 20:48:53,top_up,2190.37,success,,249037.16,qr_code
404,486,2026-04-10 20:51:15,merchant_payment,1125.29,success,,48583.67,qr_code
405,156,2026-04-10 22:06:11,top_up,19956.0,success,,278364.8,qr_code
406,390,2026-04-10 22:09:59,p2p_transfer,7896.64,success,,77.06,mobile_app
407,317,2026-04-10 22:52:16,merchant_payment,863.55,success,,107336.47,web
408,97,2026-04-10 22:55:25,top_up,3963.31,success,,94089.73,qr_code
409,152,2026-04-10 23:12:45,top_up,14324.5,success,,27929.81,mobile_app
410,275,2026-04-10 23:27:40,top_up,6130.43,success,,208115.53,mobile_app
411,301,2026-04-10 23:34:16,top_up,959.17,success,,19126.62,mobile_app
412,81,2026-04-10 23:44:23,merchant_payment,1771.51,success,,73093.85,web
413,81,2026-04-10 23:55:39,p2p_transfer,2445.12,success,,70648.73,web
414,411,2026-04-11 01:21:45,merchant_payment,1463.67,success,,232312.59,agent
415,403,2026-04-11 01:23:56,withdrawal,946.02,success,,39279.29,agent
416,92,2026-04-11 01:32:40,withdrawal,3896.91,success,,184511.77,web
417,152,2026-04-11 02:01:53,merchant_payment,1702.96,success,,26226.85,web
418,156,2026-04-11 02:05:12,top_up,6648.85,success,,285013.65,qr_code
419,333,2026-04-11 04:24:31,top_up,875.55,success,,157629.92,web
420,430,2026-04-11 04:31:07,merchant_payment,391.92,success,,10068.49,agent
421,325,2026-04-11 05:32:33,merchant_payment,6418.91,failed,insufficient_funds,3033.77,mobile_app
422,401,2026-04-11 07:01:42,top_up,113.58,success,,98900.04,qr_code
423,83,2026-04-11 07:12:42,p2p_transfer,78.46,success,,12706.53,web
424,228,2026-04-11 07:20:29,bill_payment,3848.88,success,,51696.43,mobile_app
425,118,2026-04-11 07:48:59,merchant_payment,8497.43,success,,150119.26,web
426,492,2026-04-11 07:55:15,top_up,11410.7,success,,131232.76,mobile_app
427,482,2026-04-11 08:08:42,bill_payment,4463.78,success,,55640.32,qr_code
428,416,2026-04-11 08:47:41,merchant_payment,7164.24,success,,58298.57,web
429,500,2026-04-11 09:04:40,top_up,1339.42,success,,90217.45,mobile_app
430,76,2026-04-11 09:06:16,top_up,348.72,success,,91534.31,web
431,487,2026-04-11 09:11:44,p2p_transfer,1048.44,success,,49642.84,web
432,50,2026-04-11 10:24:16,p2p_transfer,413.9,success,,97679.08,agent
433,20,2026-04-11 10:39:47,merchant_payment,1515.96,success,,85411.53,web
434,211,2026-04-11 10:40:17,merchant_payment,3384.32,success,,204139.39,agent
435,452,2026-04-11 11:02:44,p2p_transfer,1968.96,success,,8525.23,mobile_app
436,329,2026-04-11 11:43:27,merchant_payment,1586.86,success,,80583.91,web
437,69,2026-04-11 12:29:39,merchant_payment,745.24,success,,33990.35,web
438,489,2026-04-11 12:38:26,top_up,1736.59,success,,89700.95,agent
439,334,2026-04-11 12:41:23,top_up,2441.74,success,,7373.23,web
440,9,2026-04-11 12:42:13,top_up,3525.26,success,,51424.43,qr_code
441,186,2026-04-11 12:54:30,merchant_payment,1356.99,success,,166245.31,mobile_app
442,433,2026-04-11 13:01:35,withdrawal,412.78,success,,159168.42,web
443,122,2026-04-11 13:04:06,withdrawal,1206.84,success,,171387.2,qr_code
444,94,2026-04-11 13:25:56,merchant_payment,3133.44,success,,93109.24,mobile_app
445,139,2026-04-11 13:28:02,p2p_transfer,1161.6,success,,378.01,web
446,283,2026-04-11 13:45:56,merchant_payment,996.86,success,,114614.14,qr_code
447,97,2026-04-11 14:23:45,top_up,2490.35,success,,96580.08,mobile_app
448,450,2026-04-11 14:54:07,withdrawal,1805.23,success,,160378.7,qr_code
449,283,2026-04-11 15:10:24,merchant_payment,4474.14,success,,110140.0,agent
450,368,2026-04-11 16:30:56,withdrawal,2866.78,success,,201066.45,web
451,440,2026-04-11 16:37:50,p2p_transfer,1751.58,success,,276575.93,agent
452,78,2026-04-11 16:50:33,bill_payment,1378.37,success,,63037.35,mobile_app
453,313,2026-04-11 16:59:06,withdrawal,780.22,success,,71213.63,qr_code
454,399,2026-04-11 17:18:49,merchant_payment,989.66,success,,81874.46,agent
455,332,2026-04-11 17:48:22,merchant_payment,779.21,success,,30718.54,agent
456,259,2026-04-11 18:43:26,top_up,506.62,success,,60585.22,mobile_app
457,478,2026-04-11 18:51:28,withdrawal,2526.38,success,,256440.42,qr_code
458,27,2026-04-11 19:28:10,p2p_transfer,2267.4,success,,104866.17,mobile_app
459,189,2026-04-11 20:05:42,withdrawal,1491.61,success,,173299.97,qr_code
460,193,2026-04-11 21:16:22,top_up,517.06,success,,25239.53,web
461,110,2026-04-11 21:27:33,top_up,177.84,success,,18704.73,qr_code
462,109,2026-04-11 21:44:15,merchant_payment,403.39,success,,62129.54,agent
463,251,2026-04-11 21:48:01,top_up,284.93,success,,199802.17,mobile_app
464,383,2026-04-11 21:48:02,bill_payment,456.4,success,,10609.79,mobile_app
465,493,2026-04-11 22:00:43,top_up,2644.88,success,,197292.38,agent
466,49,2026-04-11 22:19:48,merchant_payment,6948.73,success,,122375.97,web
467,155,2026-04-11 22:21:45,merchant_payment,3110.85,success,,44028.39,qr_code
468,112,2026-04-11 22:28:25,top_up,2240.58,success,,85642.64,mobile_app
469,434,2026-04-11 23:58:49,withdrawal,1901.49,failed,card_declined,5650.52,mobile_app
470,333,2026-04-12 02:30:26,bill_payment,1774.29,success,,155855.63,qr_code
471,40,2026-04-12 05:42:29,withdrawal,4130.31,success,,262820.26,mobile_app
472,136,2026-04-12 07:05:55,p2p_transfer,303.39,success,,114540.34,agent
473,115,2026-04-12 07:51:29,merchant_payment,2599.36,success,,81883.04,web
474,240,2026-04-12 07:53:18,p2p_transfer,2664.1,success,,17688.91,agent
475,199,2026-04-12 07:55:56,bill_payment,1245.73,success,,86345.43,web
476,448,2026-04-12 08:28:30,bill_payment,1663.41,success,,88382.99,agent
477,439,2026-04-12 09:09:18,withdrawal,11726.02,success,,237311.14,agent
478,337,2026-04-12 09:19:30,top_up,11106.72,success,,81387.89,qr_code
479,493,2026-04-12 09:26:38,merchant_payment,3209.23,success,,194083.15,qr_code
480,357,2026-04-12 09:33:25,merchant_payment,193.71,success,,10496.43,qr_code
481,129,2026-04-12 09:43:09,top_up,7301.17,success,,25348.94,web
482,73,2026-04-12 09:48:30,merchant_payment,4716.6,success,,20590.53,web
483,482,2026-04-12 09:51:58,merchant_payment,1488.62,success,,54151.7,web
484,338,2026-04-12 10:53:48,top_up,4117.6,success,,140234.91,agent
485,73,2026-04-12 10:56:57,top_up,3811.1,success,,24401.63,mobile_app
486,486,2026-04-12 11:18:33,p2p_transfer,943.29,success,,47640.38,web
487,17,2026-04-12 11:49:50,withdrawal,774.91,success,,19749.1,mobile_app
488,201,2026-04-12 12:29:56,top_up,1571.63,success,,3695.32,qr_code
489,55,2026-04-12 12:43:25,merchant_payment,12359.68,success,,237099.99,web
490,278,2026-04-12 12:46:36,top_up,4913.66,success,,29539.01,web
491,440,2026-04-12 12:55:07,merchant_payment,1633.99,success,,274941.94,web
492,246,2026-04-12 13:11:08,p2p_transfer,2138.14,success,,9533.37,qr_code
493,141,2026-04-12 14:12:34,bill_payment,6283.01,success,,34555.18,web
494,272,2026-04-12 14:23:06,p2p_transfer,1407.64,success,,115051.79,agent
495,22,2026-04-12 14:25:17,p2p_transfer,548.06,success,,118660.1,web
496,189,2026-04-12 15:02:15,bill_payment,3456.77,success,,169843.2,qr_code
497,417,2026-04-12 15:21:37,top_up,8112.85,success,,30454.17,agent
498,172,2026-04-12 15:28:48,top_up,1007.94,success,,74977.9,mobile_app
499,313,2026-04-12 15:28:53,bill_payment,2246.16,success,,68967.47,web
500,414,2026-04-12 15:58:18,merchant_payment,6153.62,success,,4619.34,web
501,333,2026-04-12 16:22:00,withdrawal,739.82,success,,155115.81,web
502,492,2026-04-12 16:30:56,merchant_payment,1304.5,success,,129928.26,mobile_app
503,406,2026-04-12 16:44:20,merchant_payment,14938.02,success,,2849.38,mobile_app
504,453,2026-04-12 17:25:35,withdrawal,1262.85,success,,94887.41,agent
505,86,2026-04-12 17:30:20,merchant_payment,1463.23,success,,21722.57,qr_code
506,374,2026-04-12 17:51:33,p2p_transfer,5668.11,success,,58823.27,web
507,135,2026-04-12 17:57:16,merchant_payment,4227.22,success,,117627.91,web
508,240,2026-04-12 18:08:11,merchant_payment,1748.62,success,,15940.29,qr_code
509,291,2026-04-12 19:05:49,withdrawal,4124.96,success,,3761.8,qr_code
510,155,2026-04-12 19:21:58,top_up,3905.66,success,,47934.05,agent
511,400,2026-04-12 19:31:34,p2p_transfer,496.59,success,,77842.34,agent
512,86,2026-04-12 20:05:34,merchant_payment,423.62,success,,21298.95,web
513,478,2026-04-12 20:10:20,top_up,352.42,success,,256792.84,qr_code
514,428,2026-04-12 20:12:52,merchant_payment,7830.9,success,,17243.0,web
515,216,2026-04-12 20:29:52,withdrawal,821.71,success,,117939.27,qr_code
516,126,2026-04-12 20:33:20,p2p_transfer,2240.67,success,,15029.98,mobile_app
517,477,2026-04-12 20:37:27,bill_payment,3098.92,success,,75802.17,agent
518,57,2026-04-12 20:44:39,top_up,14646.16,success,,62984.72,mobile_app
519,21,2026-04-12 20:50:43,merchant_payment,90747.61,failed,insufficient_funds,11885.86,agent
520,307,2026-04-12 20:53:59,merchant_payment,786.62,failed,card_declined,19502.1,web
521,437,2026-04-12 22:01:42,p2p_transfer,3868.79,success,,105966.07,web
522,298,2026-04-12 22:04:24,merchant_payment,1547.94,success,,15921.89,web
523,269,2026-04-12 22:15:12,merchant_payment,1066.49,success,,42683.5,qr_code
524,291,2026-04-12 22:22:00,merchant_payment,1806.41,success,,1955.39,qr_code
525,478,2026-04-12 23:17:23,bill_payment,6992.39,success,,249800.45,mobile_app
526,237,2026-04-13 00:13:21,bill_payment,1963.52,success,,54659.69,web
527,369,2026-04-13 01:29:30,bill_payment,165.45,success,,40092.87,mobile_app
528,238,2026-04-13 02:38:50,merchant_payment,1957.31,success,,9168.71,agent
529,453,2026-04-13 03:18:08,p2p_transfer,22885.88,success,,72001.53,mobile_app
530,466,2026-04-13 03:32:15,merchant_payment,693.56,success,,210203.52,mobile_app
531,368,2026-04-13 04:25:13,p2p_transfer,2374.21,success,,198692.24,agent
532,185,2026-04-13 04:52:06,p2p_transfer,4322.02,success,,17353.57,agent
533,167,2026-04-13 05:17:36,top_up,4303.3,success,,34114.88,qr_code
534,180,2026-04-13 05:28:52,merchant_payment,607.76,success,,230639.67,agent
535,156,2026-04-13 05:45:52,top_up,740.72,success,,285754.37,qr_code
536,433,2026-04-13 08:07:00,p2p_transfer,1955.72,success,,157212.7,web
537,430,2026-04-13 08:20:37,bill_payment,2534.22,success,,7534.27,agent
538,87,2026-04-13 08:23:48,p2p_transfer,3094.42,success,,190618.97,qr_code
539,24,2026-04-13 08:30:00,merchant_payment,1370.96,success,,6624.04,web
540,329,2026-04-13 08:50:15,withdrawal,188.59,success,,80395.32,qr_code
541,394,2026-04-13 09:06:12,top_up,3099.78,success,,165565.95,web
542,155,2026-04-13 09:15:33,merchant_payment,180.22,success,,47753.83,agent
543,141,2026-04-13 09:34:08,p2p_transfer,2802.79,success,,31752.39,mobile_app
544,453,2026-04-13 09:39:27,bill_payment,1107.89,success,,70893.64,web
545,75,2026-04-13 09:42:23,p2p_transfer,1938.8,success,,18603.45,qr_code
546,450,2026-04-13 09:58:16,bill_payment,7304.77,success,,153073.93,mobile_app
547,270,2026-04-13 10:03:37,top_up,406.48,success,,44864.47,web
548,202,2026-04-13 10:14:28,top_up,3667.14,success,,42773.39,mobile_app
549,91,2026-04-13 11:41:06,p2p_transfer,1574.95,success,,90948.18,agent
550,135,2026-04-13 11:54:04,p2p_transfer,1314.12,success,,116313.79,qr_code
551,275,2026-04-13 12:14:48,p2p_transfer,4541.21,success,,203574.32,web
552,319,2026-04-13 12:24:31,merchant_payment,1022.86,success,,110377.88,agent
553,463,2026-04-13 12:25:07,withdrawal,1642.67,success,,34391.15,agent
554,428,2026-04-13 12:36:19,top_up,11398.66,success,,28641.66,mobile_app
555,43,2026-04-13 12:39:11,top_up,4228.58,success,,80026.8,mobile_app
556,69,2026-04-13 12:51:25,top_up,706.88,success,,34697.23,qr_code
557,406,2026-04-13 12:54:14,p2p_transfer,606.45,success,,2242.93,mobile_app
558,367,2026-04-13 14:18:45,p2p_transfer,3147.61,success,,14996.42,qr_code
559,118,2026-04-13 14:32:22,merchant_payment,910.96,success,,149208.3,agent
560,230,2026-04-13 15:06:34,top_up,5573.18,success,,26590.7,mobile_app
561,24,2026-04-13 15:07:56,top_up,1002.83,success,,7626.87,qr_code
562,492,2026-04-13 15:41:03,withdrawal,894.01,success,,129034.25,web
563,55,2026-04-13 15:43:48,top_up,4370.62,success,,241470.61,agent
564,333,2026-04-13 15:53:29,p2p_transfer,662.68,success,,154453.13,web
565,301,2026-04-13 16:58:42,bill_payment,153.88,success,,18972.74,web
566,228,2026-04-13 17:52:49,p2p_transfer,2579.51,success,,49116.92,mobile_app
567,422,2026-04-13 17:55:04,p2p_transfer,185.69,success,,40066.28,agent
568,10,2026-04-13 18:05:50,p2p_transfer,778.55,success,,48158.22,qr_code
569,445,2026-04-13 18:39:34,bill_payment,223.46,success,,119740.82,mobile_app
570,185,2026-04-13 18:57:55,p2p_transfer,1075.08,success,,16278.49,web
571,120,2026-04-13 19:26:14,merchant_payment,1352.31,success,,239688.18,qr_code
572,434,2026-04-13 19:55:09,top_up,1464.86,success,,7115.38,agent
573,326,2026-04-13 19:55:11,merchant_payment,1001.33,success,,149984.36,mobile_app
574,343,2026-04-13 20:01:49,top_up,7824.21,success,,27600.53,web
575,8,2026-04-13 20:24:00,merchant_payment,3209.19,failed,insufficient_funds,2118.4,agent
576,183,2026-04-13 20:39:08,merchant_payment,343.89,success,,26719.87,agent
577,479,2026-04-13 20:45:18,merchant_payment,1874.89,success,,256885.22,agent
578,176,2026-04-13 20:52:17,withdrawal,1035.3,success,,17618.44,web
579,434,2026-04-13 21:10:44,top_up,25321.73,success,,32437.11,mobile_app
580,130,2026-04-13 21:13:54,bill_payment,575.78,success,,99801.74,mobile_app
581,185,2026-04-13 21:24:07,merchant_payment,1335.49,success,,14943.0,qr_code
582,403,2026-04-13 22:21:57,p2p_transfer,14759.81,success,,24519.48,mobile_app
583,307,2026-04-13 22:46:50,top_up,2025.92,success,,21528.02,agent
584,310,2026-04-13 22:48:09,bill_payment,514.06,success,,56672.89,qr_code
585,28,2026-04-13 22:58:08,withdrawal,2932.42,success,,116267.81,mobile_app
586,321,2026-04-13 23:04:03,p2p_transfer,872.26,success,,19060.89,agent
587,445,2026-04-13 23:06:08,p2p_transfer,1129.57,success,,118611.25,web
588,35,2026-04-13 23:22:16,p2p_transfer,1797.71,success,,24876.3,agent
589,98,2026-04-13 23:34:14,p2p_transfer,1379.99,success,,27734.26,agent
590,52,2026-04-13 23:41:19,p2p_transfer,2151.81,success,,38892.61,agent
591,389,2026-04-14 01:08:35,withdrawal,411.76,success,,29505.8,web
592,168,2026-04-14 02:20:59,merchant_payment,387.59,success,,410.81,qr_code
593,378,2026-04-14 03:22:30,top_up,340.5,success,,17859.52,mobile_app
594,194,2026-04-14 04:39:05,merchant_payment,4103.63,success,,8067.1,mobile_app
595,305,2026-04-14 04:44:59,top_up,3529.33,failed,suspected_fraud,24425.1,mobile_app
596,494,2026-04-14 07:35:15,withdrawal,866.34,success,,29323.39,agent
597,278,2026-04-14 08:09:48,p2p_transfer,412.09,success,,29126.92,qr_code
598,61,2026-04-14 09:38:12,top_up,1157.23,success,,173176.54,qr_code
599,209,2026-04-14 10:19:15,p2p_transfer,366.24,success,,85819.93,qr_code
600,487,2026-04-14 10:39:15,merchant_payment,1761.25,success,,47881.59,agent
601,493,2026-04-14 11:00:24,p2p_transfer,2499.74,success,,191583.41,qr_code
602,276,2026-04-14 11:26:25,bill_payment,827.94,success,,75519.43,mobile_app
603,449,2026-04-14 11:48:52,merchant_payment,2237.41,success,,40916.91,web
604,433,2026-04-14 12:09:13,merchant_payment,6006.35,success,,151206.35,qr_code
605,57,2026-04-14 12:09:16,top_up,3443.1,success,,66427.82,qr_code
606,180,2026-04-14 12:28:30,merchant_payment,6412.77,success,,224226.9,mobile_app
607,203,2026-04-14 13:10:12,merchant_payment,546.84,success,,81976.21,web
608,23,2026-04-14 13:10:23,bill_payment,1421.52,success,,23499.55,qr_code
609,153,2026-04-14 13:12:08,bill_payment,6844.55,success,,43256.77,qr_code
610,5,2026-04-14 13:26:27,top_up,2525.25,success,,58522.13,web
611,159,2026-04-14 13:40:24,p2p_transfer,415.06,success,,227904.03,qr_code
612,122,2026-04-14 13:54:50,withdrawal,1957.64,success,,169429.56,agent
613,371,2026-04-14 14:02:50,merchant_payment,1157.54,success,,5346.17,qr_code
614,368,2026-04-14 14:07:35,p2p_transfer,3890.63,success,,194801.61,mobile_app
615,337,2026-04-14 15:05:26,p2p_transfer,2380.97,success,,79006.92,mobile_app
616,394,2026-04-14 15:41:51,p2p_transfer,859.1,success,,164706.85,web
617,125,2026-04-14 15:51:48,merchant_payment,345.1,success,,109095.14,web
618,245,2026-04-14 15:54:12,p2p_transfer,103.39,success,,285533.94,agent
619,96,2026-04-14 16:53:40,bill_payment,2631.64,success,,157168.28,mobile_app
620,75,2026-04-14 17:28:19,top_up,865.63,success,,19469.08,web
621,140,2026-04-14 17:49:15,withdrawal,566.02,success,,69918.99,web
622,117,2026-04-14 18:06:29,withdrawal,88371.73,failed,insufficient_funds,3385.21,agent
623,161,2026-04-14 18:24:57,top_up,1050.93,success,,102780.65,qr_code
624,395,2026-04-14 18:32:09,p2p_transfer,1380.83,success,,59566.05,agent
625,88,2026-04-14 18:54:50,merchant_payment,2201.97,success,,110462.01,agent
626,62,2026-04-14 19:02:41,top_up,858.37,success,,114572.55,web
627,355,2026-04-14 19:58:28,p2p_transfer,724.28,success,,55489.71,qr_code
628,44,2026-04-14 20:00:41,merchant_payment,2525.02,success,,54989.61,qr_code
629,258,2026-04-14 20:06:21,p2p_transfer,797.31,success,,54522.27,mobile_app
630,498,2026-04-14 20:11:45,merchant_payment,2105.32,success,,68246.27,web
631,55,2026-04-14 20:29:31,bill_payment,4591.73,success,,236878.88,web
632,487,2026-04-14 21:12:46,merchant_payment,1884.57,success,,45997.02,mobile_app
633,228,2026-04-14 21:17:26,merchant_payment,3702.24,success,,45414.68,mobile_app
634,273,2026-04-14 21:30:16,top_up,4225.62,success,,52464.52,web
635,434,2026-04-14 21:36:35,top_up,1701.97,failed,card_declined,32437.11,qr_code
636,371,2026-04-14 22:00:58,top_up,10603.25,success,,15949.42,mobile_app
637,58,2026-04-14 23:01:23,merchant_payment,1087.67,success,,69666.5,qr_code
638,227,2026-04-14 23:17:39,top_up,6977.09,success,,74521.21,agent
639,273,2026-04-14 23:25:26,withdrawal,751.41,success,,51713.11,web
640,479,2026-04-14 23:52:59,withdrawal,9527.17,success,,247358.05,qr_code
641,64,2026-04-14 23:59:15,bill_payment,2706.04,success,,16854.08,mobile_app
642,482,2026-04-15 01:19:35,withdrawal,1891.57,success,,52260.13,agent
643,24,2026-04-15 02:03:21,merchant_payment,342.47,success,,7284.4,agent
644,7,2026-04-15 02:14:56,bill_payment,3588.39,failed,insufficient_funds,1818.47,web
645,167,2026-04-15 02:59:43,top_up,3032.99,failed,suspected_fraud,34114.88,mobile_app
646,73,2026-04-15 03:35:32,p2p_transfer,3324.99,success,,21076.64,web
647,305,2026-04-15 04:32:49,p2p_transfer,2217.77,failed,invalid_recipient,24425.1,qr_code
648,299,2026-04-15 04:52:48,merchant_payment,2121.18,success,,3436.31,web
649,358,2026-04-15 07:01:06,merchant_payment,17243.85,success,,3284.81,web
650,389,2026-04-15 07:06:57,bill_payment,769.71,success,,28736.09,web
651,50,2026-04-15 07:45:24,top_up,2566.82,success,,100245.9,agent
652,319,2026-04-15 08:04:20,top_up,3186.38,success,,113564.26,web
653,336,2026-04-15 08:12:13,merchant_payment,4059.55,success,,279782.95,qr_code
654,310,2026-04-15 08:40:23,p2p_transfer,3399.06,success,,53273.83,qr_code
655,355,2026-04-15 09:18:15,top_up,4738.54,success,,60228.25,qr_code
656,188,2026-04-15 09:25:59,p2p_transfer,1852.66,success,,33260.28,web
657,411,2026-04-15 10:01:19,p2p_transfer,9299.2,success,,223013.39,agent
658,451,2026-04-15 10:07:08,merchant_payment,1444.58,success,,62546.75,agent
659,102,2026-04-15 10:37:45,p2p_transfer,23777.81,success,,124152.28,qr_code
660,478,2026-04-15 10:58:56,bill_payment,1340.34,success,,248460.11,qr_code
661,301,2026-04-15 11:11:00,p2p_transfer,5952.86,success,,13019.88,agent
662,187,2026-04-15 11:25:47,merchant_payment,2279.71,success,,58640.81,qr_code
663,358,2026-04-15 11:37:07,top_up,3121.95,success,,6406.76,mobile_app
664,387,2026-04-15 11:44:34,top_up,199.52,success,,154058.32,web
665,491,2026-04-15 12:14:31,merchant_payment,1140.72,success,,142561.58,agent
666,94,2026-04-15 14:04:31,p2p_transfer,289.93,success,,92819.31,agent
667,228,2026-04-15 14:05:18,top_up,2723.12,success,,48137.8,web
668,309,2026-04-15 14:12:01,merchant_payment,347.56,success,,60184.46,qr_code
669,404,2026-04-15 14:14:26,p2p_transfer,1112.59,success,,65695.52,agent
670,380,2026-04-15 14:49:31,merchant_payment,2355.69,success,,78593.93,agent
671,108,2026-04-15 15:29:23,merchant_payment,3498.09,success,,81207.27,web
672,478,2026-04-15 15:30:16,withdrawal,1753.14,success,,246706.97,mobile_app
673,472,2026-04-15 15:34:45,merchant_payment,1137.77,success,,82691.93,qr_code
674,62,2026-04-15 15:41:03,merchant_payment,1436.36,success,,113136.19,web
675,45,2026-04-15 16:07:40,top_up,2112.37,success,,6851.85,mobile_app
676,185,2026-04-15 16:49:30,merchant_payment,817.77,success,,14125.23,web
677,168,2026-04-15 16:50:04,top_up,4630.8,success,,5041.61,qr_code
678,161,2026-04-15 16:51:49,bill_payment,1967.26,success,,100813.39,mobile_app
679,251,2026-04-15 17:02:20,p2p_transfer,994.92,success,,198807.25,agent
680,30,2026-04-15 17:03:16,merchant_payment,910.77,success,,119880.78,agent
681,473,2026-04-15 17:19:52,bill_payment,3828.56,success,,12243.16,agent
682,263,2026-04-15 17:39:06,withdrawal,1629.32,success,,54890.22,mobile_app
683,150,2026-04-15 18:09:23,bill_payment,309.49,success,,69742.13,agent
684,199,2026-04-15 18:15:00,top_up,3189.36,success,,89534.79,mobile_app
685,123,2026-04-15 18:52:55,p2p_transfer,320.77,success,,14730.57,web
686,411,2026-04-15 19:19:59,top_up,636.5,success,,223649.89,mobile_app
687,319,2026-04-15 20:05:14,top_up,2939.65,success,,116503.91,web
688,412,2026-04-15 20:11:35,merchant_payment,1626.0,success,,175259.87,qr_code
689,87,2026-04-15 20:22:21,withdrawal,815.46,success,,189803.51,web
690,446,2026-04-15 20:26:45,p2p_transfer,585.78,success,,191224.75,web
691,8,2026-04-15 21:05:48,merchant_payment,465.17,success,,1653.23,agent
692,193,2026-04-15 21:38:58,merchant_payment,217.36,success,,25022.17,qr_code
693,355,2026-04-15 21:40:34,merchant_payment,2939.56,success,,57288.69,web
694,477,2026-04-16 01:02:20,merchant_payment,3252.03,success,,72550.14,agent
695,211,2026-04-16 02:44:00,top_up,1251.6,success,,205390.99,agent
696,294,2026-04-16 03:21:57,top_up,1464.29,success,,106151.72,qr_code
697,269,2026-04-16 03:51:43,bill_payment,675.18,success,,42008.32,agent
698,160,2026-04-16 04:05:40,bill_payment,1912.66,success,,10151.07,qr_code
699,201,2026-04-16 04:52:45,top_up,19442.29,success,,23137.61,web
700,88,2026-04-16 05:48:04,p2p_transfer,389.85,success,,110072.16,qr_code
701,478,2026-04-16 07:35:32,top_up,2954.94,success,,249661.91,qr_code
702,81,2026-04-16 08:08:22,merchant_payment,2418.57,failed,network_error,70648.73,qr_code
703,487,2026-04-16 08:21:30,withdrawal,1059.18,success,,44937.84,mobile_app
704,344,2026-04-16 09:00:09,p2p_transfer,1601.72,success,,98067.56,agent
705,115,2026-04-16 09:19:01,withdrawal,570.52,success,,81312.52,mobile_app
706,278,2026-04-16 09:53:36,p2p_transfer,1319.18,success,,27807.74,mobile_app
707,116,2026-04-16 09:59:04,bill_payment,744.96,failed,suspected_fraud,18181.76,qr_code
708,453,2026-04-16 10:06:59,bill_payment,2490.45,failed,network_error,70893.64,mobile_app
709,226,2026-04-16 10:24:35,withdrawal,596.42,success,,29342.42,qr_code
710,301,2026-04-16 10:32:07,merchant_payment,4565.54,success,,8454.34,web
711,11,2026-04-16 10:49:26,p2p_transfer,467.35,success,,101855.17,mobile_app
712,302,2026-04-16 11:17:38,merchant_payment,5265.83,success,,92460.04,web
713,475,2026-04-16 11:25:46,merchant_payment,2988.99,success,,27020.29,qr_code
714,123,2026-04-16 11:36:34,merchant_payment,1129.57,success,,13601.0,qr_code
715,120,2026-04-16 12:09:04,merchant_payment,1181.39,success,,238506.79,mobile_app
716,498,2026-04-16 12:14:53,merchant_payment,291.57,success,,67954.7,agent
717,329,2026-04-16 12:48:07,top_up,4970.83,success,,85366.15,web
718,352,2026-04-16 13:08:56,top_up,964.5,success,,46560.02,agent
719,167,2026-04-16 13:53:06,withdrawal,9438.89,success,,24675.99,mobile_app
720,368,2026-04-16 14:43:34,merchant_payment,372.43,success,,194429.18,mobile_app
721,59,2026-04-16 14:48:11,top_up,2611.22,success,,105281.43,web
722,17,2026-04-16 14:48:35,merchant_payment,600.98,success,,19148.12,mobile_app
723,251,2026-04-16 15:10:02,top_up,2420.14,success,,201227.39,agent
724,359,2026-04-16 15:37:17,p2p_transfer,525.45,success,,40715.49,mobile_app
725,141,2026-04-16 15:56:08,merchant_payment,1446.98,success,,30305.41,qr_code
726,21,2026-04-16 16:20:03,merchant_payment,2396.14,success,,9489.72,qr_code
727,290,2026-04-16 16:48:18,merchant_payment,345.43,success,,27890.06,mobile_app
728,140,2026-04-16 17:01:34,p2p_transfer,1508.21,success,,68410.78,agent
729,83,2026-04-16 17:06:26,top_up,2228.32,success,,14934.85,qr_code
730,440,2026-04-16 17:26:30,merchant_payment,13535.42,success,,261406.52,agent
731,30,2026-04-16 17:31:05,bill_payment,1894.81,success,,117985.97,agent
732,313,2026-04-16 17:55:31,bill_payment,576.85,success,,68390.62,mobile_app
733,73,2026-04-16 17:58:39,bill_payment,20400.68,success,,675.96,mobile_app
734,289,2026-04-16 19:09:21,merchant_payment,1657.99,failed,network_error,79297.21,agent
735,401,2026-04-16 19:30:08,merchant_payment,1299.72,success,,97600.32,web
736,168,2026-04-16 19:36:56,top_up,1685.44,success,,6727.05,mobile_app
737,454,2026-04-16 19:41:37,merchant_payment,961.63,success,,57607.42,agent
738,318,2026-04-16 19:53:29,top_up,1842.21,success,,70151.11,agent
739,41,2026-04-16 20:45:19,withdrawal,622.4,success,,97725.85,qr_code
740,434,2026-04-16 20:47:53,bill_payment,2983.98,success,,29453.13,qr_code
741,429,2026-04-16 20:50:52,merchant_payment,571.11,success,,43252.3,web
742,315,2026-04-16 21:01:23,merchant_payment,1689.82,success,,13601.53,qr_code
743,92,2026-04-16 21:06:59,merchant_payment,1003.92,success,,183507.85,qr_code
744,243,2026-04-16 21:13:54,withdrawal,1798.82,success,,82066.3,agent
745,293,2026-04-16 21:19:27,p2p_transfer,1176.23,success,,25305.19,web
746,474,2026-04-16 22:00:39,bill_payment,78.98,success,,29848.15,agent
747,493,2026-04-16 22:04:37,top_up,8485.22,success,,200068.63,qr_code
748,197,2026-04-16 23:04:56,merchant_payment,940.96,success,,50864.86,agent
749,334,2026-04-16 23:15:58,top_up,517.62,success,,7890.85,qr_code
750,168,2026-04-16 23:25:16,bill_payment,1050.05,success,,5677.0,web
751,390,2026-04-16 23:47:37,p2p_transfer,2440.48,failed,insufficient_funds,77.06,agent
752,64,2026-04-17 01:05:39,withdrawal,4428.69,success,,12425.39,agent
753,189,2026-04-17 01:08:04,merchant_payment,662.59,success,,169180.61,agent
754,252,2026-04-17 01:35:36,top_up,3303.44,success,,16206.62,agent
755,497,2026-04-17 01:43:18,merchant_payment,943.47,success,,85502.68,web
756,242,2026-04-17 01:45:51,merchant_payment,884.32,success,,3765.75,web
757,172,2026-04-17 03:18:46,p2p_transfer,2287.96,success,,72689.94,web
758,440,2026-04-17 04:32:16,merchant_payment,3229.21,success,,258177.31,web
759,281,2026-04-17 07:52:56,p2p_transfer,1294.6,success,,65415.39,web
760,314,2026-04-17 07:58:16,p2p_transfer,742.07,success,,79925.36,agent
761,175,2026-04-17 08:12:29,p2p_transfer,1326.02,success,,63406.06,web
762,159,2026-04-17 08:14:58,bill_payment,1093.19,success,,226810.84,agent
763,61,2026-04-17 08:51:54,p2p_transfer,2143.68,success,,171032.86,agent
764,394,2026-04-17 08:59:14,p2p_transfer,243.18,success,,164463.67,web
765,339,2026-04-17 09:53:45,p2p_transfer,952.45,success,,39809.69,mobile_app
766,301,2026-04-17 09:58:28,merchant_payment,541.04,success,,7913.3,agent
767,42,2026-04-17 10:11:21,withdrawal,2327.85,success,,24815.35,qr_code
768,465,2026-04-17 10:19:07,merchant_payment,472.87,success,,23825.9,mobile_app
769,8,2026-04-17 10:55:28,merchant_payment,4707.61,failed,insufficient_funds,1653.23,agent
770,412,2026-04-17 11:01:42,withdrawal,5230.84,success,,170029.03,qr_code
771,309,2026-04-17 11:02:45,p2p_transfer,2610.11,success,,57574.35,agent
772,29,2026-04-17 11:17:02,withdrawal,608.6,success,,84005.85,web
773,394,2026-04-17 11:29:06,merchant_payment,400.23,success,,164063.44,mobile_app
774,493,2026-04-17 11:34:28,merchant_payment,1495.6,success,,198573.03,mobile_app
775,453,2026-04-17 11:53:31,merchant_payment,223.32,success,,70670.32,mobile_app
776,129,2026-04-17 11:54:38,top_up,668.42,success,,26017.36,mobile_app
777,83,2026-04-17 12:00:10,top_up,8357.1,success,,23291.95,web
778,451,2026-04-17 12:13:27,top_up,915.79,success,,63462.54,qr_code
779,105,2026-04-17 12:29:41,top_up,823.76,success,,11498.24,mobile_app
780,331,2026-04-17 12:49:12,merchant_payment,986.53,success,,89724.93,agent
781,487,2026-04-17 13:14:50,merchant_payment,5727.69,success,,39210.15,mobile_app
782,150,2026-04-17 13:46:46,bill_payment,244.38,success,,69497.75,mobile_app
783,258,2026-04-17 13:47:40,withdrawal,1283.01,success,,53239.26,qr_code
784,20,2026-04-17 13:55:16,top_up,3616.29,success,,89027.82,mobile_app
785,282,2026-04-17 14:04:07,merchant_payment,159.55,success,,116775.25,mobile_app
786,180,2026-04-17 14:34:22,p2p_transfer,1236.81,success,,222990.09,qr_code
787,460,2026-04-17 16:05:06,top_up,566.88,success,,230789.47,agent
788,453,2026-04-17 16:21:03,merchant_payment,508.86,success,,70161.46,web
789,483,2026-04-17 16:26:55,merchant_payment,857.47,success,,14743.49,web
790,493,2026-04-17 16:33:27,p2p_transfer,4504.87,success,,194068.16,mobile_app
791,302,2026-04-17 17:11:29,p2p_transfer,716.34,success,,91743.7,agent
792,298,2026-04-17 17:36:52,p2p_transfer,2049.53,success,,13872.36,qr_code
793,103,2026-04-17 17:44:23,p2p_transfer,538.26,success,,23558.37,mobile_app
794,242,2026-04-17 18:15:19,p2p_transfer,1909.68,failed,suspected_fraud,3765.75,agent
795,135,2026-04-17 18:20:23,p2p_transfer,1911.34,success,,114402.45,agent
796,380,2026-04-17 18:27:43,merchant_payment,4199.98,success,,74393.95,mobile_app
797,41,2026-04-17 18:50:19,p2p_transfer,92.28,success,,97633.57,mobile_app
798,53,2026-04-17 19:13:13,merchant_payment,264.5,success,,10676.99,agent
799,310,2026-04-17 19:52:43,merchant_payment,1801.7,success,,51472.13,qr_code
800,41,2026-04-17 19:58:22,bill_payment,1966.24,success,,95667.33,qr_code
801,201,2026-04-17 20:25:05,bill_payment,12374.67,success,,10762.94,qr_code
802,368,2026-04-17 20:35:56,top_up,692.32,success,,195121.5,mobile_app
803,473,2026-04-17 20:58:09,withdrawal,1682.78,success,,10560.38,agent
804,168,2026-04-17 21:21:40,bill_payment,1796.13,failed,card_declined,5677.0,web
805,172,2026-04-17 21:30:00,bill_payment,1640.42,success,,71049.52,mobile_app
806,105,2026-04-17 21:33:09,top_up,2554.56,success,,14052.8,mobile_app
807,199,2026-04-17 21:38:34,bill_payment,4165.33,success,,85369.46,agent
808,69,2026-04-17 21:47:18,p2p_transfer,388.23,success,,34309.0,qr_code
809,150,2026-04-17 21:48:39,merchant_payment,583.83,success,,68913.92,agent
810,204,2026-04-17 22:05:04,top_up,7844.53,success,,89469.24,mobile_app
811,479,2026-04-17 22:11:10,bill_payment,632.27,success,,246725.78,web
812,281,2026-04-17 22:26:45,p2p_transfer,3546.85,success,,61868.54,mobile_app
813,58,2026-04-17 22:29:38,withdrawal,774.95,success,,68891.55,web
814,465,2026-04-17 23:08:42,p2p_transfer,658.47,success,,23167.43,qr_code
815,94,2026-04-17 23:34:56,bill_payment,742.73,success,,92076.58,mobile_app
816,300,2026-04-17 23:55:41,top_up,1422.72,success,,178940.96,web
817,197,2026-04-17 23:58:42,merchant_payment,3571.53,success,,47293.33,web
818,179,2026-04-18 00:32:57,p2p_transfer,505.85,success,,12036.67,agent
819,257,2026-04-18 01:00:08,withdrawal,6330.08,success,,10640.64,qr_code
820,291,2026-04-18 01:25:35,top_up,12817.49,success,,14772.88,qr_code
821,498,2026-04-18 01:33:12,top_up,2570.86,success,,70525.56,web
822,272,2026-04-18 01:43:16,bill_payment,251.25,success,,114800.54,web
823,429,2026-04-18 02:06:40,merchant_payment,411.08,success,,42841.22,web
824,286,2026-04-18 02:13:08,merchant_payment,5781.23,success,,12297.26,agent
825,495,2026-04-18 02:45:10,top_up,13118.37,success,,23066.87,web
826,329,2026-04-18 02:47:58,p2p_transfer,7975.59,success,,77390.56,qr_code
827,498,2026-04-18 02:51:56,p2p_transfer,4022.16,success,,66503.4,qr_code
828,31,2026-04-18 03:36:39,top_up,1769.54,success,,229757.91,qr_code
829,168,2026-04-18 05:46:58,merchant_payment,2127.43,success,,3549.57,mobile_app
830,51,2026-04-18 07:03:26,merchant_payment,170.41,success,,64388.66,mobile_app
831,252,2026-04-18 07:08:05,merchant_payment,1907.56,success,,14299.06,web
832,381,2026-04-18 07:18:52,merchant_payment,3677.87,success,,88418.34,mobile_app
833,20,2026-04-18 07:53:07,merchant_payment,2653.68,success,,86374.14,web
834,187,2026-04-18 07:53:31,p2p_transfer,2359.1,success,,56281.71,web
835,175,2026-04-18 07:57:09,bill_payment,4115.17,success,,59290.89,web
836,493,2026-04-18 08:06:27,withdrawal,509.85,success,,193558.31,agent
837,459,2026-04-18 08:46:18,p2p_transfer,270.81,success,,12893.18,web
838,126,2026-04-18 09:08:41,merchant_payment,1278.32,success,,13751.66,agent
839,411,2026-04-18 09:51:27,top_up,1382.74,success,,225032.63,web
840,115,2026-04-18 10:11:42,top_up,6190.14,success,,87502.66,qr_code
841,399,2026-04-18 10:16:10,top_up,2884.34,success,,84758.8,mobile_app
842,237,2026-04-18 10:33:20,p2p_transfer,2684.82,success,,51974.87,web
843,316,2026-04-18 10:54:07,bill_payment,1748.89,success,,83297.6,agent
844,81,2026-04-18 11:13:36,p2p_transfer,2109.37,success,,68539.36,mobile_app
845,64,2026-04-18 11:18:26,merchant_payment,1333.74,success,,11091.65,qr_code
846,155,2026-04-18 11:28:00,merchant_payment,2087.97,success,,45665.86,agent
847,300,2026-04-18 11:36:03,merchant_payment,3514.72,success,,175426.24,web
848,331,2026-04-18 11:36:37,p2p_transfer,839.31,success,,88885.62,web
849,497,2026-04-18 12:08:45,merchant_payment,806.77,success,,84695.91,web
850,492,2026-04-18 12:12:41,top_up,1587.28,success,,130621.53,qr_code
851,299,2026-04-18 14:36:00,merchant_payment,8613.68,failed,insufficient_funds,3436.31,mobile_app
852,315,2026-04-18 14:38:56,top_up,1102.18,success,,14703.71,web
853,440,2026-04-18 15:00:22,bill_payment,210.0,success,,257967.31,mobile_app
854,300,2026-04-18 15:00:53,merchant_payment,2391.74,success,,173034.5,mobile_app
855,396,2026-04-18 15:04:06,p2p_transfer,665.06,success,,37703.29,mobile_app
856,448,2026-04-18 15:12:31,bill_payment,2978.21,success,,85404.78,agent
857,45,2026-04-18 15:16:48,bill_payment,638.92,success,,6212.93,qr_code
858,309,2026-04-18 15:57:12,merchant_payment,1828.93,success,,55745.42,agent
859,432,2026-04-18 16:32:47,merchant_payment,4016.25,success,,11780.62,mobile_app
860,92,2026-04-18 16:43:12,bill_payment,1422.21,success,,182085.64,web
861,278,2026-04-18 16:49:29,p2p_transfer,548.21,success,,27259.53,mobile_app
862,412,2026-04-18 16:54:56,merchant_payment,4885.39,success,,165143.64,qr_code
863,41,2026-04-18 16:57:30,p2p_transfer,431.54,failed,suspected_fraud,95667.33,agent
864,460,2026-04-18 17:04:21,merchant_payment,1558.5,success,,229230.97,mobile_app
865,62,2026-04-18 17:08:19,p2p_transfer,955.3,success,,112180.89,agent
866,380,2026-04-18 17:13:04,merchant_payment,1049.4,success,,73344.55,qr_code
867,285,2026-04-18 17:28:50,bill_payment,869.92,success,,78291.08,agent
868,453,2026-04-18 17:33:13,merchant_payment,2221.1,success,,67940.36,mobile_app
869,187,2026-04-18 18:05:00,p2p_transfer,4529.54,success,,51752.17,mobile_app
870,453,2026-04-18 18:15:36,top_up,2010.45,success,,69950.81,agent
871,451,2026-04-18 18:16:02,p2p_transfer,1748.12,success,,61714.42,web
872,498,2026-04-18 19:16:47,top_up,2495.44,success,,68998.84,web
873,406,2026-04-18 19:32:45,merchant_payment,10861.56,failed,insufficient_funds,2242.93,agent
874,403,2026-04-18 19:36:39,bill_payment,361.49,failed,suspected_fraud,24519.48,agent
875,180,2026-04-18 20:06:16,bill_payment,15109.88,success,,207880.21,qr_code
876,367,2026-04-18 20:07:20,p2p_transfer,1651.2,success,,13345.22,agent
877,176,2026-04-18 20:08:10,p2p_transfer,989.91,success,,16628.53,web
878,434,2026-04-18 20:16:05,merchant_payment,1791.56,success,,27661.57,mobile_app
879,275,2026-04-18 20:16:44,bill_payment,1517.1,success,,202057.22,qr_code
880,319,2026-04-18 20:25:52,merchant_payment,639.07,success,,115864.84,mobile_app
881,298,2026-04-18 21:12:31,top_up,1074.48,success,,14946.84,web
882,189,2026-04-18 21:35:29,merchant_payment,4301.12,success,,164879.49,mobile_app
883,8,2026-04-18 21:49:11,merchant_payment,482.75,success,,1170.48,qr_code
884,355,2026-04-18 21:49:27,p2p_transfer,713.16,success,,56575.53,agent
885,262,2026-04-18 21:56:13,merchant_payment,4084.0,success,,4606.22,mobile_app
886,389,2026-04-18 23:35:46,withdrawal,1177.3,success,,27558.79,mobile_app
887,357,2026-04-19 00:04:31,withdrawal,1077.08,success,,9419.35,mobile_app
888,307,2026-04-19 01:07:30,merchant_payment,1330.74,success,,20197.28,mobile_app
889,105,2026-04-19 05:57:08,top_up,1271.22,success,,15324.02,mobile_app
890,131,2026-04-19 07:16:17,top_up,69.65,success,,46943.25,web
891,455,2026-04-19 07:17:03,p2p_transfer,380.79,success,,15174.48,web
892,143,2026-04-19 07:29:27,top_up,1789.17,success,,37941.14,mobile_app
893,417,2026-04-19 07:34:36,p2p_transfer,1959.41,success,,28494.76,web
894,35,2026-04-19 07:54:20,merchant_payment,1313.38,success,,23562.92,web
895,500,2026-04-19 07:57:45,p2p_transfer,3727.85,success,,86489.6,qr_code
896,331,2026-04-19 08:16:12,top_up,2556.3,success,,91441.92,mobile_app
897,262,2026-04-19 08:20:02,merchant_payment,3774.26,success,,831.96,agent
898,440,2026-04-19 09:09:55,merchant_payment,1580.86,success,,256386.45,agent
899,105,2026-04-19 09:57:41,p2p_transfer,2013.55,success,,13310.47,web
900,389,2026-04-19 10:46:35,merchant_payment,245.99,success,,27312.8,agent
901,440,2026-04-19 12:35:59,merchant_payment,2001.13,success,,254385.32,mobile_app
902,453,2026-04-19 12:56:26,top_up,2049.5,success,,72000.31,agent
903,92,2026-04-19 12:56:33,bill_payment,2461.24,success,,179624.4,qr_code
904,440,2026-04-19 13:12:53,merchant_payment,1249.58,success,,253135.74,agent
905,433,2026-04-19 13:18:14,withdrawal,1206.85,success,,149999.5,web
906,276,2026-04-19 13:21:37,merchant_payment,1302.77,success,,74216.66,mobile_app
907,34,2026-04-19 13:28:39,merchant_payment,1177.55,success,,31920.71,qr_code
908,291,2026-04-19 13:34:56,merchant_payment,528.15,success,,14244.73,mobile_app
909,154,2026-04-19 13:38:46,withdrawal,214.75,success,,96149.96,mobile_app
910,445,2026-04-19 14:14:40,bill_payment,1232.4,success,,117378.85,agent
911,355,2026-04-19 14:15:31,top_up,2772.38,success,,59347.91,mobile_app
912,199,2026-04-19 14:18:37,bill_payment,2023.42,failed,invalid_recipient,85369.46,web
913,81,2026-04-19 14:21:00,merchant_payment,850.91,success,,67688.45,mobile_app
914,437,2026-04-19 14:30:09,p2p_transfer,232.39,failed,limit_exceeded,105966.07,mobile_app
915,187,2026-04-19 14:51:16,p2p_transfer,1086.36,success,,50665.81,mobile_app
916,270,2026-04-19 15:09:42,bill_payment,1660.11,success,,43204.36,web
917,299,2026-04-19 15:20:39,top_up,11045.74,success,,14482.05,qr_code
918,11,2026-04-19 15:26:20,top_up,26672.99,success,,128528.16,web
919,384,2026-04-19 15:56:28,top_up,2038.03,success,,39874.42,web
920,147,2026-04-19 15:58:52,withdrawal,522.29,failed,invalid_recipient,17846.02,web
921,303,2026-04-19 16:03:36,merchant_payment,1650.86,success,,111714.84,agent
922,317,2026-04-19 16:23:46,top_up,1031.23,success,,108367.7,mobile_app
923,47,2026-04-19 17:04:08,p2p_transfer,2386.11,success,,25187.73,mobile_app
924,284,2026-04-19 17:15:07,bill_payment,1913.95,success,,111520.22,mobile_app
925,222,2026-04-19 17:25:51,p2p_transfer,3376.97,success,,59212.34,qr_code
926,271,2026-04-19 17:27:42,top_up,5669.31,success,,60730.34,qr_code
927,51,2026-04-19 17:40:28,bill_payment,259.84,success,,64128.82,mobile_app
928,375,2026-04-19 18:04:52,p2p_transfer,388.8,success,,58844.34,qr_code
929,20,2026-04-19 18:15:01,top_up,2602.53,success,,88976.67,agent
930,21,2026-04-19 18:43:42,p2p_transfer,2525.86,success,,6963.86,qr_code
931,430,2026-04-19 19:18:15,top_up,4596.27,success,,12130.54,agent
932,316,2026-04-19 19:42:30,bill_payment,239.86,success,,83057.74,mobile_app
933,208,2026-04-19 21:00:55,withdrawal,2265.95,success,,130177.31,qr_code
934,344,2026-04-19 21:06:59,p2p_transfer,615.94,success,,97451.62,web
935,257,2026-04-19 21:35:13,p2p_transfer,1877.75,success,,8762.89,qr_code
936,492,2026-04-19 22:22:16,p2p_transfer,10140.19,success,,120481.34,web
937,343,2026-04-19 23:14:53,top_up,9925.98,success,,37526.51,agent
938,301,2026-04-20 01:16:27,p2p_transfer,4357.18,success,,3556.12,qr_code
939,262,2026-04-20 01:30:42,withdrawal,1645.25,failed,insufficient_funds,831.96,web
940,262,2026-04-20 01:32:04,bill_payment,2933.67,failed,insufficient_funds,831.96,agent
941,343,2026-04-20 02:33:13,p2p_transfer,179.18,success,,37347.33,agent
942,167,2026-04-20 02:40:15,bill_payment,10657.53,success,,14018.46,qr_code
943,329,2026-04-20 03:06:53,merchant_payment,707.13,success,,76683.43,web
944,291,2026-04-20 03:27:21,withdrawal,12397.96,failed,network_error,14244.73,qr_code
945,325,2026-04-20 05:43:21,merchant_payment,1538.15,success,,1495.62,web
946,7,2026-04-20 05:54:24,merchant_payment,3759.49,failed,insufficient_funds,1818.47,qr_code
947,180,2026-04-20 07:19:28,merchant_payment,455.58,success,,207424.63,qr_code
948,13,2026-04-20 07:30:23,merchant_payment,2611.33,success,,84699.35,agent
949,208,2026-04-20 09:00:31,top_up,2770.75,success,,132948.06,agent
950,20,2026-04-20 09:40:58,p2p_transfer,432.73,success,,88543.94,qr_code
951,199,2026-04-20 10:27:15,p2p_transfer,3940.83,success,,81428.63,agent
952,154,2026-04-20 10:36:01,top_up,7677.57,success,,103827.53,agent
953,120,2026-04-20 10:36:11,bill_payment,285.16,success,,238221.63,mobile_app
954,453,2026-04-20 11:34:14,top_up,1891.31,success,,73891.62,web
955,338,2026-04-20 11:55:41,merchant_payment,722.82,success,,139512.09,mobile_app
956,141,2026-04-20 12:22:55,top_up,7090.51,success,,37395.92,qr_code
957,427,2026-04-20 12:24:13,p2p_transfer,1600.1,success,,88943.84,qr_code
958,443,2026-04-20 12:29:06,bill_payment,980.88,success,,209808.22,web
959,174,2026-04-20 12:52:22,p2p_transfer,518.92,success,,26876.09,mobile_app
960,1,2026-04-20 12:55:19,top_up,1149.14,success,,7267.59,agent
961,26,2026-04-20 13:06:41,top_up,1576.22,success,,117125.51,qr_code
962,451,2026-04-20 14:11:58,merchant_payment,1105.8,success,,60608.62,mobile_app
963,371,2026-04-20 15:32:33,p2p_transfer,1369.11,success,,14580.31,agent
964,479,2026-04-20 15:56:02,merchant_payment,613.12,success,,246112.66,web
965,484,2026-04-20 15:56:03,top_up,3583.68,success,,63160.36,agent
966,495,2026-04-20 15:56:04,merchant_payment,1491.46,success,,21575.41,agent
967,433,2026-04-20 16:03:28,p2p_transfer,3539.13,success,,146460.37,agent
968,411,2026-04-20 16:20:43,merchant_payment,4825.09,success,,220207.54,mobile_app
969,409,2026-04-20 16:22:26,top_up,1696.64,success,,33544.53,agent
970,50,2026-04-20 16:57:37,merchant_payment,1675.34,success,,98570.56,qr_code
971,127,2026-04-20 16:58:32,top_up,2995.52,success,,57221.25,qr_code
972,500,2026-04-20 17:35:07,p2p_transfer,623.99,success,,85865.61,web
973,378,2026-04-20 18:33:14,merchant_payment,1221.6,success,,16637.92,web
974,278,2026-04-20 19:27:10,merchant_payment,402.66,success,,26856.87,agent
975,453,2026-04-20 20:26:03,merchant_payment,1359.64,success,,72531.98,qr_code
976,430,2026-04-20 21:15:43,bill_payment,303.39,success,,11827.15,mobile_app
977,94,2026-04-20 21:26:07,bill_payment,2079.55,success,,89997.03,agent
978,355,2026-04-20 21:37:39,top_up,1725.9,success,,61073.81,agent
979,453,2026-04-20 22:30:52,merchant_payment,295.45,success,,72236.53,web
980,280,2026-04-20 22:39:48,top_up,3025.34,success,,12302.12,mobile_app
981,280,2026-04-20 23:01:14,merchant_payment,656.98,success,,11645.14,web
982,61,2026-04-20 23:43:29,withdrawal,1295.6,failed,limit_exceeded,171032.86,agent
983,482,2026-04-20 23:47:02,merchant_payment,265.95,success,,51994.18,mobile_app
984,406,2026-04-21 00:50:07,merchant_payment,3807.63,failed,insufficient_funds,2242.93,mobile_app
985,42,2026-04-21 01:30:34,merchant_payment,4953.17,success,,19862.18,mobile_app
986,201,2026-04-21 01:57:27,merchant_payment,6324.54,success,,4438.4,agent
987,487,2026-04-21 02:01:26,top_up,2610.96,success,,41821.11,mobile_app
988,198,2026-04-21 04:11:51,p2p_transfer,949.89,success,,23113.93,agent
989,55,2026-04-21 04:40:50,merchant_payment,74.97,failed,card_declined,236878.88,qr_code
990,201,2026-04-21 04:49:33,merchant_payment,8747.11,failed,insufficient_funds,4438.4,agent
991,201,2026-04-21 04:54:40,merchant_payment,855.02,success,,3583.38,qr_code
992,31,2026-04-21 05:08:32,p2p_transfer,734.01,success,,229023.9,qr_code
993,168,2026-04-21 05:13:09,merchant_payment,2015.96,success,,1533.61,mobile_app
994,7,2026-04-21 05:39:36,top_up,6314.53,failed,suspected_fraud,1818.47,mobile_app
995,326,2026-04-21 07:13:13,top_up,2387.95,success,,152372.31,web
996,315,2026-04-21 09:00:54,bill_payment,226.88,success,,14476.83,agent
997,43,2026-04-21 09:16:05,merchant_payment,143.43,success,,79883.37,agent
998,477,2026-04-21 10:08:00,bill_payment,1111.27,success,,71438.87,mobile_app
999,86,2026-04-21 10:52:31,merchant_payment,3514.82,success,,17784.13,qr_code
1000,460,2026-04-21 10:58:55,p2p_transfer,1527.17,success,,227703.8,agent
1001,493,2026-04-21 11:05:11,withdrawal,2436.31,success,,191122.0,qr_code
1002,358,2026-04-21 12:53:06,top_up,2567.57,success,,8974.33,qr_code
1003,23,2026-04-21 13:00:20,withdrawal,794.06,success,,22705.49,mobile_app
1004,351,2026-04-21 13:11:26,merchant_payment,1041.62,success,,181164.23,mobile_app
1005,434,2026-04-21 13:21:59,withdrawal,1412.46,success,,26249.11,web
1006,156,2026-04-21 13:26:30,top_up,544.37,success,,286298.74,agent
1007,450,2026-04-21 13:46:19,top_up,10783.86,success,,163857.79,mobile_app
1008,184,2026-04-21 14:03:09,withdrawal,433.97,success,,46218.79,agent
1009,56,2026-04-21 14:12:25,merchant_payment,1461.92,success,,18500.81,web
1010,433,2026-04-21 14:20:21,bill_payment,4966.91,success,,141493.46,web
1011,85,2026-04-21 14:22:29,bill_payment,312.68,success,,117344.04,agent
1012,155,2026-04-21 14:26:52,merchant_payment,1871.94,success,,43793.92,qr_code
1013,356,2026-04-21 14:28:34,merchant_payment,1310.54,success,,14040.12,mobile_app
1014,326,2026-04-21 14:28:54,top_up,7954.42,success,,160326.73,mobile_app
1015,275,2026-04-21 14:56:48,p2p_transfer,2170.59,success,,199886.63,agent
1016,494,2026-04-21 15:00:41,p2p_transfer,3093.48,success,,26229.91,mobile_app
1017,478,2026-04-21 15:02:30,top_up,1115.79,success,,250777.7,mobile_app
1018,69,2026-04-21 16:27:49,top_up,1853.02,success,,36162.02,web
1019,271,2026-04-21 17:08:28,merchant_payment,937.01,success,,59793.33,agent
1020,164,2026-04-21 17:26:03,merchant_payment,8200.38,success,,72127.75,web
1021,33,2026-04-21 17:44:26,top_up,1023.58,success,,103758.24,agent
1022,403,2026-04-21 17:50:54,top_up,2022.93,success,,26542.41,web
1023,93,2026-04-21 17:52:46,top_up,427.46,failed,card_declined,15233.71,web
1024,333,2026-04-21 18:14:37,top_up,3505.9,success,,157959.03,agent
1025,86,2026-04-21 18:31:32,merchant_payment,2565.66,success,,15218.47,mobile_app
1026,329,2026-04-21 18:42:31,top_up,1709.79,success,,78393.22,agent
1027,313,2026-04-21 19:43:30,merchant_payment,885.1,success,,67505.52,qr_code
1028,96,2026-04-21 19:55:19,p2p_transfer,401.65,success,,156766.63,web
1029,366,2026-04-21 19:59:23,top_up,740.9,success,,92775.29,web
1030,22,2026-04-21 20:09:20,merchant_payment,1062.96,success,,117597.14,qr_code
1031,380,2026-04-21 20:15:03,p2p_transfer,10008.48,success,,63336.07,agent
1032,329,2026-04-21 20:56:51,top_up,5863.74,success,,84256.96,qr_code
1033,422,2026-04-21 21:01:10,merchant_payment,385.03,success,,39681.25,web
1034,480,2026-04-21 21:18:59,p2p_transfer,319.43,success,,81998.18,qr_code
1035,201,2026-04-21 21:26:54,top_up,518.85,success,,4102.23,qr_code
1036,154,2026-04-21 22:50:09,p2p_transfer,3126.73,success,,100700.8,agent
1037,10,2026-04-21 23:31:08,p2p_transfer,3936.41,failed,network_error,48158.22,qr_code
1038,318,2026-04-21 23:32:39,merchant_payment,2391.15,success,,67759.96,agent
1039,380,2026-04-21 23:47:17,top_up,1124.64,success,,64460.71,web
1040,493,2026-04-22 01:58:44,top_up,3696.06,success,,194818.06,mobile_app
1041,446,2026-04-22 02:07:00,p2p_transfer,3392.42,success,,187832.33,web
1042,428,2026-04-22 03:43:49,top_up,25946.91,success,,54588.57,agent
1043,334,2026-04-22 05:08:13,withdrawal,3930.24,success,,3960.61,agent
1044,246,2026-04-22 05:21:36,p2p_transfer,6272.82,success,,3260.55,mobile_app
1045,185,2026-04-22 05:54:48,merchant_payment,8094.55,failed,suspected_fraud,14125.23,mobile_app
1046,346,2026-04-22 07:01:20,p2p_transfer,3336.16,success,,435.01,qr_code
1047,301,2026-04-22 07:27:07,p2p_transfer,21646.55,failed,insufficient_funds,3556.12,qr_code
1048,453,2026-04-22 07:45:48,top_up,2400.02,success,,74636.55,agent
1049,98,2026-04-22 08:07:36,merchant_payment,741.63,success,,26992.63,qr_code
1050,331,2026-04-22 08:24:29,top_up,28486.42,success,,119928.34,qr_code
1051,406,2026-04-22 08:49:41,withdrawal,2537.98,failed,insufficient_funds,2242.93,mobile_app
1052,254,2026-04-22 08:53:20,top_up,650.35,success,,73353.54,qr_code
1053,444,2026-04-22 09:20:57,p2p_transfer,467.52,success,,28260.34,agent
1054,246,2026-04-22 10:14:34,merchant_payment,1843.72,failed,suspected_fraud,3260.55,agent
1055,329,2026-04-22 10:33:56,top_up,6022.46,success,,90279.42,web
1056,415,2026-04-22 11:08:10,merchant_payment,333.35,success,,78366.21,agent
1057,405,2026-04-22 11:20:00,merchant_payment,548.25,success,,31865.86,agent
1058,486,2026-04-22 11:37:01,merchant_payment,495.34,success,,47145.04,qr_code
1059,62,2026-04-22 11:45:37,top_up,2614.27,success,,114795.16,web
1060,291,2026-04-22 11:46:37,top_up,1295.07,success,,15539.8,agent
1061,135,2026-04-22 11:57:36,merchant_payment,1531.6,success,,112870.85,agent
1062,383,2026-04-22 12:07:41,p2p_transfer,4205.48,success,,6404.31,qr_code
1063,45,2026-04-22 12:19:47,merchant_payment,27598.38,failed,insufficient_funds,6212.93,qr_code
1064,453,2026-04-22 12:23:59,top_up,2102.11,success,,76738.66,qr_code
1065,333,2026-04-22 12:26:29,withdrawal,1709.46,success,,156249.57,agent
1066,172,2026-04-22 12:33:40,p2p_transfer,276.6,success,,70772.92,mobile_app
1067,141,2026-04-22 12:51:34,merchant_payment,521.96,success,,36873.96,mobile_app
1068,173,2026-04-22 12:58:45,merchant_payment,1284.77,success,,93239.89,web
1069,167,2026-04-22 13:57:29,bill_payment,644.82,success,,13373.64,qr_code
1070,206,2026-04-22 14:01:08,merchant_payment,412.7,success,,89635.82,agent
1071,245,2026-04-22 14:11:49,merchant_payment,1519.9,success,,284014.04,mobile_app
1072,167,2026-04-22 14:20:01,p2p_transfer,2443.57,success,,10930.07,mobile_app
1073,283,2026-04-22 14:22:57,bill_payment,936.85,success,,109203.15,agent
1074,478,2026-04-22 14:24:59,merchant_payment,2873.89,success,,247903.81,mobile_app
1075,77,2026-04-22 14:26:15,top_up,574.4,success,,91320.5,qr_code
1076,317,2026-04-22 14:37:19,merchant_payment,1106.14,success,,107261.56,mobile_app
1077,272,2026-04-22 14:39:59,merchant_payment,1928.39,success,,112872.15,qr_code
1078,380,2026-04-22 14:44:10,top_up,2091.28,success,,66551.99,mobile_app
1079,245,2026-04-22 14:50:15,withdrawal,3951.61,success,,280062.43,web
1080,356,2026-04-22 14:50:17,merchant_payment,1273.81,success,,12766.31,mobile_app
1081,1,2026-04-22 15:02:50,withdrawal,2728.34,success,,4539.25,qr_code
1082,318,2026-04-22 15:59:50,withdrawal,2803.9,success,,64956.06,qr_code
1083,301,2026-04-22 16:22:38,merchant_payment,315.07,success,,3241.05,qr_code
1084,112,2026-04-22 16:48:39,withdrawal,5307.69,failed,card_declined,85642.64,web
1085,411,2026-04-22 16:57:06,top_up,1023.76,success,,221231.3,agent
1086,222,2026-04-22 17:06:04,p2p_transfer,2060.98,success,,57151.36,qr_code
1087,334,2026-04-22 17:32:10,p2p_transfer,6452.5,failed,insufficient_funds,3960.61,agent
1088,319,2026-04-22 18:08:00,withdrawal,283.15,success,,115581.69,mobile_app
1089,51,2026-04-22 18:12:47,top_up,3475.09,success,,67603.91,qr_code
1090,198,2026-04-22 18:13:31,top_up,3898.9,success,,27012.83,qr_code
1091,397,2026-04-22 18:47:50,p2p_transfer,3278.95,success,,10876.81,mobile_app
1092,332,2026-04-22 19:24:38,merchant_payment,590.69,success,,30127.85,agent
1093,94,2026-04-22 19:44:15,top_up,2389.58,success,,92386.61,web
1094,370,2026-04-22 20:21:29,p2p_transfer,11894.15,success,,5746.0,qr_code
1095,485,2026-04-22 20:21:33,withdrawal,474.96,failed,card_declined,81582.67,agent
1096,121,2026-04-22 20:24:55,merchant_payment,443.14,success,,17372.9,qr_code
1097,4,2026-04-22 20:24:58,withdrawal,3365.14,success,,49724.04,qr_code
1098,484,2026-04-22 20:25:21,merchant_payment,2795.05,success,,60365.31,qr_code
1099,307,2026-04-22 20:32:48,merchant_payment,169.07,success,,20028.21,mobile_app
1100,478,2026-04-22 20:47:37,merchant_payment,233.15,success,,247670.66,web
1101,147,2026-04-22 20:56:53,merchant_payment,985.18,failed,card_declined,17846.02,web
1102,282,2026-04-22 21:07:14,merchant_payment,4168.73,success,,112606.52,mobile_app
1103,152,2026-04-22 21:09:55,merchant_payment,517.77,success,,25709.08,agent
1104,185,2026-04-22 21:10:01,p2p_transfer,5665.98,success,,8459.25,mobile_app
1105,289,2026-04-22 21:47:35,top_up,277.18,success,,79574.39,web
1106,453,2026-04-22 22:05:01,p2p_transfer,4752.75,failed,network_error,76738.66,qr_code
1107,448,2026-04-22 22:45:08,p2p_transfer,196.67,success,,85208.11,agent
1108,80,2026-04-22 22:50:51,top_up,8339.18,success,,17910.33,web
1109,30,2026-04-22 22:55:55,merchant_payment,386.66,success,,117599.31,qr_code
1110,433,2026-04-22 22:57:04,merchant_payment,2139.21,success,,139354.25,agent
1111,269,2026-04-22 23:32:26,merchant_payment,195.64,success,,41812.68,web
1112,168,2026-04-23 00:45:05,merchant_payment,16090.02,failed,insufficient_funds,1533.61,qr_code
1113,201,2026-04-23 01:27:42,top_up,955.44,success,,5057.67,mobile_app
1114,291,2026-04-23 02:51:04,top_up,43118.9,failed,limit_exceeded,15539.8,agent
1115,168,2026-04-23 03:45:41,p2p_transfer,4424.25,failed,insufficient_funds,1533.61,qr_code
1116,33,2026-04-23 04:35:29,bill_payment,665.37,success,,103092.87,qr_code
1117,493,2026-04-23 04:41:52,bill_payment,17284.66,success,,177533.4,qr_code
1118,94,2026-04-23 04:42:37,merchant_payment,505.19,success,,91881.42,agent
1119,428,2026-04-23 05:06:30,top_up,10615.98,success,,65204.55,mobile_app
1120,333,2026-04-23 07:34:28,merchant_payment,5481.62,success,,150767.95,web
1121,315,2026-04-23 07:40:25,withdrawal,315.65,success,,14161.18,mobile_app
1122,315,2026-04-23 08:14:39,top_up,1194.77,success,,15355.95,qr_code
1123,355,2026-04-23 08:35:46,merchant_payment,3482.98,success,,57590.83,mobile_app
1124,17,2026-04-23 09:09:03,merchant_payment,1381.75,success,,17766.37,agent
1125,492,2026-04-23 09:31:52,top_up,2169.84,success,,122651.18,qr_code
1126,408,2026-04-23 09:44:54,merchant_payment,7372.74,success,,10473.79,qr_code
1127,475,2026-04-23 09:59:50,merchant_payment,1191.24,success,,25829.05,qr_code
1128,381,2026-04-23 10:32:06,p2p_transfer,983.14,success,,87435.2,agent
1129,371,2026-04-23 10:56:26,merchant_payment,47.14,success,,14533.17,agent
1130,466,2026-04-23 11:08:26,bill_payment,684.9,success,,209518.62,web
1131,492,2026-04-23 11:08:52,top_up,12728.43,success,,135379.61,agent
1132,411,2026-04-23 11:34:14,merchant_payment,847.53,success,,220383.77,mobile_app
1133,175,2026-04-23 11:55:51,bill_payment,429.51,success,,58861.38,qr_code
1134,325,2026-04-23 12:02:07,top_up,1303.5,success,,2799.12,web
1135,318,2026-04-23 12:25:27,top_up,3225.73,success,,68181.79,mobile_app
1136,187,2026-04-23 13:11:42,merchant_payment,1477.89,success,,49187.92,qr_code
1137,406,2026-04-23 13:36:48,merchant_payment,3103.84,failed,insufficient_funds,2242.93,qr_code
1138,396,2026-04-23 13:44:18,p2p_transfer,6154.78,success,,31548.51,agent
1139,464,2026-04-23 14:01:07,top_up,606.05,success,,60763.91,web
1140,252,2026-04-23 14:23:08,withdrawal,7208.03,success,,7091.03,qr_code
1141,124,2026-04-23 14:40:55,bill_payment,795.74,success,,60428.71,web
1142,267,2026-04-23 14:54:05,withdrawal,572.44,success,,74359.16,mobile_app
1143,464,2026-04-23 15:27:01,top_up,1841.6,success,,62605.51,agent
1144,49,2026-04-23 15:42:50,top_up,11299.58,success,,133675.55,mobile_app
1145,404,2026-04-23 16:31:44,merchant_payment,229.25,success,,65466.27,agent
1146,299,2026-04-23 17:07:22,top_up,16298.8,success,,30780.85,qr_code
1147,43,2026-04-23 17:09:10,merchant_payment,12276.06,success,,67607.31,agent
1148,147,2026-04-23 17:40:11,p2p_transfer,975.01,success,,16871.01,qr_code
1149,109,2026-04-23 17:41:47,merchant_payment,10387.83,success,,51741.71,qr_code
1150,66,2026-04-23 18:00:14,bill_payment,931.92,success,,16249.07,mobile_app
1151,112,2026-04-23 18:13:40,p2p_transfer,951.61,success,,84691.03,agent
1152,344,2026-04-23 18:30:57,merchant_payment,1252.65,failed,network_error,97451.62,mobile_app
1153,450,2026-04-23 18:45:05,merchant_payment,2397.11,success,,161460.68,qr_code
1154,50,2026-04-23 19:04:56,bill_payment,1313.88,success,,97256.68,agent
1155,312,2026-04-23 19:29:08,bill_payment,1586.95,success,,107590.13,qr_code
1156,368,2026-04-23 20:01:01,merchant_payment,2145.99,success,,192975.51,web
1157,491,2026-04-23 21:47:28,p2p_transfer,2648.46,success,,139913.12,qr_code
1158,74,2026-04-23 22:02:47,top_up,14233.09,success,,55819.97,qr_code
1159,94,2026-04-23 22:10:02,top_up,4067.02,success,,95948.44,agent
1160,339,2026-04-23 22:44:53,merchant_payment,683.58,success,,39126.11,agent
1161,34,2026-04-23 23:15:11,merchant_payment,737.62,success,,31183.09,qr_code
1162,438,2026-04-23 23:29:28,merchant_payment,893.29,success,,105700.97,web
1163,369,2026-04-23 23:56:32,p2p_transfer,425.98,success,,39666.89,mobile_app
1164,257,2026-04-24 00:03:30,top_up,1869.82,success,,10632.71,qr_code
1165,491,2026-04-24 01:10:35,merchant_payment,1194.13,success,,138718.99,agent
1166,485,2026-04-24 01:54:26,p2p_transfer,790.1,success,,80792.57,mobile_app
1167,357,2026-04-24 01:59:10,bill_payment,7291.57,success,,2127.78,agent
1168,299,2026-04-24 02:27:19,top_up,5010.93,success,,35791.78,agent
1169,434,2026-04-24 02:33:13,withdrawal,5879.22,success,,20369.89,web
1170,24,2026-04-24 03:21:51,top_up,4182.54,failed,limit_exceeded,7284.4,web
1171,168,2026-04-24 03:56:29,top_up,40110.05,success,,41643.66,agent
1172,438,2026-04-24 05:50:51,bill_payment,1799.15,success,,103901.82,web
1173,443,2026-04-24 05:52:56,merchant_payment,2274.65,success,,207533.57,web
1174,316,2026-04-24 07:07:42,bill_payment,4103.14,failed,card_declined,83057.74,qr_code
1175,150,2026-04-24 07:11:49,merchant_payment,413.26,success,,68500.66,mobile_app
1176,246,2026-04-24 08:19:19,merchant_payment,9689.76,failed,insufficient_funds,3260.55,agent
1177,331,2026-04-24 08:25:45,merchant_payment,612.81,success,,119315.53,agent
1178,477,2026-04-24 09:05:16,p2p_transfer,753.88,success,,70684.99,qr_code
1179,460,2026-04-24 09:56:29,merchant_payment,1456.86,success,,226246.94,agent
1180,213,2026-04-24 09:57:49,p2p_transfer,2020.63,success,,21288.66,web
1181,211,2026-04-24 10:15:49,p2p_transfer,138.38,success,,205252.61,web
1182,207,2026-04-24 10:40:27,top_up,893.81,success,,73410.27,qr_code
1183,381,2026-04-24 11:14:24,bill_payment,1121.95,success,,86313.25,web
1184,383,2026-04-24 11:30:11,top_up,763.84,success,,7168.15,agent
1185,5,2026-04-24 11:31:03,merchant_payment,862.85,success,,57659.28,qr_code
1186,13,2026-04-24 12:13:15,bill_payment,2713.2,success,,81986.15,qr_code
1187,179,2026-04-24 12:35:16,bill_payment,1197.86,success,,10838.81,mobile_app
1188,36,2026-04-24 13:01:51,merchant_payment,614.53,success,,14656.22,agent
1189,298,2026-04-24 13:25:12,bill_payment,12338.98,success,,2607.86,mobile_app
1190,337,2026-04-24 13:49:46,merchant_payment,1368.98,success,,77637.94,agent
1191,163,2026-04-24 14:06:13,merchant_payment,925.44,success,,84412.76,web
1192,168,2026-04-24 14:38:05,withdrawal,1179.93,success,,40463.73,qr_code
1193,176,2026-04-24 15:04:49,merchant_payment,759.69,success,,15868.84,agent
1194,126,2026-04-24 15:51:14,p2p_transfer,256.53,success,,13495.13,qr_code
1195,259,2026-04-24 16:01:24,p2p_transfer,371.03,success,,60214.19,agent
1196,258,2026-04-24 16:12:06,bill_payment,790.46,success,,52448.8,mobile_app
1197,491,2026-04-24 16:13:00,p2p_transfer,707.74,success,,138011.25,qr_code
1198,166,2026-04-24 16:18:27,top_up,5969.14,success,,60384.58,qr_code
1199,148,2026-04-24 16:23:25,merchant_payment,462.46,success,,116028.54,web
1200,179,2026-04-24 16:32:12,bill_payment,438.01,success,,10400.8,qr_code
1201,290,2026-04-24 16:44:44,p2p_transfer,901.65,success,,26988.41,mobile_app
1202,426,2026-04-24 17:11:53,top_up,4247.17,success,,15329.37,agent
1203,33,2026-04-24 17:39:11,p2p_transfer,985.62,success,,102107.25,qr_code
1204,433,2026-04-24 17:44:30,top_up,22315.76,success,,161670.01,web
1205,433,2026-04-24 18:25:42,merchant_payment,3133.35,success,,158536.66,agent
1206,486,2026-04-24 18:40:18,merchant_payment,685.08,success,,46459.96,web
1207,177,2026-04-24 19:03:21,merchant_payment,650.21,success,,113878.11,agent
1208,314,2026-04-24 19:05:36,top_up,2682.96,success,,82608.32,agent
1209,173,2026-04-24 19:23:02,top_up,5115.26,success,,98355.15,web
1210,71,2026-04-24 20:14:21,top_up,969.73,success,,37936.27,web
1211,498,2026-04-24 20:30:43,p2p_transfer,610.85,success,,68387.99,web
1212,284,2026-04-24 20:57:28,merchant_payment,1411.36,success,,110108.86,qr_code
1213,316,2026-04-24 21:01:11,merchant_payment,1926.03,success,,81131.71,agent
1214,149,2026-04-24 21:03:16,merchant_payment,3175.13,success,,13045.04,web
1215,150,2026-04-24 21:52:47,top_up,2235.65,success,,70736.31,qr_code
1216,423,2026-04-24 23:36:53,p2p_transfer,1117.96,success,,69962.86,mobile_app
1217,443,2026-04-25 00:23:35,merchant_payment,1327.1,success,,206206.47,web
1218,426,2026-04-25 02:59:19,p2p_transfer,552.01,success,,14777.36,qr_code
1219,13,2026-04-25 03:10:33,bill_payment,7343.73,success,,74642.42,agent
1220,160,2026-04-25 03:12:20,p2p_transfer,2485.77,success,,7665.3,qr_code
1221,168,2026-04-25 03:19:56,top_up,8188.35,success,,48652.08,qr_code
1222,448,2026-04-25 04:39:16,merchant_payment,985.17,success,,84222.94,web
1223,122,2026-04-25 05:11:43,p2p_transfer,3107.7,success,,166321.86,mobile_app
1224,81,2026-04-25 07:08:44,top_up,1508.74,success,,69197.19,web
1225,380,2026-04-25 07:12:48,p2p_transfer,1184.14,success,,65367.85,qr_code
1226,189,2026-04-25 07:16:21,top_up,5138.83,success,,170018.32,agent
1227,451,2026-04-25 08:25:46,merchant_payment,451.27,success,,60157.35,qr_code
1228,220,2026-04-25 08:28:00,bill_payment,303.44,success,,53670.08,mobile_app
1229,189,2026-04-25 09:02:08,merchant_payment,734.91,success,,169283.41,web
1230,392,2026-04-25 09:09:26,top_up,1847.57,success,,74722.48,web
1231,237,2026-04-25 10:01:18,p2p_transfer,1528.75,success,,50446.12,web
1232,298,2026-04-25 10:46:29,merchant_payment,1377.57,success,,1230.29,qr_code
1233,329,2026-04-25 10:50:06,merchant_payment,4900.22,failed,network_error,90279.42,mobile_app
1234,492,2026-04-25 10:57:33,p2p_transfer,1031.33,success,,134348.28,web
1235,380,2026-04-25 10:58:04,merchant_payment,1971.0,success,,63396.85,mobile_app
1236,211,2026-04-25 11:04:15,merchant_payment,303.15,success,,204949.46,web
1237,208,2026-04-25 11:59:15,merchant_payment,742.52,success,,132205.54,mobile_app
1238,380,2026-04-25 12:00:35,merchant_payment,1287.46,success,,62109.39,mobile_app
1239,193,2026-04-25 12:13:40,withdrawal,912.26,success,,24109.91,mobile_app
1240,15,2026-04-25 12:31:45,bill_payment,717.73,success,,88849.8,qr_code
1241,65,2026-04-25 12:53:15,bill_payment,2089.48,success,,161491.48,agent
1242,448,2026-04-25 13:04:47,merchant_payment,1519.52,success,,82703.42,qr_code
1243,246,2026-04-25 14:09:53,top_up,8728.13,success,,11988.68,web
1244,19,2026-04-25 14:37:32,bill_payment,7265.17,success,,7863.81,mobile_app
1245,460,2026-04-25 14:51:48,top_up,8839.25,success,,235086.19,agent
1246,380,2026-04-25 15:54:51,withdrawal,1475.96,success,,60633.43,mobile_app
1247,387,2026-04-25 16:08:58,withdrawal,6654.52,success,,147403.8,web
1248,299,2026-04-25 16:41:16,p2p_transfer,5031.33,failed,network_error,35791.78,agent
1249,175,2026-04-25 16:43:58,merchant_payment,2340.03,success,,56521.35,web
1250,50,2026-04-25 17:24:18,withdrawal,1211.84,success,,96044.84,mobile_app
1251,439,2026-04-25 17:27:08,top_up,3139.81,success,,240450.95,web
1252,333,2026-04-25 17:33:24,top_up,8390.48,success,,159158.43,qr_code
1253,105,2026-04-25 17:36:12,top_up,3852.53,success,,17163.0,mobile_app
1254,284,2026-04-25 17:40:27,p2p_transfer,617.39,success,,109491.47,web
1255,156,2026-04-25 18:01:25,p2p_transfer,2013.79,success,,284284.95,mobile_app
1256,358,2026-04-25 18:17:41,withdrawal,4052.99,success,,4921.34,agent
1257,453,2026-04-25 18:40:44,merchant_payment,3771.19,success,,72967.47,mobile_app
1258,469,2026-04-25 18:53:01,merchant_payment,199.08,success,,17372.09,agent
1259,435,2026-04-25 19:17:08,merchant_payment,242.47,success,,30407.41,agent
1260,65,2026-04-25 20:05:39,top_up,837.89,success,,162329.37,agent
1261,408,2026-04-25 20:20:58,top_up,4975.84,success,,15449.63,web
1262,453,2026-04-25 21:16:04,bill_payment,96.67,success,,72870.8,web
1263,303,2026-04-25 21:29:46,merchant_payment,790.82,success,,110924.02,mobile_app
1264,244,2026-04-25 21:31:46,p2p_transfer,1062.21,success,,49062.68,qr_code
1265,165,2026-04-25 21:32:52,withdrawal,727.99,success,,26490.62,qr_code
1266,394,2026-04-25 21:37:57,bill_payment,767.11,success,,163296.33,agent
1267,417,2026-04-25 21:46:20,top_up,1841.04,success,,30335.8,web
1268,187,2026-04-25 21:49:05,p2p_transfer,102.02,success,,49085.9,agent
1269,492,2026-04-25 21:51:49,merchant_payment,409.69,success,,133938.59,mobile_app
1270,172,2026-04-25 21:58:58,withdrawal,1742.68,success,,69030.24,mobile_app
1271,180,2026-04-25 22:08:04,p2p_transfer,7814.78,failed,suspected_fraud,207424.63,qr_code
1272,315,2026-04-25 22:54:17,p2p_transfer,1209.41,success,,14146.54,qr_code
1273,120,2026-04-25 23:00:52,p2p_transfer,1739.33,success,,236482.3,qr_code
1274,318,2026-04-25 23:21:18,top_up,2953.2,success,,71134.99,qr_code
1275,98,2026-04-25 23:33:43,top_up,2166.37,success,,29159.0,qr_code
1276,40,2026-04-25 23:34:40,p2p_transfer,13943.22,success,,248877.04,web
1277,367,2026-04-25 23:42:47,bill_payment,6351.7,success,,6993.52,agent
1278,152,2026-04-25 23:43:54,top_up,7195.82,success,,32904.9,web
1279,344,2026-04-26 00:05:23,merchant_payment,460.31,success,,96991.31,mobile_app
1280,245,2026-04-26 02:38:15,top_up,2659.79,success,,282722.22,mobile_app
1281,120,2026-04-26 03:44:08,top_up,4413.65,success,,240895.95,qr_code
1282,408,2026-04-26 04:12:02,merchant_payment,4518.07,success,,10931.56,web
1283,315,2026-04-26 04:32:31,merchant_payment,384.71,success,,13761.83,qr_code
1284,390,2026-04-26 05:20:40,top_up,4927.97,failed,card_declined,77.06,web
1285,299,2026-04-26 05:53:40,p2p_transfer,10834.84,success,,24956.94,agent
1286,478,2026-04-26 07:03:41,bill_payment,6248.55,success,,241422.11,qr_code
1287,498,2026-04-26 07:17:36,withdrawal,1577.57,success,,66810.42,web
1288,201,2026-04-26 07:30:45,bill_payment,173.85,success,,4883.82,qr_code
1289,187,2026-04-26 07:53:10,top_up,4789.81,success,,53875.71,qr_code
1290,270,2026-04-26 08:03:09,merchant_payment,6609.03,success,,36595.33,web
1291,475,2026-04-26 08:07:52,merchant_payment,2743.58,success,,23085.47,agent
1292,316,2026-04-26 08:29:43,p2p_transfer,1263.01,success,,79868.7,qr_code
1293,13,2026-04-26 08:42:13,top_up,475.02,success,,75117.44,web
1294,31,2026-04-26 08:49:36,top_up,1210.94,success,,230234.84,web
1295,477,2026-04-26 08:53:49,top_up,349.89,success,,71034.88,agent
1296,290,2026-04-26 08:59:57,p2p_transfer,1083.19,success,,25905.22,web
1297,417,2026-04-26 09:05:39,withdrawal,1066.39,success,,29269.41,qr_code
1298,473,2026-04-26 09:40:25,bill_payment,1354.73,success,,9205.65,web
1299,176,2026-04-26 09:45:40,top_up,2476.66,success,,18345.5,qr_code
1300,199,2026-04-26 10:05:10,merchant_payment,635.81,success,,80792.82,agent
1301,167,2026-04-26 10:08:17,top_up,1612.08,success,,12542.15,qr_code
1302,11,2026-04-26 10:14:51,merchant_payment,575.78,success,,127952.38,web
1303,122,2026-04-26 10:51:31,merchant_payment,8220.79,success,,158101.07,web
1304,262,2026-04-26 11:02:05,merchant_payment,1044.37,failed,insufficient_funds,831.96,web
1305,98,2026-04-26 12:15:00,p2p_transfer,1495.22,success,,27663.78,web
1306,30,2026-04-26 13:07:40,bill_payment,4851.71,success,,112747.6,mobile_app
1307,493,2026-04-26 14:01:34,top_up,1339.23,success,,178872.63,mobile_app
1308,156,2026-04-26 14:43:53,merchant_payment,522.01,success,,283762.94,agent
1309,222,2026-04-26 14:56:53,p2p_transfer,1505.85,success,,55645.51,qr_code
1310,11,2026-04-26 15:02:56,merchant_payment,1200.06,failed,limit_exceeded,127952.38,qr_code
1311,165,2026-04-26 15:08:53,merchant_payment,612.58,success,,25878.04,mobile_app
1312,440,2026-04-26 15:10:01,merchant_payment,5777.67,success,,247358.07,qr_code
1313,81,2026-04-26 15:14:35,bill_payment,526.55,success,,68670.64,qr_code
1314,76,2026-04-26 15:26:49,p2p_transfer,883.18,success,,90651.13,qr_code
1315,425,2026-04-26 15:31:55,top_up,2659.54,success,,188146.31,web
1316,450,2026-04-26 15:36:18,bill_payment,1913.56,success,,159547.12,agent
1317,195,2026-04-26 15:49:35,merchant_payment,1805.34,success,,110289.68,mobile_app
1318,42,2026-04-26 16:11:37,p2p_transfer,167.12,success,,19695.06,web
1319,397,2026-04-26 16:25:14,merchant_payment,177.01,success,,10699.8,web
1320,328,2026-04-26 16:25:24,bill_payment,2961.33,success,,78093.16,qr_code
1321,186,2026-04-26 16:31:12,p2p_transfer,182.45,success,,166062.86,mobile_app
1322,119,2026-04-26 16:31:46,merchant_payment,931.26,success,,110934.52,agent
1323,329,2026-04-26 17:33:49,withdrawal,4512.62,success,,85766.8,qr_code
1324,28,2026-04-26 17:36:06,bill_payment,2219.96,success,,114047.85,qr_code
1325,164,2026-04-26 17:37:27,withdrawal,286.89,success,,71840.86,agent
1326,42,2026-04-26 17:41:07,top_up,1708.67,success,,21403.73,agent
1327,102,2026-04-26 17:58:22,top_up,8849.1,success,,133001.38,qr_code
1328,399,2026-04-26 18:02:37,top_up,3758.4,failed,invalid_recipient,84758.8,agent
1329,394,2026-04-26 18:07:33,bill_payment,3259.86,success,,160036.47,agent
1330,281,2026-04-26 20:28:25,withdrawal,629.85,success,,61238.69,mobile_app
1331,159,2026-04-26 20:36:58,p2p_transfer,5056.58,success,,221754.26,mobile_app
1332,318,2026-04-26 20:37:24,p2p_transfer,891.92,success,,70243.07,mobile_app
1333,72,2026-04-26 20:59:55,bill_payment,1494.45,success,,61011.91,mobile_app
1334,449,2026-04-26 21:16:39,p2p_transfer,398.15,success,,40518.76,agent
1335,451,2026-04-26 21:19:01,merchant_payment,1542.74,success,,58614.61,qr_code
1336,193,2026-04-26 21:23:18,bill_payment,2321.07,success,,21788.84,mobile_app
1337,270,2026-04-26 22:33:39,p2p_transfer,3739.29,success,,32856.04,mobile_app
1338,448,2026-04-26 22:45:42,bill_payment,296.85,success,,82406.57,web
1339,287,2026-04-26 22:49:58,top_up,1722.58,success,,116371.84,qr_code
1340,489,2026-04-26 23:07:09,withdrawal,887.81,success,,88813.14,mobile_app
1341,13,2026-04-27 00:15:54,top_up,1655.07,success,,76772.51,qr_code
1342,491,2026-04-27 01:13:18,top_up,798.21,success,,138809.46,web
1343,92,2026-04-27 01:50:17,p2p_transfer,1044.57,success,,178579.83,agent
1344,201,2026-04-27 01:51:05,merchant_payment,524.92,success,,4358.9,qr_code
1345,167,2026-04-27 01:58:18,bill_payment,1405.3,failed,limit_exceeded,12542.15,agent
1346,317,2026-04-27 01:59:01,merchant_payment,1054.04,success,,106207.52,web
1347,325,2026-04-27 02:27:33,merchant_payment,937.14,failed,card_declined,2799.12,mobile_app
1348,390,2026-04-27 02:28:29,merchant_payment,5730.76,failed,insufficient_funds,77.06,qr_code
1349,180,2026-04-27 02:28:40,p2p_transfer,888.29,success,,206536.34,web
1350,252,2026-04-27 05:04:06,top_up,44172.13,success,,51263.16,mobile_app
1351,371,2026-04-27 07:24:56,top_up,18016.7,success,,32549.87,web
1352,112,2026-04-27 07:26:04,merchant_payment,468.8,success,,84222.23,qr_code
1353,401,2026-04-27 07:30:13,top_up,1147.42,success,,98747.74,mobile_app
1354,35,2026-04-27 07:53:16,p2p_transfer,1320.84,success,,22242.08,mobile_app
1355,459,2026-04-27 08:02:18,merchant_payment,2646.1,success,,10247.08,agent
1356,290,2026-04-27 09:04:13,merchant_payment,649.08,success,,25256.14,mobile_app
1357,29,2026-04-27 09:22:00,p2p_transfer,1487.82,success,,82518.03,mobile_app
1358,106,2026-04-27 09:24:58,merchant_payment,1111.47,success,,178074.98,web
1359,246,2026-04-27 09:43:45,bill_payment,2669.35,success,,9319.33,web
1360,162,2026-04-27 10:00:45,merchant_payment,1235.4,success,,14728.8,mobile_app
1361,86,2026-04-27 10:23:01,p2p_transfer,487.33,success,,14731.14,agent
1362,44,2026-04-27 10:47:00,merchant_payment,197.83,success,,54791.78,qr_code
1363,173,2026-04-27 10:53:30,top_up,302.53,failed,network_error,98355.15,qr_code
1364,54,2026-04-27 11:22:26,top_up,2960.86,failed,network_error,289793.33,qr_code
1365,222,2026-04-27 11:41:57,withdrawal,446.74,success,,55198.77,agent
1366,491,2026-04-27 11:52:31,merchant_payment,655.63,success,,138153.83,qr_code
1367,248,2026-04-27 12:23:28,merchant_payment,370.67,success,,96414.18,web
1368,68,2026-04-27 12:42:22,top_up,535.62,success,,100895.03,agent
1369,399,2026-04-27 13:31:07,merchant_payment,31483.9,success,,53274.9,mobile_app
1370,433,2026-04-27 13:54:25,merchant_payment,1811.78,success,,156724.88,web
1371,175,2026-04-27 14:08:14,merchant_payment,4011.56,success,,52509.79,web
1372,163,2026-04-27 14:29:44,p2p_transfer,6537.42,success,,77875.34,qr_code
1373,390,2026-04-27 15:54:57,merchant_payment,4669.54,failed,insufficient_funds,77.06,agent
1374,307,2026-04-27 15:55:21,top_up,1542.53,success,,21570.74,qr_code
1375,33,2026-04-27 15:57:10,top_up,1685.34,success,,103792.59,agent
1376,451,2026-04-27 16:10:42,merchant_payment,629.47,success,,57985.14,qr_code
1377,253,2026-04-27 16:15:13,p2p_transfer,501.8,success,,64214.79,web
1378,500,2026-04-27 17:14:51,top_up,679.38,success,,86544.99,web
1379,164,2026-04-27 17:38:16,bill_payment,1700.3,success,,70140.56,qr_code
1380,329,2026-04-27 17:55:26,p2p_transfer,353.47,success,,85413.33,qr_code
1381,24,2026-04-27 18:10:35,merchant_payment,13851.23,failed,insufficient_funds,7284.4,qr_code
1382,486,2026-04-27 18:13:27,p2p_transfer,913.26,success,,45546.7,qr_code
1383,333,2026-04-27 18:19:42,bill_payment,1739.52,success,,157418.91,web
1384,417,2026-04-27 18:29:50,merchant_payment,1170.7,success,,28098.71,agent
1385,212,2026-04-27 18:33:12,top_up,1943.33,success,,67750.82,web
1386,270,2026-04-27 18:34:50,withdrawal,3373.51,success,,29482.53,mobile_app
1387,131,2026-04-27 18:48:44,bill_payment,4364.8,success,,42578.45,web
1388,277,2026-04-27 18:56:28,p2p_transfer,846.13,success,,33222.39,mobile_app
1389,434,2026-04-27 19:37:57,p2p_transfer,4008.72,success,,16361.17,web
1390,309,2026-04-27 19:43:24,withdrawal,584.53,success,,55160.89,agent
1391,305,2026-04-27 20:09:14,merchant_payment,736.58,success,,23688.52,mobile_app
1392,44,2026-04-27 20:27:59,top_up,293.76,success,,55085.54,qr_code
1393,434,2026-04-27 20:59:11,top_up,6267.66,success,,22628.83,web
1394,493,2026-04-27 21:13:00,merchant_payment,492.24,success,,178380.39,mobile_app
1395,158,2026-04-27 21:37:17,bill_payment,1595.92,success,,113749.45,mobile_app
1396,147,2026-04-27 21:43:04,top_up,16727.09,success,,33598.1,web
1397,157,2026-04-27 21:44:46,merchant_payment,920.52,success,,95943.42,mobile_app
1398,443,2026-04-27 22:06:16,top_up,699.46,success,,206905.93,web
1399,258,2026-04-27 22:34:06,bill_payment,985.49,success,,51463.31,web
1400,421,2026-04-27 23:14:00,top_up,1559.04,success,,223463.65,web
1401,318,2026-04-27 23:19:05,merchant_payment,947.0,success,,69296.07,mobile_app
1402,412,2026-04-27 23:47:37,withdrawal,2216.48,success,,162927.16,mobile_app
1403,411,2026-04-28 03:28:35,p2p_transfer,8725.24,success,,211658.53,agent
1404,368,2026-04-28 03:55:10,merchant_payment,1342.64,success,,191632.87,web
1405,445,2026-04-28 03:56:52,withdrawal,220.64,success,,117158.21,qr_code
1406,315,2026-04-28 07:00:44,merchant_payment,554.11,success,,13207.72,mobile_app
1407,411,2026-04-28 07:00:51,p2p_transfer,2358.49,success,,209300.04,agent
1408,8,2026-04-28 07:06:17,merchant_payment,14346.79,failed,insufficient_funds,1170.48,mobile_app
1409,415,2026-04-28 07:57:26,top_up,751.17,success,,79117.38,mobile_app
1410,355,2026-04-28 08:11:21,merchant_payment,1302.98,success,,56287.85,web
1411,252,2026-04-28 08:46:27,merchant_payment,1751.44,success,,49511.72,mobile_app
1412,29,2026-04-28 08:46:38,merchant_payment,794.53,success,,81723.5,qr_code
1413,193,2026-04-28 09:02:18,merchant_payment,3246.63,success,,18542.21,agent
1414,273,2026-04-28 09:07:45,withdrawal,1939.23,success,,49773.88,qr_code
1415,446,2026-04-28 09:51:56,merchant_payment,1044.13,success,,186788.2,mobile_app
1416,249,2026-04-28 10:29:14,bill_payment,1970.99,success,,105644.53,qr_code
1417,433,2026-04-28 11:18:23,withdrawal,1384.3,success,,155340.58,web
1418,333,2026-04-28 11:23:10,merchant_payment,2696.33,success,,154722.58,web
1419,213,2026-04-28 11:24:43,p2p_transfer,1298.91,success,,19989.75,agent
1420,168,2026-04-28 11:35:48,withdrawal,1261.31,success,,47390.77,mobile_app
1421,81,2026-04-28 11:43:22,bill_payment,343.32,success,,68327.32,web
1422,160,2026-04-28 11:48:25,merchant_payment,979.02,failed,limit_exceeded,7665.3,agent
1423,127,2026-04-28 11:50:25,p2p_transfer,1277.48,success,,55943.77,qr_code
1424,448,2026-04-28 11:50:55,bill_payment,1920.79,success,,80485.78,agent
1425,211,2026-04-28 12:10:34,p2p_transfer,1607.09,success,,203342.37,agent
1426,94,2026-04-28 13:06:49,bill_payment,679.84,success,,95268.6,web
1427,251,2026-04-28 13:39:12,top_up,1905.86,success,,203133.25,qr_code
1428,493,2026-04-28 13:46:08,merchant_payment,757.27,success,,177623.12,qr_code
1429,209,2026-04-28 13:48:04,top_up,1676.05,success,,87495.98,qr_code
1430,112,2026-04-28 13:56:23,bill_payment,1846.92,success,,82375.31,mobile_app
1431,494,2026-04-28 14:01:03,top_up,3853.57,success,,30083.48,mobile_app
1432,460,2026-04-28 14:04:10,top_up,3541.15,success,,238627.34,qr_code
1433,154,2026-04-28 14:33:18,bill_payment,1311.87,success,,99388.93,mobile_app
1434,479,2026-04-28 14:33:38,merchant_payment,4844.61,success,,241268.05,web
1435,355,2026-04-28 15:07:38,merchant_payment,914.7,success,,55373.15,web
1436,295,2026-04-28 15:24:15,withdrawal,9067.45,success,,629.35,web
1437,404,2026-04-28 15:31:46,merchant_payment,1915.09,success,,63551.18,agent
1438,350,2026-04-28 15:37:25,top_up,9376.43,success,,103288.25,web
1439,213,2026-04-28 16:00:42,merchant_payment,1256.21,success,,18733.54,mobile_app
1440,261,2026-04-28 16:47:36,merchant_payment,193.32,success,,52763.83,web
1441,434,2026-04-28 17:01:14,withdrawal,3865.63,success,,18763.2,qr_code
1442,117,2026-04-28 17:14:58,merchant_payment,7777.34,failed,insufficient_funds,3385.21,mobile_app
1443,157,2026-04-28 17:28:30,top_up,2826.8,success,,98770.22,mobile_app
1444,20,2026-04-28 17:30:03,bill_payment,3387.29,success,,85156.65,web
1445,201,2026-04-28 17:57:03,withdrawal,1088.84,success,,3270.06,mobile_app
1446,434,2026-04-28 18:14:42,merchant_payment,287.94,success,,18475.26,agent
1447,411,2026-04-28 18:19:07,bill_payment,3858.22,failed,suspected_fraud,209300.04,mobile_app
1448,310,2026-04-28 18:34:39,withdrawal,1391.16,success,,50080.97,agent
1449,92,2026-04-28 20:28:03,p2p_transfer,7565.02,success,,171014.81,web
1450,445,2026-04-28 20:28:23,merchant_payment,389.31,success,,116768.9,mobile_app
1451,475,2026-04-28 21:34:33,p2p_transfer,154.59,success,,22930.88,qr_code
1452,118,2026-04-28 22:00:04,merchant_payment,4296.78,success,,144911.52,agent
1453,333,2026-04-28 22:24:58,merchant_payment,400.4,success,,154322.18,web
1454,462,2026-04-28 23:14:43,top_up,928.16,success,,43310.6,web
1455,329,2026-04-28 23:55:27,top_up,1620.72,success,,87034.05,qr_code
1456,64,2026-04-29 00:10:46,p2p_transfer,2086.92,success,,9004.73,agent
1457,430,2026-04-29 01:06:32,p2p_transfer,924.19,success,,10902.96,web
1458,425,2026-04-29 01:53:29,p2p_transfer,1568.82,success,,186577.49,agent
1459,105,2026-04-29 02:24:25,bill_payment,2648.08,failed,card_declined,17163.0,mobile_app
1460,185,2026-04-29 03:14:31,withdrawal,1117.69,success,,7341.56,web
1461,301,2026-04-29 03:51:37,p2p_transfer,955.16,success,,2285.89,mobile_app
1462,331,2026-04-29 07:04:12,merchant_payment,2456.2,success,,116859.33,agent
1463,23,2026-04-29 07:17:04,merchant_payment,1369.79,success,,21335.7,web
1464,313,2026-04-29 07:38:48,top_up,2202.43,success,,69707.95,agent
1465,79,2026-04-29 07:44:47,merchant_payment,602.79,success,,64468.25,qr_code
1466,66,2026-04-29 07:45:24,merchant_payment,460.49,success,,15788.58,mobile_app
1467,338,2026-04-29 07:53:48,merchant_payment,5266.73,success,,134245.36,web
1468,498,2026-04-29 08:02:48,merchant_payment,3882.57,success,,62927.85,agent
1469,133,2026-04-29 08:13:38,withdrawal,351.94,success,,84615.27,agent
1470,450,2026-04-29 08:23:01,withdrawal,3632.4,success,,155914.72,agent
1471,61,2026-04-29 08:41:52,bill_payment,1285.61,success,,169747.25,agent
1472,237,2026-04-29 09:01:27,bill_payment,443.53,success,,50002.59,qr_code
1473,326,2026-04-29 09:21:17,top_up,2942.26,success,,163268.99,web
1474,416,2026-04-29 09:34:57,top_up,1498.9,success,,59797.47,agent
1475,43,2026-04-29 09:39:30,bill_payment,2775.41,success,,64831.9,agent
1476,226,2026-04-29 09:55:54,withdrawal,251.95,success,,29090.47,agent
1477,331,2026-04-29 10:12:36,merchant_payment,2040.18,success,,114819.15,mobile_app
1478,300,2026-04-29 10:13:32,bill_payment,2901.38,success,,170133.12,qr_code
1479,315,2026-04-29 10:33:49,top_up,3580.4,success,,16788.12,qr_code
1480,316,2026-04-29 10:39:29,p2p_transfer,2840.37,success,,77028.33,mobile_app
1481,50,2026-04-29 10:59:30,merchant_payment,4970.74,success,,91074.1,qr_code
1482,85,2026-04-29 11:40:50,merchant_payment,1797.44,success,,115546.6,qr_code
1483,78,2026-04-29 11:53:21,merchant_payment,711.05,success,,62326.3,web
1484,147,2026-04-29 12:31:42,top_up,1294.88,success,,34892.98,qr_code
1485,329,2026-04-29 13:39:50,top_up,4897.31,success,,91931.36,agent
1486,189,2026-04-29 13:51:00,withdrawal,2780.43,success,,166502.98,agent
1487,451,2026-04-29 15:07:59,withdrawal,886.97,success,,57098.17,web
1488,392,2026-04-29 15:30:14,merchant_payment,2826.86,success,,71895.62,qr_code
1489,102,2026-04-29 15:43:01,bill_payment,1497.06,success,,131504.32,mobile_app
1490,31,2026-04-29 15:54:28,merchant_payment,955.11,failed,network_error,230234.84,qr_code
1491,172,2026-04-29 17:07:38,merchant_payment,414.01,success,,68616.23,mobile_app
1492,437,2026-04-29 17:32:37,withdrawal,893.6,success,,105072.47,agent
1493,329,2026-04-29 18:17:34,withdrawal,1500.92,success,,90430.44,qr_code
1494,335,2026-04-29 18:45:24,merchant_payment,2063.53,success,,23861.8,qr_code
1495,165,2026-04-29 19:07:50,merchant_payment,1735.68,success,,24142.36,mobile_app
1496,189,2026-04-29 19:19:00,p2p_transfer,4864.51,failed,limit_exceeded,166502.98,mobile_app
1497,86,2026-04-29 19:23:38,p2p_transfer,3300.07,success,,11431.07,mobile_app
1498,50,2026-04-29 19:36:03,p2p_transfer,625.19,success,,90448.91,web
1499,359,2026-04-29 19:47:16,top_up,4723.68,success,,45439.17,mobile_app
1500,301,2026-04-29 19:54:20,top_up,491.06,success,,2776.95,mobile_app
1501,295,2026-04-29 20:57:42,bill_payment,2013.02,failed,insufficient_funds,629.35,mobile_app
1502,102,2026-04-29 21:05:50,merchant_payment,657.42,success,,130846.9,agent
1503,328,2026-04-29 21:14:52,merchant_payment,3985.47,success,,74107.69,web
1504,417,2026-04-29 21:34:28,withdrawal,1319.29,success,,26779.42,mobile_app
1505,38,2026-04-29 22:16:10,withdrawal,690.8,success,,97616.02,web
1506,329,2026-04-29 22:30:17,top_up,3774.02,success,,94204.46,mobile_app
1507,91,2026-04-29 22:37:17,bill_payment,668.43,success,,90279.75,agent
1508,156,2026-04-29 23:11:15,top_up,1907.02,success,,285669.96,qr_code
1509,52,2026-04-29 23:19:18,bill_payment,383.18,success,,38509.43,qr_code
1510,426,2026-04-29 23:23:23,p2p_transfer,3940.49,success,,10836.87,web
1511,346,2026-04-30 00:44:38,top_up,4956.77,success,,5391.78,agent
1512,343,2026-04-30 01:19:55,top_up,3501.02,success,,40848.35,agent
1513,428,2026-04-30 01:30:08,merchant_payment,736.75,success,,64467.8,qr_code
1514,298,2026-04-30 02:21:06,withdrawal,921.86,success,,308.43,qr_code
1515,198,2026-04-30 02:26:32,merchant_payment,1095.52,success,,25917.31,agent
1516,168,2026-04-30 04:20:42,top_up,1630.51,success,,49021.28,web
1517,80,2026-04-30 04:29:03,bill_payment,1332.12,success,,16578.21,web
1518,315,2026-04-30 05:03:27,p2p_transfer,2977.03,success,,13811.09,mobile_app
1519,168,2026-04-30 05:37:18,merchant_payment,26229.79,success,,22791.49,qr_code
1520,180,2026-04-30 07:06:26,merchant_payment,3875.52,success,,202660.82,web
1521,490,2026-04-30 07:28:09,p2p_transfer,889.77,success,,115715.68,web
1522,265,2026-04-30 07:30:49,merchant_payment,670.9,success,,6738.38,qr_code
1523,125,2026-04-30 07:53:52,withdrawal,1914.95,success,,107180.19,agent
1524,172,2026-04-30 08:11:57,top_up,2603.04,success,,71219.27,mobile_app
1525,170,2026-04-30 08:20:55,merchant_payment,426.7,success,,18523.31,agent
1526,491,2026-04-30 09:05:07,merchant_payment,2993.84,success,,135159.99,mobile_app
1527,81,2026-04-30 09:53:20,merchant_payment,1458.63,success,,66868.69,agent
1528,66,2026-04-30 09:58:19,p2p_transfer,445.16,success,,15343.42,agent
1529,448,2026-04-30 10:04:34,merchant_payment,257.04,success,,80228.74,qr_code
1530,490,2026-04-30 11:12:16,top_up,2591.42,success,,118307.1,qr_code
1531,168,2026-04-30 11:33:22,merchant_payment,794.9,success,,21996.59,web
1532,403,2026-04-30 11:35:57,p2p_transfer,5001.46,success,,21540.95,mobile_app
1533,485,2026-04-30 11:37:14,merchant_payment,1399.24,success,,79393.33,agent
1534,46,2026-04-30 11:51:11,merchant_payment,1221.03,success,,4801.69,qr_code
1535,62,2026-04-30 12:11:27,p2p_transfer,1884.75,success,,112910.41,qr_code
1536,123,2026-04-30 12:21:24,merchant_payment,487.42,success,,13113.58,qr_code
1537,333,2026-04-30 12:26:56,p2p_transfer,3281.45,success,,151040.73,qr_code
1538,440,2026-04-30 13:22:56,bill_payment,1176.41,success,,246181.66,agent
1539,218,2026-04-30 13:52:34,merchant_payment,233.41,success,,61391.66,qr_code
1540,78,2026-04-30 13:58:10,merchant_payment,643.8,success,,61682.5,qr_code
1541,330,2026-04-30 14:27:47,top_up,1219.63,success,,101572.67,agent
1542,328,2026-04-30 14:31:16,top_up,5828.46,success,,79936.15,qr_code
1543,460,2026-04-30 14:35:42,merchant_payment,1636.55,success,,236990.79,agent
1544,211,2026-04-30 14:51:09,bill_payment,909.77,success,,202432.6,web
1545,8,2026-04-30 15:30:40,p2p_transfer,254.96,success,,915.52,mobile_app
1546,418,2026-04-30 16:16:28,p2p_transfer,441.33,failed,network_error,10335.81,qr_code
1547,104,2026-04-30 16:24:11,bill_payment,499.6,success,,14033.81,agent
1548,177,2026-04-30 16:32:26,merchant_payment,1297.04,success,,112581.07,qr_code
1549,50,2026-04-30 16:37:16,merchant_payment,3474.8,success,,86974.11,web
1550,180,2026-04-30 17:06:07,top_up,1948.13,success,,204608.95,agent
1551,380,2026-04-30 17:25:32,merchant_payment,830.08,success,,59803.35,agent
1552,4,2026-04-30 17:54:01,withdrawal,7057.17,success,,42666.87,qr_code
1553,10,2026-04-30 17:54:53,top_up,334.64,success,,48492.86,agent
1554,403,2026-04-30 17:59:55,top_up,903.79,success,,22444.74,qr_code
1555,198,2026-04-30 18:07:24,bill_payment,2776.16,failed,network_error,25917.31,web
1556,245,2026-04-30 18:18:08,p2p_transfer,3677.4,success,,279044.82,agent
1557,329,2026-04-30 18:20:34,merchant_payment,1435.94,success,,92768.52,web
1558,269,2026-04-30 18:27:21,withdrawal,627.36,success,,41185.32,agent
1559,494,2026-04-30 18:53:13,top_up,3362.9,success,,33446.38,qr_code
1560,50,2026-04-30 19:43:40,p2p_transfer,566.44,success,,86407.67,mobile_app
1561,199,2026-04-30 20:35:10,p2p_transfer,1563.64,success,,79229.18,mobile_app
1562,454,2026-04-30 20:36:21,p2p_transfer,928.98,success,,56678.44,web
1563,31,2026-04-30 21:47:12,p2p_transfer,1667.07,success,,228567.77,agent
1564,435,2026-04-30 21:54:34,merchant_payment,1121.46,success,,29285.95,mobile_app
1565,258,2026-04-30 22:19:50,merchant_payment,376.56,success,,51086.75,mobile_app
1566,275,2026-04-30 22:24:56,bill_payment,1258.69,success,,198627.94,web
1567,309,2026-04-30 23:06:35,merchant_payment,2096.21,success,,53064.68,agent
1568,257,2026-04-30 23:22:14,top_up,1364.88,failed,card_declined,10632.71,agent
1569,255,2026-04-30 23:32:14,top_up,5388.26,success,,49375.44,agent
1570,160,2026-05-01 00:16:31,top_up,1912.61,success,,9577.91,agent
1571,327,2026-05-01 00:22:43,merchant_payment,1147.8,success,,13692.65,web
1572,434,2026-05-01 00:59:09,merchant_payment,3390.78,success,,15084.48,web
1573,418,2026-05-01 01:40:53,merchant_payment,365.8,success,,9970.01,web
1574,83,2026-05-01 07:29:44,bill_payment,2386.47,success,,20905.48,web
1575,434,2026-05-01 07:35:54,p2p_transfer,1484.91,success,,13599.57,agent
1576,50,2026-05-01 07:42:15,merchant_payment,2975.17,success,,83432.5,qr_code
1577,477,2026-05-01 07:48:00,bill_payment,1238.95,success,,69795.93,web
1578,217,2026-05-01 07:53:10,merchant_payment,1915.51,success,,32382.07,web
1579,78,2026-05-01 08:06:50,bill_payment,263.52,success,,61418.98,qr_code
1580,491,2026-05-01 08:28:26,merchant_payment,6167.6,success,,128992.39,mobile_app
1581,439,2026-05-01 08:39:49,merchant_payment,2262.19,success,,238188.76,mobile_app
1582,189,2026-05-01 09:12:35,merchant_payment,1769.84,success,,164733.14,agent
1583,450,2026-05-01 09:27:44,withdrawal,6158.96,success,,149755.76,agent
1584,26,2026-05-01 09:31:28,p2p_transfer,2141.47,success,,114984.04,web
1585,135,2026-05-01 10:29:28,merchant_payment,805.46,success,,112065.39,mobile_app
1586,326,2026-05-01 10:46:53,merchant_payment,1626.77,success,,161642.22,qr_code
1587,434,2026-05-01 11:13:29,p2p_transfer,1079.79,success,,12519.78,qr_code
1588,315,2026-05-01 11:56:13,top_up,2251.22,success,,16062.31,web
1589,425,2026-05-01 13:01:46,merchant_payment,621.62,success,,185955.87,agent
1590,52,2026-05-01 14:13:53,p2p_transfer,6743.26,success,,31766.17,qr_code
1591,234,2026-05-01 14:16:56,bill_payment,3662.84,success,,59003.79,mobile_app
1592,489,2026-05-01 14:19:57,top_up,1700.64,failed,suspected_fraud,88813.14,mobile_app
1593,434,2026-05-01 14:38:37,withdrawal,127056.95,failed,insufficient_funds,12519.78,web
1594,375,2026-05-01 15:25:15,top_up,3859.79,success,,62704.13,agent
1595,394,2026-05-01 17:20:06,top_up,1763.63,success,,161800.1,mobile_app
1596,299,2026-05-01 18:17:26,top_up,2117.65,success,,27074.59,agent
1597,61,2026-05-01 18:19:16,merchant_payment,980.05,success,,168767.2,qr_code
1598,198,2026-05-01 18:24:47,p2p_transfer,2255.46,success,,23661.85,agent
1599,115,2026-05-01 18:51:53,p2p_transfer,581.81,success,,86920.85,qr_code
1600,69,2026-05-01 19:01:32,merchant_payment,1445.11,success,,34716.91,agent
1601,33,2026-05-01 19:02:18,bill_payment,738.81,success,,103053.78,mobile_app
1602,30,2026-05-01 20:03:27,top_up,2358.05,success,,115105.65,web
1603,194,2026-05-01 20:25:24,top_up,3895.02,success,,11962.12,web
1604,259,2026-05-01 20:26:27,p2p_transfer,820.86,success,,59393.33,qr_code
1605,441,2026-05-01 20:52:18,merchant_payment,1563.49,success,,6078.43,mobile_app
1606,500,2026-05-01 21:09:20,p2p_transfer,439.59,success,,86105.4,agent
1607,33,2026-05-01 21:12:46,merchant_payment,1467.84,success,,101585.94,qr_code
1608,201,2026-05-01 21:15:36,bill_payment,2440.71,success,,829.35,web
1609,375,2026-05-01 21:30:05,bill_payment,1308.16,success,,61395.97,qr_code
1610,134,2026-05-01 21:34:42,bill_payment,9001.51,success,,30329.62,mobile_app
1611,156,2026-05-01 21:35:38,withdrawal,1560.44,success,,284109.52,agent
1612,477,2026-05-01 22:18:24,top_up,1170.98,success,,70966.91,agent
1613,156,2026-05-01 23:19:24,p2p_transfer,1494.52,success,,282615.0,agent
1614,85,2026-05-01 23:19:51,withdrawal,1418.87,success,,114127.73,mobile_app
1615,123,2026-05-02 00:13:52,merchant_payment,701.61,success,,12411.97,qr_code
1616,42,2026-05-02 05:11:03,merchant_payment,3094.62,success,,18309.11,agent
1617,246,2026-05-02 05:29:07,top_up,2369.31,success,,11688.64,qr_code
1618,300,2026-05-02 07:08:13,bill_payment,1683.17,success,,168449.95,agent
1619,275,2026-05-02 07:33:37,p2p_transfer,5742.62,success,,192885.32,mobile_app
1620,367,2026-05-02 08:13:18,bill_payment,19085.96,failed,insufficient_funds,6993.52,agent
1621,23,2026-05-02 09:27:40,merchant_payment,1154.21,success,,20181.49,mobile_app
1622,213,2026-05-02 10:03:08,bill_payment,4640.9,success,,14092.64,agent
1623,379,2026-05-02 10:26:51,merchant_payment,713.95,success,,110554.37,mobile_app
1624,31,2026-05-02 10:27:46,withdrawal,1896.87,success,,226670.9,agent
1625,81,2026-05-02 10:39:39,p2p_transfer,3700.63,success,,63168.06,agent
1626,428,2026-05-02 10:59:41,merchant_payment,2040.29,success,,62427.51,web
1627,193,2026-05-02 11:27:22,bill_payment,679.47,success,,17862.74,qr_code
1628,433,2026-05-02 11:32:57,top_up,2496.78,success,,157837.36,qr_code
1629,368,2026-05-02 11:37:54,merchant_payment,1196.54,success,,190436.33,agent
1630,362,2026-05-02 11:55:22,bill_payment,7928.97,success,,96173.74,web
1631,115,2026-05-02 12:01:32,withdrawal,1652.91,success,,85267.94,agent
1632,240,2026-05-02 12:23:16,p2p_transfer,275.72,success,,15664.57,mobile_app
1633,102,2026-05-02 12:28:51,withdrawal,1259.99,success,,129586.91,mobile_app
1634,238,2026-05-02 12:57:40,bill_payment,975.51,success,,8193.2,qr_code
1635,116,2026-05-02 13:56:02,top_up,2964.93,success,,21146.69,mobile_app
1636,168,2026-05-02 14:01:14,merchant_payment,137.27,success,,21859.32,agent
1637,1,2026-05-02 14:03:42,withdrawal,2724.11,success,,1815.14,web
1638,120,2026-05-02 14:47:14,merchant_payment,1750.42,success,,239145.53,web
1639,8,2026-05-02 14:52:18,merchant_payment,538.58,failed,network_error,915.52,mobile_app
1640,380,2026-05-02 15:42:26,merchant_payment,1055.22,success,,58748.13,web
1641,61,2026-05-02 15:43:12,p2p_transfer,4125.67,success,,164641.53,agent
1642,230,2026-05-02 16:00:21,merchant_payment,1126.54,success,,25464.16,qr_code
1643,127,2026-05-02 16:12:35,p2p_transfer,653.27,success,,55290.5,qr_code
1644,446,2026-05-02 16:51:36,p2p_transfer,553.54,success,,186234.66,qr_code
1645,112,2026-05-02 17:03:27,p2p_transfer,395.68,success,,81979.63,mobile_app
1646,174,2026-05-02 17:24:19,p2p_transfer,1621.43,success,,25254.66,qr_code
1647,486,2026-05-02 17:49:11,p2p_transfer,1238.06,success,,44308.64,agent
1648,244,2026-05-02 18:07:40,merchant_payment,1496.96,success,,47565.72,qr_code
1649,380,2026-05-02 18:13:01,top_up,280.26,success,,59028.39,agent
1650,329,2026-05-02 18:35:13,bill_payment,1058.02,success,,91710.5,qr_code
1651,132,2026-05-02 18:51:37,merchant_payment,1383.56,success,,37447.13,qr_code
1652,433,2026-05-02 19:31:50,top_up,1488.53,success,,159325.89,agent
1653,61,2026-05-02 20:26:39,merchant_payment,2100.39,success,,162541.14,web
1654,328,2026-05-02 20:55:24,bill_payment,3611.67,success,,76324.48,agent
1655,479,2026-05-02 20:56:47,merchant_payment,2047.41,success,,239220.64,qr_code
1656,355,2026-05-02 21:49:00,merchant_payment,4628.04,success,,50745.11,web
1657,76,2026-05-02 21:56:47,top_up,1393.17,success,,92044.3,qr_code
1658,333,2026-05-02 22:12:08,withdrawal,2466.86,success,,148573.87,mobile_app
1659,460,2026-05-02 22:21:42,merchant_payment,6298.18,success,,230692.61,mobile_app
1660,194,2026-05-02 22:58:11,merchant_payment,1032.37,success,,10929.75,agent
1661,333,2026-05-02 23:07:40,merchant_payment,4247.47,success,,144326.4,mobile_app
1662,120,2026-05-02 23:26:47,merchant_payment,9596.46,success,,229549.07,qr_code
1663,179,2026-05-03 00:33:34,top_up,2669.7,success,,13070.5,web
1664,305,2026-05-03 01:04:37,top_up,1487.78,success,,25176.3,web
1665,240,2026-05-03 02:51:31,top_up,2051.14,success,,17715.71,web
1666,167,2026-05-03 03:25:18,merchant_payment,4191.72,success,,8350.43,web
1667,106,2026-05-03 03:43:13,p2p_transfer,698.97,success,,177376.01,agent
1668,390,2026-05-03 04:20:45,merchant_payment,6995.15,failed,insufficient_funds,77.06,qr_code
1669,339,2026-05-03 04:34:03,top_up,3844.61,success,,42970.72,mobile_app
1670,201,2026-05-03 05:31:41,bill_payment,2350.89,failed,insufficient_funds,829.35,web
1671,116,2026-05-03 05:38:28,p2p_transfer,321.87,success,,20824.82,web
1672,434,2026-05-03 05:43:54,withdrawal,340.91,success,,12178.87,web
1673,72,2026-05-03 07:17:01,bill_payment,2691.63,success,,58320.28,qr_code
1674,176,2026-05-03 07:38:22,p2p_transfer,1614.11,success,,16731.39,mobile_app
1675,160,2026-05-03 07:53:58,p2p_transfer,1304.7,success,,8273.21,qr_code
1676,211,2026-05-03 08:05:13,withdrawal,475.01,success,,201957.59,web
1677,108,2026-05-03 08:22:45,top_up,2554.22,success,,83761.49,mobile_app
1678,112,2026-05-03 08:30:31,p2p_transfer,907.31,success,,81072.32,qr_code
1679,401,2026-05-03 08:34:02,p2p_transfer,395.48,success,,98352.26,agent
1680,159,2026-05-03 08:48:47,merchant_payment,1324.63,success,,220429.63,agent
1681,380,2026-05-03 08:51:28,merchant_payment,3649.82,success,,55378.57,mobile_app
1682,464,2026-05-03 09:26:38,bill_payment,4652.29,success,,57953.22,agent
1683,136,2026-05-03 09:29:04,withdrawal,1355.15,success,,113185.19,mobile_app
1684,172,2026-05-03 09:43:26,top_up,849.81,failed,limit_exceeded,71219.27,agent
1685,244,2026-05-03 10:49:05,merchant_payment,718.54,success,,46847.18,web
1686,453,2026-05-03 11:14:52,top_up,1255.6,success,,74126.4,qr_code
1687,141,2026-05-03 11:36:08,bill_payment,10315.43,success,,26558.53,agent
1688,231,2026-05-03 11:37:57,withdrawal,3938.43,success,,19898.39,web
1689,20,2026-05-03 11:39:31,merchant_payment,1551.6,success,,83605.05,mobile_app
1690,244,2026-05-03 13:00:43,merchant_payment,697.29,success,,46149.89,mobile_app
1691,246,2026-05-03 13:40:42,merchant_payment,1052.37,success,,10636.27,qr_code
1692,461,2026-05-03 14:16:36,p2p_transfer,729.77,success,,92620.37,qr_code
1693,244,2026-05-03 16:17:32,merchant_payment,660.51,success,,45489.38,web
1694,312,2026-05-03 17:20:15,p2p_transfer,837.09,success,,106753.04,qr_code
1695,477,2026-05-03 17:26:31,merchant_payment,542.1,success,,70424.81,agent
1696,122,2026-05-03 17:29:24,bill_payment,1336.07,success,,156765.0,mobile_app
1697,111,2026-05-03 17:56:26,merchant_payment,2120.18,success,,51808.75,agent
1698,85,2026-05-03 18:06:46,bill_payment,1205.9,success,,112921.83,mobile_app
1699,434,2026-05-03 18:13:54,merchant_payment,1792.43,success,,10386.44,qr_code
1700,171,2026-05-03 18:16:20,withdrawal,1135.65,success,,21653.41,agent
1701,477,2026-05-03 20:00:38,p2p_transfer,322.82,success,,70101.99,agent
1702,344,2026-05-03 20:32:39,bill_payment,667.12,success,,96324.19,mobile_app
1703,218,2026-05-03 20:33:58,withdrawal,367.9,success,,61023.76,agent
1704,375,2026-05-03 20:52:29,bill_payment,1093.01,success,,60302.96,agent
1705,270,2026-05-03 20:56:01,top_up,3743.81,success,,33226.34,web
1706,43,2026-05-03 21:04:44,merchant_payment,3284.33,success,,61547.57,mobile_app
1707,497,2026-05-03 21:14:57,p2p_transfer,2230.61,success,,82465.3,qr_code
1708,175,2026-05-03 21:30:34,bill_payment,589.49,success,,51920.3,mobile_app
1709,72,2026-05-03 21:40:00,merchant_payment,1723.96,success,,56596.32,web
1710,86,2026-05-03 21:46:27,p2p_transfer,1471.8,success,,9959.27,mobile_app
1711,114,2026-05-03 21:48:32,withdrawal,409.64,success,,118256.29,qr_code
1712,271,2026-05-03 21:49:59,top_up,1891.5,success,,61684.83,web
1713,368,2026-05-03 22:33:32,p2p_transfer,5643.16,success,,184793.17,mobile_app
1714,201,2026-05-04 02:21:09,bill_payment,873.44,failed,insufficient_funds,829.35,agent
1715,380,2026-05-04 02:45:07,merchant_payment,588.76,success,,54789.81,mobile_app
1716,208,2026-05-04 05:06:01,merchant_payment,2130.31,success,,130075.23,agent
1717,403,2026-05-04 05:15:51,p2p_transfer,827.16,success,,21617.58,mobile_app
1718,301,2026-05-04 05:53:31,merchant_payment,6236.99,failed,insufficient_funds,2776.95,mobile_app
1719,102,2026-05-04 07:15:22,p2p_transfer,1174.05,success,,128412.86,web
1720,78,2026-05-04 07:32:40,p2p_transfer,872.0,success,,60546.98,qr_code
1721,76,2026-05-04 07:42:54,p2p_transfer,261.63,success,,91782.67,mobile_app
1722,463,2026-05-04 08:02:18,p2p_transfer,937.89,success,,33453.26,web
1723,145,2026-05-04 08:09:36,merchant_payment,505.19,success,,99486.89,web
1724,434,2026-05-04 08:22:40,top_up,2603.14,success,,12989.58,web
1725,94,2026-05-04 09:47:56,top_up,871.63,success,,96140.23,mobile_app
1726,326,2026-05-04 10:49:47,top_up,2232.45,success,,163874.67,agent
1727,291,2026-05-04 11:15:55,withdrawal,845.1,success,,14694.7,qr_code
1728,305,2026-05-04 11:31:31,merchant_payment,8359.72,success,,16816.58,qr_code
1729,287,2026-05-04 11:36:23,p2p_transfer,1237.55,success,,115134.29,mobile_app
1730,201,2026-05-04 12:01:55,p2p_transfer,3955.01,failed,insufficient_funds,829.35,mobile_app
1731,487,2026-05-04 12:06:15,withdrawal,855.78,success,,40965.33,qr_code
1732,380,2026-05-04 13:40:14,bill_payment,1001.59,success,,53788.22,mobile_app
1733,318,2026-05-04 13:41:49,top_up,2204.34,success,,71500.41,mobile_app
1734,68,2026-05-04 14:15:06,merchant_payment,801.95,success,,100093.08,qr_code
1735,371,2026-05-04 14:42:53,bill_payment,3460.56,success,,29089.31,agent
1736,283,2026-05-04 14:46:06,bill_payment,2387.15,success,,106816.0,mobile_app
1737,7,2026-05-04 15:06:02,top_up,314.48,failed,suspected_fraud,1818.47,agent
1738,43,2026-05-04 15:19:41,merchant_payment,1417.23,failed,network_error,61547.57,qr_code
1739,328,2026-05-04 15:21:49,merchant_payment,640.61,success,,75683.87,mobile_app
1740,237,2026-05-04 15:28:51,top_up,13141.92,success,,63144.51,mobile_app
1741,282,2026-05-04 16:26:48,top_up,780.0,success,,113386.52,agent
1742,152,2026-05-04 16:30:10,merchant_payment,11179.68,failed,suspected_fraud,32904.9,agent
1743,28,2026-05-04 16:49:14,merchant_payment,3934.41,success,,110113.44,qr_code
1744,220,2026-05-04 17:20:01,merchant_payment,2583.14,success,,51086.94,web
1745,440,2026-05-04 17:24:22,merchant_payment,611.14,success,,245570.52,web
1746,394,2026-05-04 17:24:34,top_up,3931.33,success,,165731.43,agent
1747,393,2026-05-04 17:29:49,merchant_payment,8524.11,success,,41657.87,agent
1748,92,2026-05-04 17:31:21,top_up,863.74,success,,171878.55,agent
1749,435,2026-05-04 19:07:24,merchant_payment,3113.66,success,,26172.29,web
1750,333,2026-05-04 19:16:20,bill_payment,1204.44,success,,143121.96,agent
1751,497,2026-05-04 19:54:31,merchant_payment,680.27,success,,81785.03,qr_code
1752,330,2026-05-04 20:26:45,merchant_payment,768.86,success,,100803.81,qr_code
1753,38,2026-05-04 20:31:42,withdrawal,218.88,success,,97397.14,mobile_app
1754,398,2026-05-04 21:43:55,merchant_payment,5376.45,success,,31699.83,qr_code
1755,195,2026-05-04 22:09:40,p2p_transfer,1859.84,success,,108429.84,qr_code
1756,122,2026-05-04 22:20:38,merchant_payment,1103.63,success,,155661.37,mobile_app
1757,222,2026-05-04 22:37:36,p2p_transfer,1462.26,success,,53736.51,qr_code
1758,213,2026-05-04 22:56:08,merchant_payment,1194.43,success,,12898.21,mobile_app
1759,197,2026-05-04 23:12:24,p2p_transfer,445.2,success,,46848.13,agent
1760,360,2026-05-04 23:20:31,merchant_payment,2485.36,success,,117488.39,web
1761,403,2026-05-04 23:41:52,p2p_transfer,3796.95,success,,17820.63,agent
1762,156,2026-05-04 23:42:37,merchant_payment,5046.94,success,,277568.06,qr_code
1763,358,2026-05-05 00:31:11,top_up,1037.3,success,,5958.64,web
1764,492,2026-05-05 01:14:48,p2p_transfer,3290.99,success,,130647.6,agent
1765,300,2026-05-05 01:38:23,bill_payment,880.19,success,,167569.76,web
1766,245,2026-05-05 02:15:19,withdrawal,4063.64,success,,274981.18,agent
1767,3,2026-05-05 02:41:55,top_up,332.72,success,,15665.91,mobile_app
1768,189,2026-05-05 03:07:31,bill_payment,718.73,failed,network_error,164733.14,agent
1769,119,2026-05-05 03:59:24,bill_payment,448.44,success,,110486.08,agent
1770,56,2026-05-05 04:05:12,bill_payment,3490.27,failed,network_error,18500.81,mobile_app
1771,325,2026-05-05 07:24:50,p2p_transfer,460.83,success,,2338.29,agent
1772,232,2026-05-05 09:27:59,top_up,1072.75,success,,36726.33,mobile_app
1773,452,2026-05-05 10:00:38,merchant_payment,28908.76,failed,insufficient_funds,8525.23,mobile_app
1774,460,2026-05-05 10:43:25,bill_payment,4337.32,success,,226355.29,web
1775,338,2026-05-05 10:44:21,merchant_payment,3431.79,success,,130813.57,web
1776,312,2026-05-05 10:48:34,merchant_payment,3473.01,success,,103280.03,agent
1777,160,2026-05-05 11:02:10,p2p_transfer,1355.66,success,,6917.55,mobile_app
1778,208,2026-05-05 11:27:13,merchant_payment,937.06,success,,129138.17,web
1779,412,2026-05-05 11:43:59,withdrawal,2770.18,success,,160156.98,web
1780,135,2026-05-05 11:44:09,p2p_transfer,263.73,success,,111801.66,agent
1781,411,2026-05-05 11:47:45,withdrawal,3369.56,failed,network_error,209300.04,mobile_app
1782,331,2026-05-05 12:02:49,merchant_payment,2863.78,success,,111955.37,agent
1783,309,2026-05-05 12:04:39,merchant_payment,670.52,success,,52394.16,agent
1784,290,2026-05-05 12:29:59,withdrawal,698.32,success,,24557.82,web
1785,189,2026-05-05 13:06:48,top_up,3126.78,success,,167859.92,agent
1786,415,2026-05-05 13:52:11,p2p_transfer,1491.37,success,,77626.01,agent
1787,433,2026-05-05 14:06:24,p2p_transfer,537.28,success,,158788.61,agent
1788,329,2026-05-05 14:14:37,merchant_payment,1284.5,success,,90426.0,agent
1789,432,2026-05-05 14:27:24,merchant_payment,5364.62,success,,6416.0,web
1790,313,2026-05-05 15:04:40,p2p_transfer,1479.25,success,,68228.7,agent
1791,156,2026-05-05 15:20:21,merchant_payment,10247.16,success,,267320.9,qr_code
1792,315,2026-05-05 15:26:46,bill_payment,848.5,success,,15213.81,qr_code
1793,258,2026-05-05 16:03:15,p2p_transfer,3797.35,failed,limit_exceeded,51086.75,web
1794,333,2026-05-05 16:52:51,top_up,1943.97,success,,145065.93,web
1795,24,2026-05-05 16:59:15,p2p_transfer,2549.88,failed,invalid_recipient,7284.4,mobile_app
1796,328,2026-05-05 17:09:46,p2p_transfer,4940.32,success,,70743.55,mobile_app
1797,478,2026-05-05 17:53:41,withdrawal,1973.43,success,,239448.68,qr_code
1798,487,2026-05-05 17:58:32,p2p_transfer,3358.02,success,,37607.31,mobile_app
1799,187,2026-05-05 18:04:49,merchant_payment,2745.25,success,,51130.46,agent
1800,480,2026-05-05 18:12:00,merchant_payment,1532.5,success,,80465.68,agent
1801,371,2026-05-05 18:58:54,withdrawal,2504.05,success,,26585.26,qr_code
1802,153,2026-05-05 19:11:49,merchant_payment,1150.98,success,,42105.79,qr_code
1803,55,2026-05-05 19:12:47,p2p_transfer,1346.14,success,,235532.74,web
1804,83,2026-05-05 20:03:54,merchant_payment,2381.58,success,,18523.9,agent
1805,329,2026-05-05 20:06:42,merchant_payment,532.81,success,,89893.19,agent
1806,474,2026-05-05 20:30:53,merchant_payment,360.96,success,,29487.19,agent
1807,197,2026-05-05 20:32:52,bill_payment,421.6,success,,46426.53,mobile_app
1808,228,2026-05-05 21:22:21,merchant_payment,1651.48,success,,46486.32,web
1809,199,2026-05-05 21:51:25,withdrawal,147.48,success,,79081.7,qr_code
1810,47,2026-05-05 22:47:09,merchant_payment,712.01,success,,24475.72,agent
1811,375,2026-05-05 22:57:29,p2p_transfer,1404.21,success,,58898.75,mobile_app
1812,47,2026-05-05 23:18:14,top_up,1844.05,success,,26319.77,agent
1813,200,2026-05-05 23:43:15,withdrawal,784.2,success,,53947.48,mobile_app
1814,251,2026-05-06 00:22:58,p2p_transfer,1277.06,success,,201856.19,mobile_app
1815,193,2026-05-06 00:22:58,p2p_transfer,1997.94,success,,15864.8,web
1816,426,2026-05-06 00:55:06,bill_payment,5580.3,success,,5256.57,qr_code
1817,252,2026-05-06 01:34:00,merchant_payment,3513.71,failed,network_error,49511.72,agent
1818,118,2026-05-06 02:41:05,merchant_payment,329.3,success,,144582.22,agent
1819,262,2026-05-06 03:02:33,top_up,58805.89,success,,59637.85,web
1820,14,2026-05-06 03:33:06,bill_payment,611.32,success,,17877.39,web
1821,105,2026-05-06 04:07:15,bill_payment,1722.15,success,,15440.85,web
1822,478,2026-05-06 07:05:53,merchant_payment,2352.51,success,,237096.17,mobile_app
1823,69,2026-05-06 07:25:43,top_up,485.25,success,,35202.16,agent
1824,399,2026-05-06 08:19:38,merchant_payment,3861.62,success,,49413.28,agent
1825,303,2026-05-06 09:03:34,top_up,2631.55,success,,113555.57,agent
1826,352,2026-05-06 09:29:51,merchant_payment,1640.9,success,,44919.12,mobile_app
1827,433,2026-05-06 10:40:42,p2p_transfer,665.7,success,,158122.91,web
1828,39,2026-05-06 10:47:50,top_up,7355.87,success,,67235.49,web
1829,205,2026-05-06 11:00:29,merchant_payment,971.85,success,,94659.43,agent
1830,497,2026-05-06 11:06:07,merchant_payment,6519.68,success,,75265.35,qr_code
1831,479,2026-05-06 11:08:57,top_up,10881.76,success,,250102.4,agent
1832,217,2026-05-06 11:33:40,withdrawal,4720.69,success,,27661.38,qr_code
1833,360,2026-05-06 11:35:08,p2p_transfer,3410.01,success,,114078.38,qr_code
1834,213,2026-05-06 11:56:16,merchant_payment,718.12,success,,12180.09,agent
1835,86,2026-05-06 12:17:14,merchant_payment,952.6,success,,9006.67,web
1836,207,2026-05-06 12:19:57,top_up,4670.86,success,,78081.13,agent
1837,77,2026-05-06 12:31:53,withdrawal,314.51,success,,91005.99,qr_code
1838,378,2026-05-06 12:48:02,bill_payment,622.55,success,,16015.37,qr_code
1839,191,2026-05-06 13:34:55,merchant_payment,476.17,success,,6766.81,qr_code
1840,264,2026-05-06 13:44:59,top_up,965.84,success,,47626.78,agent
1841,430,2026-05-06 14:43:57,top_up,848.05,success,,11751.01,mobile_app
1842,21,2026-05-06 15:18:51,merchant_payment,256.58,success,,6707.28,mobile_app
1843,294,2026-05-06 15:31:21,p2p_transfer,389.79,success,,105761.93,agent
1844,427,2026-05-06 15:40:14,bill_payment,676.61,success,,88267.23,mobile_app
1845,191,2026-05-06 16:29:32,p2p_transfer,1374.47,success,,5392.34,qr_code
1846,320,2026-05-06 16:39:29,p2p_transfer,396.35,failed,limit_exceeded,6364.78,agent
1847,57,2026-05-06 16:51:06,bill_payment,1239.67,success,,65188.15,qr_code
1848,330,2026-05-06 17:04:31,top_up,14644.02,success,,115447.83,agent
1849,123,2026-05-06 17:49:23,bill_payment,374.33,success,,12037.64,mobile_app
1850,243,2026-05-06 18:01:18,p2p_transfer,1002.59,success,,81063.71,agent
1851,416,2026-05-06 18:03:17,merchant_payment,2180.08,success,,57617.39,web
1852,44,2026-05-06 18:05:21,merchant_payment,1099.88,success,,53985.66,qr_code
1853,76,2026-05-06 19:02:11,top_up,1642.99,failed,card_declined,91782.67,web
1854,363,2026-05-06 19:57:17,top_up,1163.84,success,,97026.09,web
1855,295,2026-05-06 20:41:03,p2p_transfer,3281.13,failed,insufficient_funds,629.35,mobile_app
1856,372,2026-05-06 20:44:57,withdrawal,1395.38,success,,72978.88,qr_code
1857,300,2026-05-06 21:25:14,p2p_transfer,752.68,success,,166817.08,web
1858,3,2026-05-06 22:01:42,top_up,1984.3,success,,17650.21,web
1859,380,2026-05-06 22:03:18,bill_payment,566.93,success,,53221.29,qr_code
1860,20,2026-05-06 22:37:53,top_up,8364.38,success,,91969.43,qr_code
1861,168,2026-05-06 22:56:34,withdrawal,854.45,success,,21004.87,mobile_app
1862,207,2026-05-06 22:59:22,merchant_payment,1823.63,success,,76257.5,qr_code
1863,55,2026-05-06 23:17:04,merchant_payment,4925.42,success,,230607.32,qr_code
1864,102,2026-05-06 23:19:41,top_up,4365.23,success,,132778.09,web
1865,46,2026-05-06 23:23:14,merchant_payment,2086.92,success,,2714.77,mobile_app
1866,8,2026-05-06 23:44:33,top_up,5275.6,success,,6191.12,qr_code
1867,66,2026-05-07 01:21:48,top_up,9175.92,success,,24519.34,web
1868,358,2026-05-07 01:45:17,merchant_payment,5126.25,success,,832.39,web
1869,327,2026-05-07 01:54:47,p2p_transfer,1653.75,success,,12038.9,qr_code
1870,42,2026-05-07 02:23:34,top_up,98.85,success,,18407.96,qr_code
1871,122,2026-05-07 02:35:21,merchant_payment,970.24,success,,154691.13,qr_code
1872,301,2026-05-07 03:41:12,top_up,2849.02,success,,5625.97,qr_code
1873,437,2026-05-07 05:59:56,bill_payment,338.48,success,,104733.99,web
1874,232,2026-05-07 07:02:04,withdrawal,1358.74,success,,35367.59,mobile_app
1875,153,2026-05-07 07:38:19,merchant_payment,1718.79,success,,40387.0,qr_code
1876,451,2026-05-07 07:53:44,p2p_transfer,1137.94,success,,55960.23,agent
1877,474,2026-05-07 08:13:22,bill_payment,1485.62,success,,28001.57,agent
1878,41,2026-05-07 08:23:30,withdrawal,1669.74,success,,93997.59,web
1879,392,2026-05-07 08:35:54,top_up,1561.9,failed,network_error,71895.62,qr_code
1880,498,2026-05-07 09:30:44,p2p_transfer,5860.53,success,,57067.32,web
1881,465,2026-05-07 09:44:07,merchant_payment,798.43,success,,22369.0,mobile_app
1882,82,2026-05-07 09:45:41,p2p_transfer,273.9,success,,101726.4,web
1883,378,2026-05-07 10:17:25,merchant_payment,1217.48,success,,14797.89,agent
1884,13,2026-05-07 10:19:33,merchant_payment,3821.95,success,,72950.56,agent
1885,486,2026-05-07 10:29:08,top_up,2851.3,success,,47159.94,web
1886,433,2026-05-07 10:37:09,merchant_payment,1418.71,success,,156704.2,web
1887,171,2026-05-07 11:00:43,top_up,1604.51,success,,23257.92,web
1888,81,2026-05-07 11:26:16,merchant_payment,411.46,success,,62756.6,mobile_app
1889,257,2026-05-07 11:45:10,merchant_payment,1473.59,success,,9159.12,agent
1890,173,2026-05-07 12:09:09,bill_payment,736.32,success,,97618.83,web
1891,168,2026-05-07 12:14:43,merchant_payment,179.47,success,,20825.4,web
1892,281,2026-05-07 12:42:35,withdrawal,663.26,success,,60575.43,web
1893,355,2026-05-07 12:45:50,merchant_payment,477.51,failed,network_error,50745.11,mobile_app
1894,333,2026-05-07 13:03:40,p2p_transfer,1222.6,success,,143843.33,qr_code
1895,148,2026-05-07 13:06:58,bill_payment,4970.63,success,,111057.91,agent
1896,207,2026-05-07 13:21:12,withdrawal,1098.86,success,,75158.64,web
1897,129,2026-05-07 13:58:48,p2p_transfer,470.03,success,,25547.33,qr_code
1898,89,2026-05-07 14:07:05,merchant_payment,1289.08,success,,89309.26,web
1899,316,2026-05-07 14:20:01,merchant_payment,1050.47,success,,75977.86,agent
1900,443,2026-05-07 14:54:02,p2p_transfer,16787.31,success,,190118.62,mobile_app
1901,211,2026-05-07 15:07:52,p2p_transfer,11596.42,success,,190361.17,agent
1902,14,2026-05-07 15:16:17,p2p_transfer,1037.34,success,,16840.05,mobile_app
1903,20,2026-05-07 16:21:58,merchant_payment,806.14,success,,91163.29,qr_code
1904,329,2026-05-07 16:38:48,p2p_transfer,793.57,success,,89099.62,qr_code
1905,241,2026-05-07 16:45:19,top_up,5168.38,success,,24554.15,qr_code
1906,285,2026-05-07 17:01:11,merchant_payment,1068.7,success,,77222.38,agent
1907,270,2026-05-07 17:59:10,bill_payment,641.49,success,,32584.85,web
1908,78,2026-05-07 18:04:25,p2p_transfer,608.29,success,,59938.69,agent
1909,352,2026-05-07 18:42:11,top_up,1674.24,success,,46593.36,qr_code
1910,4,2026-05-07 18:45:29,p2p_transfer,701.98,success,,41964.89,qr_code
1911,325,2026-05-07 18:45:50,top_up,304.54,success,,2642.83,web
1912,43,2026-05-07 19:21:16,bill_payment,255.86,success,,61291.71,mobile_app
1913,309,2026-05-07 19:38:30,p2p_transfer,838.5,success,,51555.66,web
1914,429,2026-05-07 19:52:39,merchant_payment,961.57,success,,41879.65,qr_code
1915,276,2026-05-07 19:53:57,p2p_transfer,853.52,failed,card_declined,74216.66,mobile_app
1916,95,2026-05-07 20:05:30,p2p_transfer,229.99,success,,86030.77,qr_code
1917,179,2026-05-07 20:08:50,bill_payment,764.65,success,,12305.85,web
1918,274,2026-05-07 20:13:33,merchant_payment,1029.84,success,,84715.55,qr_code
1919,47,2026-05-07 20:15:51,merchant_payment,3272.19,success,,23047.58,qr_code
1920,484,2026-05-07 20:30:50,merchant_payment,340.69,success,,60024.62,qr_code
1921,435,2026-05-07 20:37:44,merchant_payment,1222.24,failed,network_error,26172.29,web
1922,440,2026-05-07 20:38:06,merchant_payment,804.18,success,,244766.34,web
1923,359,2026-05-07 20:43:39,bill_payment,1896.43,success,,43542.74,mobile_app
1924,7,2026-05-07 21:26:52,bill_payment,390.25,success,,1428.22,web
1925,162,2026-05-07 21:58:44,withdrawal,951.53,success,,13777.27,qr_code
1926,159,2026-05-07 22:08:13,top_up,1967.26,success,,222396.89,mobile_app
1927,131,2026-05-07 22:33:17,p2p_transfer,586.83,success,,41991.62,mobile_app
1928,193,2026-05-07 22:56:08,withdrawal,917.87,success,,14946.93,web
1929,198,2026-05-07 23:13:56,top_up,2701.78,success,,26363.63,web
1930,189,2026-05-07 23:39:33,withdrawal,2842.53,success,,165017.39,web
1931,380,2026-05-07 23:50:44,merchant_payment,2891.94,success,,50329.35,agent
1932,421,2026-05-07 23:52:55,top_up,1735.42,success,,225199.07,agent
1933,357,2026-05-08 00:10:48,bill_payment,184.92,success,,1942.86,mobile_app
1934,291,2026-05-08 01:29:42,bill_payment,4420.65,success,,10274.05,web
1935,168,2026-05-08 01:32:18,top_up,1020.88,success,,21846.28,qr_code
1936,455,2026-05-08 01:37:23,merchant_payment,366.23,failed,network_error,15174.48,agent
1937,300,2026-05-08 01:45:32,merchant_payment,2520.79,success,,164296.29,mobile_app
1938,298,2026-05-08 01:53:45,merchant_payment,2484.56,failed,insufficient_funds,308.43,agent
1939,80,2026-05-08 03:10:18,merchant_payment,2474.93,success,,14103.28,agent
1940,198,2026-05-08 03:28:49,merchant_payment,499.36,success,,25864.27,mobile_app
1941,241,2026-05-08 04:28:19,merchant_payment,1456.06,success,,23098.09,web
1942,185,2026-05-08 04:53:14,merchant_payment,4541.17,failed,limit_exceeded,7341.56,qr_code
1943,58,2026-05-08 07:07:46,merchant_payment,12408.99,success,,56482.56,web
1944,315,2026-05-08 07:12:05,merchant_payment,626.86,success,,14586.95,agent
1945,333,2026-05-08 07:41:04,merchant_payment,6867.7,success,,136975.63,web
1946,478,2026-05-08 07:52:13,bill_payment,2770.04,success,,234326.13,web
1947,467,2026-05-08 08:01:52,p2p_transfer,5725.96,success,,277443.31,agent
1948,303,2026-05-08 08:39:50,p2p_transfer,526.34,success,,113029.23,qr_code
1949,333,2026-05-08 08:42:09,merchant_payment,2170.96,success,,134804.67,mobile_app
1950,357,2026-05-08 09:21:06,top_up,6131.94,success,,8074.8,web
1951,187,2026-05-08 09:25:22,merchant_payment,3716.1,success,,47414.36,agent
1952,291,2026-05-08 10:06:48,merchant_payment,307.51,success,,9966.54,agent
1953,488,2026-05-08 10:43:12,top_up,820.19,success,,16773.94,qr_code
1954,87,2026-05-08 11:18:12,p2p_transfer,10744.83,success,,179058.68,mobile_app
1955,368,2026-05-08 12:18:40,merchant_payment,5174.41,success,,179618.76,qr_code
1956,355,2026-05-08 12:31:07,merchant_payment,1461.6,failed,network_error,50745.11,web
1957,473,2026-05-08 12:37:07,withdrawal,554.71,success,,8650.94,web
1958,44,2026-05-08 12:40:18,merchant_payment,1195.73,success,,52789.93,agent
1959,425,2026-05-08 12:43:10,merchant_payment,2273.06,failed,card_declined,185955.87,web
1960,244,2026-05-08 13:07:52,top_up,17312.91,success,,62802.29,web
1961,495,2026-05-08 13:09:00,p2p_transfer,3305.74,success,,18269.67,web
1962,141,2026-05-08 13:15:58,bill_payment,724.55,success,,25833.98,qr_code
1963,467,2026-05-08 13:26:02,bill_payment,954.39,success,,276488.92,agent
1964,92,2026-05-08 13:51:42,merchant_payment,2244.2,success,,169634.35,agent
1965,455,2026-05-08 13:57:23,top_up,1801.44,failed,card_declined,15174.48,mobile_app
1966,403,2026-05-08 14:06:39,bill_payment,251.12,success,,17569.51,mobile_app
1967,124,2026-05-08 14:24:38,merchant_payment,917.4,failed,invalid_recipient,60428.71,qr_code
1968,156,2026-05-08 14:47:46,merchant_payment,1013.42,success,,266307.48,mobile_app
1969,180,2026-05-08 14:53:09,p2p_transfer,1836.61,success,,202772.34,web
1970,319,2026-05-08 15:13:24,top_up,2035.63,success,,117617.32,agent
1971,126,2026-05-08 15:36:23,top_up,5915.68,success,,19410.81,qr_code
1972,189,2026-05-08 15:42:59,p2p_transfer,713.36,success,,164304.03,web
1973,349,2026-05-08 15:48:20,bill_payment,1082.4,success,,41959.53,web
1974,189,2026-05-08 16:06:41,top_up,955.62,failed,limit_exceeded,164304.03,agent
1975,411,2026-05-08 16:14:38,withdrawal,1839.2,success,,207460.84,agent
1976,439,2026-05-08 16:16:15,top_up,1541.25,success,,239730.01,web
1977,31,2026-05-08 16:29:22,merchant_payment,1351.92,success,,225318.98,web
1978,443,2026-05-08 16:51:04,bill_payment,1164.63,success,,188953.99,agent
1979,29,2026-05-08 17:24:49,p2p_transfer,728.96,success,,80994.54,qr_code
1980,135,2026-05-08 17:26:53,top_up,2129.06,success,,113930.72,mobile_app
1981,329,2026-05-08 17:38:31,merchant_payment,1530.06,success,,87569.56,web
1982,451,2026-05-08 19:07:14,top_up,282.99,success,,56243.22,web
1983,363,2026-05-08 19:28:03,p2p_transfer,2712.65,success,,94313.44,qr_code
1984,372,2026-05-08 19:29:56,merchant_payment,679.64,success,,72299.24,mobile_app
1985,173,2026-05-08 20:01:36,top_up,2507.55,success,,100126.38,qr_code
1986,396,2026-05-08 20:38:52,withdrawal,281.23,success,,31267.28,mobile_app
1987,176,2026-05-08 20:42:46,merchant_payment,381.31,success,,16350.08,qr_code
1988,365,2026-05-08 20:53:38,merchant_payment,1664.04,success,,253479.6,agent
1989,394,2026-05-08 21:03:07,top_up,1258.85,success,,166990.28,qr_code
1990,41,2026-05-08 21:24:57,top_up,6145.92,success,,100143.51,mobile_app
1991,478,2026-05-08 21:27:59,bill_payment,1052.11,success,,233274.02,mobile_app
1992,453,2026-05-08 21:48:21,p2p_transfer,9917.94,success,,64208.46,agent
1993,122,2026-05-08 22:03:00,merchant_payment,7113.74,success,,147577.39,qr_code
1994,493,2026-05-08 22:22:13,top_up,1391.15,success,,179014.27,web
1995,103,2026-05-08 22:42:02,merchant_payment,1541.54,success,,22016.83,qr_code
1996,291,2026-05-08 22:46:39,top_up,2475.26,success,,12441.8,qr_code
1997,360,2026-05-08 23:30:29,top_up,978.46,success,,115056.84,qr_code
1998,281,2026-05-08 23:40:54,merchant_payment,443.53,success,,60131.9,mobile_app
1999,440,2026-05-09 01:06:18,merchant_payment,3211.52,success,,241554.82,qr_code
2000,408,2026-05-09 01:36:35,merchant_payment,3034.3,success,,7897.26,mobile_app
2001,55,2026-05-09 02:47:39,top_up,6597.95,success,,237205.27,qr_code
2002,383,2026-05-09 03:34:38,merchant_payment,970.57,success,,6197.58,qr_code
2003,179,2026-05-09 04:46:37,bill_payment,4575.4,success,,7730.45,mobile_app
2004,154,2026-05-09 05:21:19,merchant_payment,883.03,success,,98505.9,agent
2005,459,2026-05-09 07:20:07,withdrawal,1046.43,failed,suspected_fraud,10247.08,agent
2006,266,2026-05-09 07:22:34,merchant_payment,154.6,success,,68618.94,qr_code
2007,93,2026-05-09 07:24:53,top_up,15427.47,success,,30661.18,qr_code
2008,43,2026-05-09 07:31:20,top_up,5139.57,success,,66431.28,mobile_app
2009,40,2026-05-09 08:20:42,top_up,3228.22,success,,252105.26,mobile_app
2010,189,2026-05-09 08:27:30,p2p_transfer,2756.24,success,,161547.79,agent
2011,201,2026-05-09 09:03:54,merchant_payment,893.79,failed,insufficient_funds,829.35,agent
2012,433,2026-05-09 09:20:30,merchant_payment,3653.01,success,,153051.19,qr_code
2013,168,2026-05-09 09:25:31,withdrawal,713.09,success,,21133.19,agent
2014,438,2026-05-09 09:38:23,merchant_payment,1911.04,success,,101990.78,qr_code
2015,27,2026-05-09 10:00:48,p2p_transfer,2123.46,success,,102742.71,agent
2016,448,2026-05-09 10:04:29,p2p_transfer,3265.35,success,,76963.39,web
2017,126,2026-05-09 10:06:32,top_up,1450.67,success,,20861.48,agent
2018,102,2026-05-09 10:11:54,p2p_transfer,812.2,success,,131965.89,qr_code
2019,399,2026-05-09 10:24:08,top_up,594.93,success,,50008.21,web
2020,262,2026-05-09 10:32:33,merchant_payment,2866.95,success,,56770.9,qr_code
2021,498,2026-05-09 10:38:09,top_up,863.36,success,,57930.68,agent
2022,334,2026-05-09 10:40:07,merchant_payment,1024.21,success,,2936.4,mobile_app
2023,386,2026-05-09 11:23:01,top_up,1040.1,success,,38303.61,mobile_app
2024,333,2026-05-09 11:31:50,top_up,586.43,success,,135391.1,mobile_app
2025,380,2026-05-09 12:09:20,merchant_payment,950.16,success,,49379.19,web
2026,445,2026-05-09 12:23:29,merchant_payment,1263.85,success,,115505.05,qr_code
2027,433,2026-05-09 13:41:28,merchant_payment,2267.71,success,,150783.48,mobile_app
2028,329,2026-05-09 14:14:24,p2p_transfer,1558.14,success,,86011.42,web
2029,39,2026-05-09 14:23:57,merchant_payment,1435.06,success,,65800.43,qr_code
2030,155,2026-05-09 15:05:09,p2p_transfer,572.06,success,,43221.86,mobile_app
2031,477,2026-05-09 15:22:51,bill_payment,433.86,success,,69668.13,web
2032,333,2026-05-09 16:00:49,top_up,4985.98,success,,140377.08,qr_code
2033,134,2026-05-09 16:13:59,top_up,4079.87,success,,34409.49,qr_code
2034,183,2026-05-09 16:22:35,bill_payment,956.3,success,,25763.57,qr_code
2035,478,2026-05-09 16:24:12,merchant_payment,5832.23,success,,227441.79,web
2036,33,2026-05-09 16:34:25,merchant_payment,214.16,success,,101371.78,qr_code
2037,61,2026-05-09 17:15:55,top_up,7373.92,success,,169915.06,mobile_app
2038,407,2026-05-09 17:23:39,merchant_payment,4445.78,success,,92430.23,agent
2039,480,2026-05-09 17:28:43,p2p_transfer,483.25,success,,79982.43,agent
2040,42,2026-05-09 17:32:22,top_up,990.13,success,,19398.09,qr_code
2041,21,2026-05-09 17:41:12,top_up,1665.47,failed,suspected_fraud,6707.28,web
2042,445,2026-05-09 17:42:16,p2p_transfer,1581.64,success,,113923.41,qr_code
2043,403,2026-05-09 17:46:19,p2p_transfer,7523.15,success,,10046.36,qr_code
2044,159,2026-05-09 17:50:25,top_up,2007.55,success,,224404.44,qr_code
2045,187,2026-05-09 17:55:11,merchant_payment,472.0,success,,46942.36,agent
2046,325,2026-05-09 17:58:14,merchant_payment,261.03,success,,2381.8,mobile_app
2047,83,2026-05-09 18:13:31,p2p_transfer,1289.5,success,,17234.4,mobile_app
2048,340,2026-05-09 19:11:01,merchant_payment,1090.32,success,,16105.62,mobile_app
2049,492,2026-05-09 19:21:59,merchant_payment,861.43,failed,invalid_recipient,130647.6,web
2050,319,2026-05-09 20:23:00,p2p_transfer,607.28,success,,117010.04,mobile_app
2051,472,2026-05-09 20:24:19,p2p_transfer,362.04,success,,82329.89,qr_code
2052,236,2026-05-09 20:25:35,top_up,32600.5,success,,36238.36,agent
2053,264,2026-05-09 20:27:00,bill_payment,533.66,success,,47093.12,web
2054,399,2026-05-09 20:37:03,bill_payment,7673.62,success,,42334.59,mobile_app
2055,368,2026-05-09 21:39:49,merchant_payment,651.49,success,,178967.27,mobile_app
2056,425,2026-05-09 22:24:59,bill_payment,653.57,success,,185302.3,web
2057,69,2026-05-09 22:25:07,bill_payment,2173.18,success,,33028.98,agent
2058,338,2026-05-09 22:26:37,bill_payment,988.89,success,,129824.68,web
2059,433,2026-05-09 22:32:09,top_up,3099.63,success,,153883.11,qr_code
2060,126,2026-05-09 23:11:36,bill_payment,682.13,success,,20179.35,mobile_app
2061,206,2026-05-09 23:20:39,withdrawal,740.63,success,,88895.19,agent
2062,231,2026-05-09 23:55:46,p2p_transfer,3339.36,success,,16559.03,qr_code
2063,284,2026-05-10 00:46:48,top_up,706.05,success,,110197.52,qr_code
2064,331,2026-05-10 02:54:27,p2p_transfer,1321.75,success,,110633.62,mobile_app
2065,61,2026-05-10 03:08:37,top_up,9959.97,success,,179875.03,web
2066,141,2026-05-10 04:31:44,merchant_payment,6657.01,success,,19176.97,qr_code
2067,312,2026-05-10 04:56:02,merchant_payment,1669.96,success,,101610.07,mobile_app
2068,192,2026-05-10 07:14:33,top_up,863.57,success,,68651.72,mobile_app
2069,250,2026-05-10 07:38:17,merchant_payment,200.5,success,,47532.87,qr_code
2070,64,2026-05-10 07:47:48,merchant_payment,537.77,success,,8466.96,web
2071,179,2026-05-10 08:39:41,merchant_payment,1936.38,success,,5794.07,agent
2072,362,2026-05-10 08:52:04,merchant_payment,397.08,success,,95776.66,qr_code
2073,394,2026-05-10 09:07:08,bill_payment,2579.73,success,,164410.55,mobile_app
2074,194,2026-05-10 09:11:06,top_up,1553.23,failed,network_error,10929.75,web
2075,78,2026-05-10 10:25:04,merchant_payment,1840.95,success,,58097.74,mobile_app
2076,358,2026-05-10 10:35:31,merchant_payment,5597.12,failed,insufficient_funds,832.39,mobile_app
2077,367,2026-05-10 10:49:36,merchant_payment,2764.25,success,,4229.27,web
2078,159,2026-05-10 11:09:19,merchant_payment,1839.32,success,,222565.12,qr_code
2079,440,2026-05-10 11:18:13,merchant_payment,422.04,success,,241132.78,qr_code
2080,369,2026-05-10 11:51:11,merchant_payment,12322.72,success,,27344.17,mobile_app
2081,260,2026-05-10 12:48:51,bill_payment,2249.4,success,,64006.96,mobile_app
2082,117,2026-05-10 13:18:13,merchant_payment,1575.87,success,,1809.34,qr_code
2083,454,2026-05-10 13:56:44,bill_payment,1929.26,success,,54749.18,web
2084,115,2026-05-10 14:01:08,top_up,1383.01,success,,86650.95,mobile_app
2085,44,2026-05-10 14:06:18,merchant_payment,1577.81,success,,51212.12,qr_code
2086,260,2026-05-10 14:26:25,p2p_transfer,2482.66,success,,61524.3,agent
2087,198,2026-05-10 14:37:48,top_up,29924.64,success,,55788.91,agent
2088,453,2026-05-10 15:18:25,merchant_payment,4047.75,success,,60160.71,qr_code
2089,372,2026-05-10 16:18:57,merchant_payment,902.43,success,,71396.81,agent
2090,356,2026-05-10 16:40:38,top_up,2840.4,success,,15606.71,agent
2091,498,2026-05-10 16:50:00,merchant_payment,504.01,success,,57426.67,web
2092,149,2026-05-10 17:24:23,merchant_payment,1662.72,success,,11382.32,qr_code
2093,294,2026-05-10 18:39:02,p2p_transfer,1455.34,success,,104306.59,agent
2094,383,2026-05-10 18:41:36,p2p_transfer,416.49,success,,5781.09,qr_code
2095,403,2026-05-10 18:44:05,withdrawal,11781.36,failed,insufficient_funds,10046.36,mobile_app
2096,368,2026-05-10 18:57:56,merchant_payment,2546.36,success,,176420.91,mobile_app
2097,77,2026-05-10 19:41:00,withdrawal,1292.16,success,,89713.83,mobile_app
2098,66,2026-05-10 19:43:39,merchant_payment,5924.86,success,,18594.48,web
2099,331,2026-05-10 20:12:03,top_up,11064.08,success,,121697.7,agent
2100,183,2026-05-10 20:29:18,top_up,795.47,success,,26559.04,agent
2101,156,2026-05-10 20:38:45,p2p_transfer,528.13,success,,265779.35,qr_code
2102,101,2026-05-10 20:43:51,p2p_transfer,984.25,success,,35192.49,mobile_app
2103,275,2026-05-10 20:51:22,withdrawal,5822.2,success,,187063.12,mobile_app
2104,282,2026-05-10 20:54:02,withdrawal,884.71,success,,112501.81,agent
2105,185,2026-05-10 20:56:13,bill_payment,1488.78,success,,5852.78,mobile_app
2106,433,2026-05-10 21:03:05,bill_payment,13634.47,success,,140248.64,agent
2107,478,2026-05-10 21:29:16,merchant_payment,792.18,success,,226649.61,web
2108,315,2026-05-10 22:02:55,p2p_transfer,1781.66,success,,12805.29,qr_code
2109,94,2026-05-10 22:30:41,p2p_transfer,1699.78,success,,94440.45,agent
2110,6,2026-05-10 22:40:46,merchant_payment,1149.64,success,,14674.1,mobile_app
2111,477,2026-05-10 22:46:49,merchant_payment,326.58,success,,69341.55,mobile_app
2112,453,2026-05-10 22:53:46,withdrawal,2672.73,success,,57487.98,qr_code
2113,88,2026-05-10 22:56:36,p2p_transfer,397.71,success,,109674.45,web
2114,444,2026-05-10 23:07:05,merchant_payment,323.98,success,,27936.36,mobile_app
2115,240,2026-05-10 23:26:34,merchant_payment,447.84,success,,17267.87,mobile_app
2116,323,2026-05-10 23:34:38,p2p_transfer,1567.55,success,,22138.42,agent
2117,55,2026-05-10 23:53:28,withdrawal,483.13,success,,236722.14,qr_code
2118,390,2026-05-11 01:14:14,top_up,4698.72,success,,4775.78,mobile_app
2119,160,2026-05-11 01:52:04,bill_payment,1376.22,success,,5541.33,mobile_app
2120,115,2026-05-11 01:55:39,merchant_payment,1647.16,failed,network_error,86650.95,agent
2121,257,2026-05-11 02:13:56,withdrawal,12605.27,failed,insufficient_funds,9159.12,mobile_app
2122,433,2026-05-11 02:48:33,merchant_payment,8803.08,success,,131445.56,mobile_app
2123,280,2026-05-11 04:03:45,top_up,2503.57,success,,14148.71,agent
2124,116,2026-05-11 04:28:12,merchant_payment,4635.88,success,,16188.94,qr_code
2125,312,2026-05-11 05:49:06,bill_payment,544.48,success,,101065.59,web
2126,446,2026-05-11 07:05:42,merchant_payment,1335.19,success,,184899.47,qr_code
2127,309,2026-05-11 07:28:13,top_up,1089.3,success,,52644.96,qr_code
2128,344,2026-05-11 07:33:59,bill_payment,2036.34,success,,94287.85,mobile_app
2129,394,2026-05-11 07:46:51,top_up,6263.02,success,,170673.57,web
2130,333,2026-05-11 08:10:57,merchant_payment,1029.37,success,,139347.71,mobile_app
2131,475,2026-05-11 08:17:54,merchant_payment,649.6,success,,22281.28,mobile_app
2132,125,2026-05-11 08:26:39,merchant_payment,2164.97,success,,105015.22,agent
2133,136,2026-05-11 08:33:43,top_up,1890.8,success,,115075.99,qr_code
2134,33,2026-05-11 08:34:20,merchant_payment,568.26,success,,100803.52,qr_code
2135,360,2026-05-11 09:08:42,p2p_transfer,953.16,success,,114103.68,agent
2136,404,2026-05-11 09:10:42,merchant_payment,1464.08,success,,62087.1,web
2137,304,2026-05-11 10:07:05,bill_payment,691.47,success,,25139.02,mobile_app
2138,50,2026-05-11 10:52:21,p2p_transfer,3327.68,success,,80104.82,web
2139,6,2026-05-11 10:53:24,top_up,7301.78,success,,21975.88,agent
2140,33,2026-05-11 11:21:18,merchant_payment,852.41,success,,99951.11,mobile_app
2141,120,2026-05-11 11:50:51,merchant_payment,599.11,success,,228949.96,mobile_app
2142,300,2026-05-11 12:48:55,merchant_payment,8014.46,success,,156281.83,agent
2143,43,2026-05-11 13:02:03,top_up,1487.44,success,,67918.72,web
2144,237,2026-05-11 14:17:17,merchant_payment,1949.89,success,,61194.62,mobile_app
2145,306,2026-05-11 14:17:51,p2p_transfer,350.06,failed,card_declined,97734.29,qr_code
2146,208,2026-05-11 14:33:38,merchant_payment,122.45,success,,129015.72,agent
2147,8,2026-05-11 14:50:23,bill_payment,14721.73,failed,insufficient_funds,6191.12,web
2148,251,2026-05-11 15:31:01,p2p_transfer,3048.58,success,,198807.61,qr_code
2149,168,2026-05-11 15:36:42,merchant_payment,2084.61,success,,19048.58,web
2150,30,2026-05-11 16:00:18,top_up,8339.89,success,,123445.54,web
2151,201,2026-05-11 16:01:01,withdrawal,2022.43,failed,insufficient_funds,829.35,mobile_app
2152,333,2026-05-11 16:32:32,p2p_transfer,4839.57,success,,134508.14,web
2153,368,2026-05-11 16:35:37,bill_payment,342.3,success,,176078.61,agent
2154,398,2026-05-11 17:04:23,merchant_payment,269.34,success,,31430.49,web
2155,315,2026-05-11 17:33:16,merchant_payment,824.9,success,,11980.39,mobile_app
2156,440,2026-05-11 18:04:51,merchant_payment,999.28,success,,240133.5,agent
2157,403,2026-05-11 18:10:46,merchant_payment,12404.0,failed,insufficient_funds,10046.36,agent
2158,448,2026-05-11 18:15:43,top_up,3280.85,success,,80244.24,qr_code
2159,42,2026-05-11 18:29:48,withdrawal,7487.79,success,,11910.3,mobile_app
2160,136,2026-05-11 18:58:47,top_up,975.12,success,,116051.11,mobile_app
2161,435,2026-05-11 20:19:02,merchant_payment,1135.01,success,,25037.28,agent
2162,31,2026-05-11 20:51:12,bill_payment,1071.36,success,,224247.62,mobile_app
2163,102,2026-05-11 20:59:16,top_up,8622.93,success,,140588.82,qr_code
2164,230,2026-05-11 21:05:38,merchant_payment,793.5,success,,24670.66,qr_code
2165,329,2026-05-11 21:21:46,top_up,4617.3,success,,90628.72,agent
2166,175,2026-05-11 21:54:16,p2p_transfer,1669.44,success,,50250.86,mobile_app
2167,176,2026-05-11 22:02:20,top_up,4672.06,success,,21022.14,web
2168,312,2026-05-11 22:03:37,merchant_payment,391.41,success,,100674.18,mobile_app
2169,492,2026-05-11 22:14:28,top_up,3546.32,success,,134193.92,qr_code
2170,480,2026-05-11 22:31:46,merchant_payment,2249.19,success,,77733.24,qr_code
2171,257,2026-05-11 22:56:43,merchant_payment,1574.93,success,,7584.19,agent
2172,156,2026-05-11 23:20:42,bill_payment,2413.53,success,,263365.82,agent
2173,380,2026-05-11 23:45:17,top_up,227.41,failed,card_declined,49379.19,mobile_app
2174,479,2026-05-11 23:49:07,merchant_payment,447.76,success,,249654.64,qr_code
2175,310,2026-05-12 01:22:55,merchant_payment,3273.79,success,,46807.18,web
2176,149,2026-05-12 01:48:47,bill_payment,1181.14,success,,10201.18,web
2177,152,2026-05-12 02:16:10,top_up,15011.07,success,,47915.97,mobile_app
2178,432,2026-05-12 02:22:52,merchant_payment,2351.02,success,,4064.98,mobile_app
2179,403,2026-05-12 03:06:31,merchant_payment,2953.18,success,,7093.18,mobile_app
2180,319,2026-05-12 04:06:09,top_up,1091.18,success,,118101.22,agent
2181,262,2026-05-12 05:36:27,p2p_transfer,983.99,success,,55786.91,web
2182,249,2026-05-12 07:06:02,p2p_transfer,1149.05,success,,104495.48,qr_code
2183,82,2026-05-12 08:14:56,top_up,2140.93,success,,103867.33,agent
2184,135,2026-05-12 08:44:50,p2p_transfer,3793.5,success,,110137.22,qr_code
2185,491,2026-05-12 09:10:33,p2p_transfer,2984.75,success,,126007.64,mobile_app
2186,156,2026-05-12 09:20:54,p2p_transfer,8362.23,failed,card_declined,263365.82,mobile_app
2187,159,2026-05-12 09:28:32,withdrawal,4846.85,success,,217718.27,agent
2188,161,2026-05-12 09:45:04,top_up,1748.42,success,,102561.81,web
2189,432,2026-05-12 09:47:52,bill_payment,6026.65,failed,insufficient_funds,4064.98,qr_code
2190,140,2026-05-12 09:58:47,merchant_payment,914.17,success,,67496.61,mobile_app
2191,478,2026-05-12 10:31:05,bill_payment,601.49,success,,226048.12,agent
2192,49,2026-05-12 10:40:32,merchant_payment,250.41,success,,133425.14,agent
2193,238,2026-05-12 10:45:25,bill_payment,1113.05,success,,7080.15,qr_code
2194,41,2026-05-12 10:53:46,bill_payment,1113.3,success,,99030.21,agent
2195,16,2026-05-12 11:15:04,merchant_payment,4598.36,success,,33442.6,web
2196,408,2026-05-12 11:28:19,top_up,10169.01,success,,18066.27,web
2197,497,2026-05-12 11:32:05,withdrawal,666.14,success,,74599.21,agent
2198,370,2026-05-12 11:46:14,merchant_payment,3818.45,success,,1927.55,agent
2199,81,2026-05-12 11:56:38,bill_payment,2149.46,success,,60607.14,web
2200,207,2026-05-12 11:57:38,top_up,6961.26,success,,82119.9,qr_code
2201,10,2026-05-12 13:39:07,top_up,1910.06,success,,50402.92,mobile_app
2202,246,2026-05-12 13:44:21,merchant_payment,347.39,success,,10288.88,mobile_app
2203,448,2026-05-12 13:53:19,merchant_payment,1351.73,success,,78892.51,qr_code
2204,462,2026-05-12 13:57:03,p2p_transfer,959.67,success,,42350.93,mobile_app
2205,471,2026-05-12 14:00:17,p2p_transfer,976.66,success,,25563.57,web
2206,43,2026-05-12 14:18:56,bill_payment,2818.42,failed,limit_exceeded,67918.72,qr_code
2207,407,2026-05-12 14:34:50,p2p_transfer,2039.45,success,,90390.78,qr_code
2208,264,2026-05-12 14:39:27,merchant_payment,310.76,success,,46782.36,mobile_app
2209,76,2026-05-12 14:42:20,top_up,273.04,success,,92055.71,agent
2210,291,2026-05-12 15:11:31,p2p_transfer,546.96,success,,11894.84,qr_code
2211,100,2026-05-12 15:15:36,top_up,1844.5,success,,16583.73,qr_code
2212,285,2026-05-12 15:31:53,top_up,604.18,success,,77826.56,mobile_app
2213,451,2026-05-12 15:31:54,merchant_payment,743.82,success,,55499.4,agent
2214,211,2026-05-12 15:57:52,merchant_payment,3747.15,success,,186614.02,mobile_app
2215,371,2026-05-12 16:06:17,merchant_payment,2018.01,failed,suspected_fraud,26585.26,agent
2216,425,2026-05-12 16:06:33,merchant_payment,8524.04,failed,limit_exceeded,185302.3,qr_code
2217,380,2026-05-12 16:41:29,p2p_transfer,2166.25,success,,47212.94,agent
2218,61,2026-05-12 17:00:31,top_up,4142.21,success,,184017.24,agent
2219,61,2026-05-12 17:13:53,top_up,1577.39,success,,185594.63,qr_code
2220,253,2026-05-12 17:23:48,top_up,3017.46,success,,67232.25,qr_code
2221,206,2026-05-12 17:59:24,merchant_payment,198.7,success,,88696.49,agent
2222,392,2026-05-12 18:14:10,withdrawal,1249.37,success,,70646.25,web
2223,394,2026-05-12 18:21:48,p2p_transfer,1094.21,success,,169579.36,mobile_app
2224,98,2026-05-12 18:41:44,p2p_transfer,2903.31,success,,24760.47,agent
2225,399,2026-05-12 19:18:37,top_up,152.62,success,,42487.21,qr_code
2226,116,2026-05-12 19:21:41,top_up,1619.01,success,,17807.95,mobile_app
2227,102,2026-05-12 19:31:01,bill_payment,407.66,success,,140181.16,web
2228,73,2026-05-12 19:37:12,top_up,1188.24,success,,1864.2,qr_code
2229,478,2026-05-12 20:11:42,bill_payment,1898.86,success,,224149.26,mobile_app
2230,439,2026-05-12 20:38:51,bill_payment,1614.23,success,,238115.78,qr_code
2231,447,2026-05-12 20:44:58,top_up,644.9,success,,13207.26,web
2232,43,2026-05-12 20:47:32,merchant_payment,1314.48,success,,66604.24,web
2233,304,2026-05-12 21:43:26,merchant_payment,1898.96,success,,23240.06,agent
2234,66,2026-05-12 22:09:21,top_up,1750.43,success,,20344.91,mobile_app
2235,262,2026-05-12 22:41:31,merchant_payment,5712.66,success,,50074.25,mobile_app
2236,86,2026-05-12 22:47:06,merchant_payment,1513.64,success,,7493.03,agent
2237,412,2026-05-12 22:49:46,withdrawal,4224.76,success,,155932.22,qr_code
2238,247,2026-05-12 22:53:19,p2p_transfer,1347.74,success,,207635.56,web
2239,440,2026-05-12 23:01:33,p2p_transfer,3816.9,success,,236316.6,mobile_app
2240,283,2026-05-12 23:08:42,merchant_payment,1930.75,success,,104885.25,qr_code
2241,72,2026-05-12 23:51:28,p2p_transfer,2365.41,failed,card_declined,56596.32,qr_code
2242,494,2026-05-13 01:10:54,p2p_transfer,574.88,success,,32871.5,web
2243,291,2026-05-13 02:04:30,bill_payment,354.31,success,,11540.53,qr_code
2244,411,2026-05-13 03:44:14,merchant_payment,1792.66,success,,205668.18,agent
2245,391,2026-05-13 03:53:54,merchant_payment,707.09,success,,140674.61,mobile_app
2246,201,2026-05-13 04:33:27,merchant_payment,527.43,success,,301.92,agent
2247,164,2026-05-13 05:08:58,bill_payment,5703.32,failed,network_error,70140.56,qr_code
2248,478,2026-05-13 07:07:13,withdrawal,412.49,success,,223736.77,mobile_app
2249,189,2026-05-13 07:39:57,top_up,5962.96,success,,167510.75,agent
2250,188,2026-05-13 07:53:58,merchant_payment,1221.54,success,,32038.74,agent
2251,180,2026-05-13 08:07:45,merchant_payment,2967.7,success,,199804.64,qr_code
2252,403,2026-05-13 08:26:00,top_up,1913.42,failed,limit_exceeded,7093.18,mobile_app
2253,8,2026-05-13 08:40:06,merchant_payment,2916.24,success,,3274.88,qr_code
2254,493,2026-05-13 08:46:06,merchant_payment,2464.9,success,,176549.37,agent
2255,154,2026-05-13 08:52:01,merchant_payment,1558.36,success,,96947.54,agent
2256,199,2026-05-13 09:06:03,top_up,1583.54,success,,80665.24,mobile_app
2257,164,2026-05-13 09:11:52,merchant_payment,381.03,success,,69759.53,agent
2258,209,2026-05-13 09:20:44,top_up,1464.37,success,,88960.35,mobile_app
2259,254,2026-05-13 09:36:26,withdrawal,1987.17,success,,71366.37,mobile_app
2260,298,2026-05-13 09:49:32,bill_payment,673.54,failed,insufficient_funds,308.43,agent
2261,401,2026-05-13 10:07:31,bill_payment,3323.66,success,,95028.6,web
2262,453,2026-05-13 10:07:42,withdrawal,989.57,success,,56498.41,qr_code
2263,272,2026-05-13 10:33:36,p2p_transfer,2006.71,failed,suspected_fraud,112872.15,web
2264,245,2026-05-13 11:25:28,merchant_payment,6542.28,success,,268438.9,mobile_app
2265,440,2026-05-13 11:52:56,bill_payment,419.75,success,,235896.85,qr_code
2266,19,2026-05-13 12:00:11,p2p_transfer,32022.61,failed,insufficient_funds,7863.81,mobile_app
2267,380,2026-05-13 12:15:55,bill_payment,774.92,success,,46438.02,mobile_app
2268,242,2026-05-13 12:50:12,bill_payment,2244.89,success,,1520.86,qr_code
2269,41,2026-05-13 13:23:54,top_up,4299.23,success,,103329.44,qr_code
2270,493,2026-05-13 14:00:37,bill_payment,463.8,success,,176085.57,mobile_app
2271,316,2026-05-13 14:06:38,withdrawal,2425.37,success,,73552.49,qr_code
2272,435,2026-05-13 14:10:43,p2p_transfer,5222.97,success,,19814.31,agent
2273,68,2026-05-13 14:47:00,merchant_payment,4907.15,success,,95185.93,agent
2274,193,2026-05-13 14:53:54,withdrawal,1809.7,success,,13137.23,mobile_app
2275,315,2026-05-13 15:19:54,p2p_transfer,2510.19,success,,9470.2,qr_code
2276,434,2026-05-13 15:36:37,withdrawal,1811.21,failed,network_error,12989.58,qr_code
2277,326,2026-05-13 15:43:56,p2p_transfer,1149.01,failed,card_declined,163874.67,mobile_app
2278,278,2026-05-13 15:49:56,p2p_transfer,1270.92,success,,25585.95,qr_code
2279,189,2026-05-13 15:54:34,p2p_transfer,14041.29,success,,153469.46,agent
2280,166,2026-05-13 16:59:36,bill_payment,744.92,success,,59639.66,qr_code
2281,411,2026-05-13 17:01:28,top_up,6352.85,success,,212021.03,web
2282,450,2026-05-13 17:05:00,p2p_transfer,1839.15,success,,147916.61,agent
2283,262,2026-05-13 17:06:14,top_up,14160.72,success,,64234.97,mobile_app
2284,44,2026-05-13 17:11:31,top_up,1080.22,success,,52292.34,agent
2285,237,2026-05-13 17:49:02,merchant_payment,356.8,failed,limit_exceeded,61194.62,agent
2286,221,2026-05-13 18:26:32,merchant_payment,1170.78,success,,81485.65,mobile_app
2287,177,2026-05-13 18:28:20,merchant_payment,365.54,success,,112215.53,mobile_app
2288,189,2026-05-13 18:40:39,merchant_payment,3183.47,success,,150285.99,mobile_app
2289,390,2026-05-13 18:51:54,p2p_transfer,2934.79,success,,1840.99,agent
2290,487,2026-05-13 19:04:06,bill_payment,176.56,success,,37430.75,agent
2291,484,2026-05-13 19:45:40,merchant_payment,1250.29,success,,58774.33,agent
2292,278,2026-05-13 19:47:55,merchant_payment,755.62,success,,24830.33,mobile_app
2293,282,2026-05-13 20:17:19,top_up,7130.9,success,,119632.71,web
2294,243,2026-05-13 20:55:31,bill_payment,894.36,success,,80169.35,web
2295,58,2026-05-13 20:59:59,top_up,1210.21,success,,57692.77,mobile_app
2296,156,2026-05-13 21:48:02,withdrawal,1093.11,success,,262272.71,mobile_app
2297,211,2026-05-13 21:54:39,merchant_payment,1543.14,success,,185070.88,web
2298,13,2026-05-13 22:55:17,bill_payment,7676.33,success,,65274.23,qr_code
2299,246,2026-05-13 23:14:52,p2p_transfer,422.34,success,,9866.54,web
2300,489,2026-05-13 23:23:51,p2p_transfer,512.36,success,,88300.78,agent
2301,115,2026-05-13 23:25:17,merchant_payment,887.74,success,,85763.21,mobile_app
2302,493,2026-05-13 23:46:40,top_up,3697.63,failed,card_declined,176085.57,agent
2303,276,2026-05-13 23:49:53,merchant_payment,857.81,success,,73358.85,qr_code
2304,275,2026-05-13 23:53:45,top_up,12480.5,success,,199543.62,qr_code
2305,434,2026-05-14 00:12:32,top_up,946.9,failed,invalid_recipient,12989.58,qr_code
2306,201,2026-05-14 00:23:04,top_up,11806.48,success,,12108.4,qr_code
2307,42,2026-05-14 00:50:27,merchant_payment,6658.15,success,,5252.15,agent
2308,189,2026-05-14 02:41:10,top_up,781.26,success,,151067.25,web
2309,299,2026-05-14 04:54:22,p2p_transfer,3390.55,success,,23684.04,agent
2310,460,2026-05-14 07:07:42,p2p_transfer,788.46,success,,225566.83,mobile_app
2311,474,2026-05-14 07:09:36,bill_payment,1684.97,success,,26316.6,agent
2312,500,2026-05-14 08:49:13,top_up,3789.94,success,,89895.34,qr_code
2313,319,2026-05-14 09:26:03,merchant_payment,1340.91,success,,116760.31,qr_code
2314,461,2026-05-14 09:51:35,top_up,1786.66,success,,94407.03,web
2315,239,2026-05-14 10:38:20,withdrawal,580.27,success,,24405.46,mobile_app
2316,221,2026-05-14 10:45:14,p2p_transfer,617.99,success,,80867.66,web
2317,344,2026-05-14 11:19:16,merchant_payment,1675.62,success,,92612.23,mobile_app
2318,125,2026-05-14 12:00:41,bill_payment,392.92,success,,104622.3,qr_code
2319,348,2026-05-14 12:14:22,merchant_payment,237.64,success,,18985.63,mobile_app
2320,353,2026-05-14 12:25:58,merchant_payment,4271.88,failed,network_error,24696.62,mobile_app
2321,160,2026-05-14 12:40:30,p2p_transfer,135.78,failed,suspected_fraud,5541.33,qr_code
2322,139,2026-05-14 13:13:17,top_up,11584.14,success,,11962.15,mobile_app
2323,203,2026-05-14 13:15:00,bill_payment,230.36,success,,81745.85,web
2324,91,2026-05-14 13:38:41,withdrawal,1006.29,success,,89273.46,qr_code
2325,450,2026-05-14 13:49:36,bill_payment,1903.44,success,,146013.17,web
2326,21,2026-05-14 15:31:31,bill_payment,7917.68,failed,insufficient_funds,6707.28,qr_code
2327,159,2026-05-14 16:20:19,p2p_transfer,4122.57,success,,213595.7,agent
2328,102,2026-05-14 16:20:21,withdrawal,319.73,success,,139861.43,agent
2329,129,2026-05-14 16:55:16,p2p_transfer,332.15,success,,25215.18,qr_code
2330,284,2026-05-14 16:59:54,top_up,1221.55,success,,111419.07,agent
2331,171,2026-05-14 17:06:03,p2p_transfer,861.76,success,,22396.16,web
2332,461,2026-05-14 17:11:34,merchant_payment,2134.59,success,,92272.44,web
2333,382,2026-05-14 18:37:31,top_up,2097.6,success,,15296.5,qr_code
2334,25,2026-05-14 18:40:07,bill_payment,1119.02,success,,15961.28,mobile_app
2335,313,2026-05-14 19:06:30,p2p_transfer,812.63,success,,67416.07,mobile_app
2336,329,2026-05-14 19:24:03,bill_payment,1230.08,success,,89398.64,agent
2337,228,2026-05-14 19:29:27,merchant_payment,809.52,success,,45676.8,mobile_app
2338,30,2026-05-14 19:34:13,merchant_payment,1337.91,success,,122107.63,web
2339,245,2026-05-14 19:41:22,p2p_transfer,1970.94,success,,266467.96,qr_code
2340,329,2026-05-14 19:53:22,p2p_transfer,8740.92,success,,80657.72,mobile_app
2341,189,2026-05-14 19:54:43,p2p_transfer,12578.99,success,,138488.26,web
2342,70,2026-05-14 20:09:50,merchant_payment,253.06,success,,75136.23,agent
2343,259,2026-05-14 20:13:59,bill_payment,1075.55,success,,58317.78,web
2344,371,2026-05-14 20:18:43,withdrawal,2873.43,success,,23711.83,mobile_app
2345,137,2026-05-14 20:27:49,merchant_payment,2346.06,success,,20286.55,agent
2346,478,2026-05-14 20:28:06,p2p_transfer,928.62,success,,222808.15,agent
2347,337,2026-05-14 21:07:00,p2p_transfer,464.21,success,,77173.73,agent
2348,440,2026-05-14 21:11:44,p2p_transfer,579.83,success,,235317.02,mobile_app
2349,55,2026-05-14 21:21:09,bill_payment,1219.6,success,,235502.54,mobile_app
2350,135,2026-05-14 21:36:59,top_up,2966.1,success,,113103.32,qr_code
2351,485,2026-05-14 21:47:45,p2p_transfer,2100.08,success,,77293.25,qr_code
2352,211,2026-05-14 22:01:35,merchant_payment,2065.85,success,,183005.03,web
2353,439,2026-05-14 22:43:48,p2p_transfer,1318.44,success,,236797.34,agent
2354,403,2026-05-15 00:02:13,top_up,2069.55,success,,9162.73,web
2355,479,2026-05-15 03:23:31,top_up,437.52,success,,250092.16,agent
2356,19,2026-05-15 05:00:15,p2p_transfer,641.32,success,,7222.49,agent
2357,64,2026-05-15 05:58:13,merchant_payment,398.06,success,,8068.9,agent
2358,395,2026-05-15 07:00:58,bill_payment,602.16,success,,58963.89,agent
2359,489,2026-05-15 08:06:06,p2p_transfer,2017.6,failed,invalid_recipient,88300.78,agent
2360,123,2026-05-15 08:13:52,p2p_transfer,762.87,success,,11274.77,mobile_app
2361,315,2026-05-15 08:23:57,top_up,4210.85,success,,13681.05,web
2362,375,2026-05-15 08:25:25,p2p_transfer,1076.93,success,,57821.82,qr_code
2363,22,2026-05-15 08:29:51,bill_payment,303.68,success,,117293.46,agent
2364,66,2026-05-15 09:15:02,merchant_payment,1412.86,success,,18932.05,qr_code
2365,447,2026-05-15 09:19:32,bill_payment,2859.37,success,,10347.89,mobile_app
2366,211,2026-05-15 09:40:40,merchant_payment,1254.96,success,,181750.07,mobile_app
2367,358,2026-05-15 10:31:34,p2p_transfer,2026.96,failed,insufficient_funds,832.39,web
2368,481,2026-05-15 10:54:15,withdrawal,170.65,success,,91821.84,qr_code
2369,118,2026-05-15 11:06:01,top_up,918.86,success,,145501.08,web
2370,313,2026-05-15 11:50:28,top_up,1128.42,success,,68544.49,mobile_app
2371,66,2026-05-15 12:09:45,merchant_payment,453.61,success,,18478.44,mobile_app
2372,338,2026-05-15 12:16:16,top_up,952.26,success,,130776.94,web
2373,353,2026-05-15 12:28:07,bill_payment,547.41,success,,24149.21,mobile_app
2374,406,2026-05-15 13:40:30,merchant_payment,556.52,success,,1686.41,mobile_app
2375,21,2026-05-15 13:43:15,merchant_payment,402.4,failed,suspected_fraud,6707.28,qr_code
2376,186,2026-05-15 14:43:09,merchant_payment,1824.72,success,,164238.14,web
2377,368,2026-05-15 14:44:19,bill_payment,334.16,success,,175744.45,qr_code
2378,296,2026-05-15 14:53:59,p2p_transfer,724.22,success,,10163.43,agent
2379,152,2026-05-15 16:13:55,merchant_payment,4712.55,success,,43203.42,qr_code
2380,171,2026-05-15 16:21:14,top_up,1245.9,success,,23642.06,agent
2381,299,2026-05-15 16:25:20,top_up,243.25,success,,23927.29,mobile_app
2382,13,2026-05-15 16:32:49,bill_payment,2079.89,success,,63194.34,qr_code
2383,201,2026-05-15 16:34:08,p2p_transfer,2048.78,failed,card_declined,12108.4,agent
2384,259,2026-05-15 16:43:31,merchant_payment,1983.8,success,,56333.98,web
2385,413,2026-05-15 17:22:40,withdrawal,1492.26,success,,95563.46,mobile_app
2386,130,2026-05-15 17:51:58,bill_payment,647.67,success,,99154.07,agent
2387,500,2026-05-15 19:06:22,p2p_transfer,929.31,success,,88966.03,qr_code
2388,479,2026-05-15 19:42:49,p2p_transfer,389.9,success,,249702.26,agent
2389,120,2026-05-15 19:45:05,bill_payment,844.63,success,,228105.33,qr_code
2390,149,2026-05-15 19:45:49,top_up,2289.36,success,,12490.54,mobile_app
2391,493,2026-05-15 19:50:54,p2p_transfer,1692.97,success,,174392.6,agent
2392,390,2026-05-15 19:59:28,top_up,4260.94,success,,6101.93,agent
2393,189,2026-05-15 20:03:02,merchant_payment,4698.45,success,,133789.81,web
2394,432,2026-05-15 20:03:15,p2p_transfer,1293.82,success,,2771.16,mobile_app
2395,433,2026-05-15 20:16:40,bill_payment,656.86,success,,130788.7,qr_code
2396,63,2026-05-15 20:56:34,bill_payment,1306.22,success,,65774.28,mobile_app
2397,412,2026-05-15 21:13:09,merchant_payment,405.04,success,,155527.18,web
2398,127,2026-05-15 21:58:03,withdrawal,1677.85,success,,53612.65,web
2399,94,2026-05-15 22:58:47,p2p_transfer,1102.74,success,,93337.71,web
2400,479,2026-05-15 23:23:37,bill_payment,3316.67,success,,246385.59,qr_code
2401,187,2026-05-15 23:44:50,merchant_payment,2606.7,success,,44335.66,mobile_app
2402,430,2026-05-16 00:21:56,top_up,994.05,success,,12745.06,mobile_app
2403,108,2026-05-16 00:55:38,merchant_payment,1178.71,success,,82582.78,qr_code
2404,178,2026-05-16 01:07:24,top_up,1291.42,failed,network_error,6160.92,web
2405,167,2026-05-16 01:44:25,top_up,2139.07,success,,10489.5,qr_code
2406,67,2026-05-16 02:02:39,withdrawal,2147.84,success,,104846.81,qr_code
2407,73,2026-05-16 02:27:46,top_up,101.52,success,,1965.72,web
2408,252,2026-05-16 05:54:36,top_up,1220.59,success,,50732.31,qr_code
2409,241,2026-05-16 07:14:46,merchant_payment,1917.76,failed,suspected_fraud,23098.09,mobile_app
2410,159,2026-05-16 07:41:37,bill_payment,1654.84,success,,211940.86,agent
2411,264,2026-05-16 08:00:43,merchant_payment,2007.93,success,,44774.43,web
2412,121,2026-05-16 08:14:46,merchant_payment,420.55,success,,16952.35,qr_code
2413,440,2026-05-16 08:43:01,merchant_payment,300.34,success,,235016.68,agent
2414,393,2026-05-16 09:01:48,top_up,1320.34,success,,42978.21,qr_code
2415,459,2026-05-16 09:17:13,bill_payment,3363.93,success,,6883.15,agent
2416,71,2026-05-16 09:20:43,withdrawal,473.08,success,,37463.19,agent
2417,180,2026-05-16 09:46:23,merchant_payment,885.94,success,,198918.7,web
2418,255,2026-05-16 09:47:53,p2p_transfer,446.97,success,,48928.47,qr_code
2419,216,2026-05-16 10:59:02,p2p_transfer,405.88,success,,117533.39,mobile_app
2420,259,2026-05-16 11:20:03,top_up,955.25,success,,57289.23,agent
2421,187,2026-05-16 11:41:54,p2p_transfer,2743.18,success,,41592.48,web
2422,303,2026-05-16 11:43:47,merchant_payment,6225.53,success,,106803.7,qr_code
2423,427,2026-05-16 11:55:48,top_up,2779.31,success,,91046.54,web
2424,338,2026-05-16 11:58:21,merchant_payment,1126.03,success,,129650.91,web
2425,16,2026-05-16 12:06:11,p2p_transfer,939.48,success,,32503.12,agent
2426,478,2026-05-16 12:08:23,merchant_payment,2123.4,success,,220684.75,qr_code
2427,491,2026-05-16 12:16:27,withdrawal,1170.26,success,,124837.38,qr_code
2428,152,2026-05-16 12:37:38,merchant_payment,119.94,success,,43083.48,web
2429,411,2026-05-16 12:48:31,p2p_transfer,701.36,success,,211319.67,web
2430,160,2026-05-16 12:59:34,top_up,3594.58,success,,9135.91,web
2431,71,2026-05-16 14:30:10,merchant_payment,336.12,success,,37127.07,qr_code
2432,469,2026-05-16 15:08:42,top_up,3187.01,success,,20559.1,qr_code
2433,273,2026-05-16 15:10:45,p2p_transfer,1457.42,success,,48316.46,qr_code
2434,253,2026-05-16 15:16:15,withdrawal,356.33,success,,66875.92,web
2435,315,2026-05-16 15:23:18,merchant_payment,1586.16,success,,12094.89,mobile_app
2436,258,2026-05-16 15:30:56,p2p_transfer,6260.02,success,,44826.73,agent
2437,407,2026-05-16 15:44:04,top_up,1377.5,success,,91768.28,web
2438,128,2026-05-16 16:25:51,merchant_payment,581.46,success,,18059.68,agent
2439,430,2026-05-16 16:28:57,bill_payment,3961.77,success,,8783.29,web
2440,332,2026-05-16 16:43:35,p2p_transfer,483.54,success,,29644.31,mobile_app
2441,336,2026-05-16 17:08:40,bill_payment,162.8,success,,279620.15,agent
2442,172,2026-05-16 17:14:02,p2p_transfer,851.22,success,,70368.05,web
2443,312,2026-05-16 17:16:32,top_up,1047.09,success,,101721.27,qr_code
2444,461,2026-05-16 17:25:27,p2p_transfer,2326.32,success,,89946.12,mobile_app
2445,264,2026-05-16 17:36:39,p2p_transfer,598.52,success,,44175.91,web
2446,453,2026-05-16 17:38:03,merchant_payment,3429.26,success,,53069.15,mobile_app
2447,387,2026-05-16 17:49:51,p2p_transfer,2904.62,success,,144499.18,qr_code
2448,339,2026-05-16 18:06:41,p2p_transfer,640.68,success,,42330.04,web
2449,272,2026-05-16 18:36:27,merchant_payment,2195.58,success,,110676.57,agent
2450,138,2026-05-16 18:52:27,top_up,2312.61,success,,106794.78,web
2451,262,2026-05-16 19:22:13,merchant_payment,789.13,success,,63445.84,agent
2452,211,2026-05-16 20:26:44,top_up,747.09,success,,182497.16,mobile_app
2453,114,2026-05-16 20:43:06,merchant_payment,1986.19,success,,116270.1,web
2454,181,2026-05-16 21:25:24,p2p_transfer,518.16,success,,17621.59,web
2455,451,2026-05-16 21:33:37,p2p_transfer,2518.53,success,,52980.87,web
2456,331,2026-05-16 21:38:15,merchant_payment,3246.39,success,,118451.31,mobile_app
2457,318,2026-05-16 22:23:08,bill_payment,625.72,success,,70874.69,qr_code
2458,11,2026-05-16 22:36:44,p2p_transfer,285.4,success,,127666.98,agent
2459,91,2026-05-16 22:42:13,top_up,1037.7,success,,90311.16,web
2460,167,2026-05-16 22:50:08,merchant_payment,2521.76,success,,7967.74,mobile_app
2461,194,2026-05-16 22:57:27,merchant_payment,478.29,success,,10451.46,web
2462,333,2026-05-16 23:19:57,merchant_payment,2803.86,success,,131704.28,web
2463,435,2026-05-16 23:52:19,top_up,3667.18,success,,23481.49,agent
2464,491,2026-05-16 23:53:27,top_up,1396.48,success,,126233.86,mobile_app
2465,277,2026-05-16 23:55:36,p2p_transfer,1040.48,success,,32181.91,qr_code
2466,198,2026-05-17 01:16:37,merchant_payment,4038.7,success,,51750.21,agent
2467,168,2026-05-17 01:38:50,top_up,273.28,success,,19321.86,qr_code
2468,301,2026-05-17 01:40:35,withdrawal,1239.27,success,,4386.7,mobile_app
2469,240,2026-05-17 01:48:32,bill_payment,3442.79,success,,13825.08,agent
2470,294,2026-05-17 03:13:48,p2p_transfer,1637.44,success,,102669.15,agent
2471,460,2026-05-17 03:15:52,withdrawal,3768.94,failed,limit_exceeded,225566.83,mobile_app
2472,102,2026-05-17 04:19:30,p2p_transfer,1429.22,success,,138432.21,mobile_app
2473,408,2026-05-17 04:31:16,merchant_payment,4890.34,success,,13175.93,agent
2474,357,2026-05-17 04:45:51,merchant_payment,917.27,success,,7157.53,qr_code
2475,371,2026-05-17 05:01:39,withdrawal,2015.79,success,,21696.04,web
2476,152,2026-05-17 05:27:20,merchant_payment,931.69,success,,42151.79,qr_code
2477,80,2026-05-17 05:40:52,merchant_payment,2782.7,success,,11320.58,web
2478,411,2026-05-17 07:05:54,withdrawal,9265.18,success,,202054.49,agent
2479,309,2026-05-17 07:14:48,merchant_payment,829.69,success,,51815.27,agent
2480,452,2026-05-17 07:21:40,p2p_transfer,21709.15,failed,insufficient_funds,8525.23,web
2481,475,2026-05-17 07:28:50,withdrawal,455.69,success,,21825.59,agent
2482,312,2026-05-17 07:45:40,p2p_transfer,8992.63,success,,92728.64,web
2483,132,2026-05-17 08:18:03,merchant_payment,404.35,success,,37042.78,agent
2484,118,2026-05-17 08:42:31,merchant_payment,3224.85,success,,142276.23,mobile_app
2485,482,2026-05-17 08:53:13,p2p_transfer,704.03,success,,51290.15,qr_code
2486,246,2026-05-17 09:05:21,withdrawal,6594.04,success,,3272.5,mobile_app
2487,189,2026-05-17 09:55:43,top_up,352.38,success,,134142.19,web
2488,42,2026-05-17 10:06:49,p2p_transfer,3131.23,success,,2120.92,qr_code
2489,398,2026-05-17 10:13:50,top_up,7564.37,success,,38994.86,agent
2490,498,2026-05-17 10:29:13,merchant_payment,1542.4,success,,55884.27,qr_code
2491,20,2026-05-17 10:56:40,bill_payment,329.55,success,,90833.74,agent
2492,199,2026-05-17 11:04:11,merchant_payment,1553.21,success,,79112.03,mobile_app
2493,465,2026-05-17 11:14:21,bill_payment,1484.64,success,,20884.36,web
2494,24,2026-05-17 11:51:47,p2p_transfer,380.2,success,,6904.2,mobile_app
2495,135,2026-05-17 12:01:17,withdrawal,419.61,success,,112683.71,qr_code
2496,313,2026-05-17 13:21:23,p2p_transfer,400.24,success,,68144.25,agent
2497,374,2026-05-17 13:32:02,merchant_payment,3400.54,success,,55422.73,agent
2498,333,2026-05-17 14:12:46,p2p_transfer,5655.84,success,,126048.44,web
2499,97,2026-05-17 14:19:37,withdrawal,1893.97,success,,94686.11,qr_code
2500,300,2026-05-17 15:46:28,merchant_payment,638.59,success,,155643.24,web
2501,73,2026-05-17 16:18:51,merchant_payment,564.45,success,,1401.27,web
2502,198,2026-05-17 16:28:09,bill_payment,296.97,failed,card_declined,51750.21,agent
2503,230,2026-05-17 16:28:11,merchant_payment,1539.89,success,,23130.77,agent
2504,445,2026-05-17 16:32:40,p2p_transfer,1047.8,success,,112875.61,qr_code
2505,329,2026-05-17 17:15:08,top_up,8954.66,success,,89612.38,mobile_app
2506,47,2026-05-17 17:18:04,merchant_payment,803.23,success,,22244.35,web
2507,160,2026-05-17 18:58:54,bill_payment,1061.08,failed,invalid_recipient,9135.91,web
2508,69,2026-05-17 19:20:29,top_up,3489.97,failed,network_error,33028.98,mobile_app
2509,138,2026-05-17 19:21:34,withdrawal,1548.94,success,,105245.84,agent
2510,102,2026-05-17 19:31:17,merchant_payment,704.47,success,,137727.74,qr_code
2511,414,2026-05-17 19:31:57,p2p_transfer,4706.53,failed,insufficient_funds,4619.34,web
2512,171,2026-05-17 19:42:51,merchant_payment,559.19,success,,23082.87,qr_code
2513,211,2026-05-17 19:55:21,merchant_payment,4585.8,success,,177911.36,web
2514,64,2026-05-17 20:11:15,top_up,529.14,success,,8598.04,mobile_app
2515,479,2026-05-17 21:22:11,top_up,8695.52,success,,255081.11,web
2516,491,2026-05-17 22:17:35,merchant_payment,1928.02,success,,124305.84,agent
2517,337,2026-05-17 22:44:30,p2p_transfer,855.79,success,,76317.94,mobile_app
2518,453,2026-05-17 22:47:26,top_up,575.18,success,,53644.33,qr_code
2519,61,2026-05-17 22:52:34,bill_payment,4630.07,success,,180964.56,qr_code
2520,50,2026-05-17 23:18:48,top_up,1347.84,success,,81452.66,web
2521,437,2026-05-17 23:44:55,bill_payment,9888.27,success,,94845.72,agent
2522,358,2026-05-18 00:13:23,p2p_transfer,2697.45,failed,insufficient_funds,832.39,web
2523,403,2026-05-18 00:49:30,top_up,4513.5,success,,13676.23,web
2524,434,2026-05-18 01:05:50,merchant_payment,2617.63,success,,10371.95,web
2525,180,2026-05-18 01:39:41,p2p_transfer,3644.98,success,,195273.72,qr_code
2526,167,2026-05-18 01:41:31,merchant_payment,6302.66,success,,1665.08,web
2527,262,2026-05-18 03:59:45,top_up,582.74,success,,64028.58,agent
2528,167,2026-05-18 04:42:19,top_up,19696.53,success,,21361.61,qr_code
2529,238,2026-05-18 07:08:24,merchant_payment,7311.11,failed,insufficient_funds,7080.15,qr_code
2530,22,2026-05-18 07:18:48,merchant_payment,649.29,success,,116644.17,web
2531,269,2026-05-18 07:22:26,merchant_payment,413.35,success,,40771.97,qr_code
2532,299,2026-05-18 07:34:33,top_up,480.19,success,,24407.48,agent
2533,242,2026-05-18 08:07:10,merchant_payment,3408.92,failed,insufficient_funds,1520.86,mobile_app
2534,462,2026-05-18 09:23:34,bill_payment,818.48,success,,41532.45,agent
2535,277,2026-05-18 09:50:50,bill_payment,1630.97,success,,30550.94,mobile_app
2536,451,2026-05-18 09:53:43,merchant_payment,922.37,success,,52058.5,mobile_app
2537,279,2026-05-18 10:53:38,merchant_payment,1348.45,success,,10904.64,agent
2538,44,2026-05-18 11:21:30,top_up,768.06,success,,53060.4,agent
2539,165,2026-05-18 11:46:50,merchant_payment,233.34,success,,23909.02,agent
2540,376,2026-05-18 12:49:18,withdrawal,887.6,success,,75532.15,mobile_app
2541,475,2026-05-18 13:19:50,p2p_transfer,4369.98,success,,17455.61,web
2542,267,2026-05-18 14:00:03,merchant_payment,2088.52,success,,72270.64,mobile_app
2543,230,2026-05-18 14:00:31,top_up,2931.22,success,,26061.99,qr_code
2544,197,2026-05-18 14:17:21,merchant_payment,2083.94,success,,44342.59,qr_code
2545,477,2026-05-18 14:22:20,p2p_transfer,2680.19,success,,66661.36,qr_code
2546,474,2026-05-18 14:50:11,withdrawal,364.59,success,,25952.01,qr_code
2547,299,2026-05-18 14:54:25,withdrawal,3640.88,success,,20766.6,qr_code
2548,368,2026-05-18 15:21:04,merchant_payment,669.92,success,,175074.53,mobile_app
2549,31,2026-05-18 15:27:55,withdrawal,1151.24,success,,223096.38,web
2550,440,2026-05-18 16:26:32,p2p_transfer,668.11,success,,234348.57,agent
2551,251,2026-05-18 16:37:04,merchant_payment,601.63,failed,network_error,198807.61,mobile_app
2552,294,2026-05-18 17:00:26,merchant_payment,12524.31,success,,90144.84,mobile_app
2553,22,2026-05-18 17:04:47,p2p_transfer,852.67,success,,115791.5,qr_code
2554,142,2026-05-18 17:17:23,merchant_payment,572.18,success,,113263.77,agent
2555,471,2026-05-18 17:22:19,merchant_payment,1515.03,success,,24048.54,agent
2556,441,2026-05-18 17:47:44,merchant_payment,3114.23,success,,2964.2,mobile_app
2557,479,2026-05-18 17:52:12,bill_payment,4772.8,success,,250308.31,web
2558,387,2026-05-18 18:00:25,bill_payment,1294.11,success,,143205.07,agent
2559,62,2026-05-18 18:02:31,bill_payment,2929.84,success,,109980.57,mobile_app
2560,180,2026-05-18 18:05:54,top_up,2006.46,success,,197280.18,qr_code
2561,248,2026-05-18 18:35:51,top_up,1044.05,success,,97458.23,qr_code
2562,102,2026-05-18 19:46:36,p2p_transfer,464.87,success,,137262.87,web
2563,418,2026-05-18 19:54:38,top_up,1478.83,success,,11448.84,agent
2564,126,2026-05-18 20:46:48,merchant_payment,829.29,failed,limit_exceeded,20179.35,web
2565,242,2026-05-18 21:23:36,withdrawal,21280.55,failed,insufficient_funds,1520.86,mobile_app
2566,261,2026-05-18 21:37:33,top_up,1730.03,success,,54493.86,qr_code
2567,15,2026-05-18 21:45:27,merchant_payment,598.79,success,,88251.01,qr_code
2568,242,2026-05-18 21:46:45,p2p_transfer,1354.73,success,,166.13,qr_code
2569,365,2026-05-18 22:17:06,top_up,1474.75,success,,254954.35,web
2570,401,2026-05-18 22:25:18,p2p_transfer,2531.95,success,,92496.65,mobile_app
2571,105,2026-05-18 22:27:53,top_up,1376.66,success,,16817.51,agent
2572,211,2026-05-18 22:29:46,withdrawal,3832.72,success,,174078.64,mobile_app
2573,115,2026-05-18 22:31:13,bill_payment,538.98,success,,85224.23,web
2574,91,2026-05-18 23:07:31,p2p_transfer,1570.51,success,,88740.65,web
2575,20,2026-05-19 00:52:49,p2p_transfer,1581.25,success,,89252.49,mobile_app
2576,453,2026-05-19 02:10:45,top_up,1486.34,success,,55130.67,web
2577,168,2026-05-19 02:20:36,top_up,13428.66,success,,32750.52,web
2578,262,2026-05-19 05:11:39,bill_payment,461.95,success,,63566.63,qr_code
2579,118,2026-05-19 07:14:07,merchant_payment,1476.6,success,,140799.63,agent
2580,29,2026-05-19 07:26:18,bill_payment,329.49,success,,80665.05,qr_code
2581,109,2026-05-19 07:37:21,top_up,1106.19,success,,52847.9,qr_code
2582,380,2026-05-19 07:41:05,merchant_payment,1598.2,success,,44839.82,agent
2583,125,2026-05-19 08:09:54,p2p_transfer,634.59,success,,103987.71,web
2584,478,2026-05-19 08:10:32,bill_payment,3411.99,success,,217272.76,agent
2585,247,2026-05-19 08:11:28,bill_payment,527.63,success,,207107.93,agent
2586,498,2026-05-19 08:59:55,p2p_transfer,818.22,success,,55066.05,mobile_app
2587,493,2026-05-19 09:07:16,withdrawal,4082.45,success,,170310.15,mobile_app
2588,430,2026-05-19 10:03:09,merchant_payment,947.07,success,,7836.22,agent
2589,86,2026-05-19 10:10:06,merchant_payment,1071.49,success,,6421.54,mobile_app
2590,112,2026-05-19 12:25:09,merchant_payment,639.64,success,,80432.68,web
2591,272,2026-05-19 12:47:24,bill_payment,392.73,success,,110283.84,agent
2592,414,2026-05-19 13:40:52,merchant_payment,1377.53,success,,3241.81,agent
2593,437,2026-05-19 15:14:51,top_up,3515.97,success,,98361.69,qr_code
2594,467,2026-05-19 15:56:26,bill_payment,910.89,success,,275578.03,mobile_app
2595,105,2026-05-19 15:58:40,bill_payment,4324.64,success,,12492.87,agent
2596,29,2026-05-19 16:06:44,merchant_payment,1176.0,success,,79489.05,mobile_app
2597,40,2026-05-19 16:08:47,p2p_transfer,5618.63,success,,246486.63,mobile_app
2598,493,2026-05-19 16:16:31,top_up,4862.26,success,,175172.41,mobile_app
2599,299,2026-05-19 16:18:41,merchant_payment,4372.96,success,,16393.64,mobile_app
2600,187,2026-05-19 16:25:17,p2p_transfer,610.44,success,,40982.04,web
2601,72,2026-05-19 16:33:55,p2p_transfer,1535.23,success,,55061.09,mobile_app
2602,377,2026-05-19 16:42:43,merchant_payment,897.05,success,,36652.93,web
2603,439,2026-05-19 16:43:52,merchant_payment,2227.69,success,,234569.65,agent
2604,134,2026-05-19 16:44:25,top_up,981.63,success,,35391.12,web
2605,493,2026-05-19 17:23:52,top_up,5992.43,success,,181164.84,agent
2606,478,2026-05-19 17:52:24,top_up,2521.44,success,,219794.2,mobile_app
2607,152,2026-05-19 18:16:48,merchant_payment,990.77,success,,41161.02,mobile_app
2608,354,2026-05-19 18:54:23,top_up,2817.07,success,,100904.71,web
2609,493,2026-05-19 18:56:18,merchant_payment,2673.52,success,,178491.32,web
2610,486,2026-05-19 19:19:09,merchant_payment,908.93,success,,46251.01,web
2611,172,2026-05-19 19:19:21,top_up,1074.58,success,,71442.63,mobile_app
2612,116,2026-05-19 19:47:43,withdrawal,3138.53,failed,card_declined,17807.95,web
2613,433,2026-05-19 19:49:57,merchant_payment,3309.06,success,,127479.64,qr_code
2614,336,2026-05-19 19:51:55,withdrawal,2073.84,success,,277546.31,web
2615,466,2026-05-19 19:54:45,merchant_payment,1384.41,success,,208134.21,mobile_app
2616,450,2026-05-19 20:39:04,top_up,3208.48,success,,149221.65,web
2617,435,2026-05-19 21:15:46,merchant_payment,2074.39,success,,21407.1,mobile_app
2618,104,2026-05-19 21:24:43,merchant_payment,587.26,success,,13446.55,agent
2619,213,2026-05-19 21:30:51,p2p_transfer,395.57,success,,11784.52,mobile_app
2620,281,2026-05-19 21:42:36,p2p_transfer,1141.19,success,,58990.71,agent
2621,329,2026-05-19 22:01:22,merchant_payment,989.93,success,,88622.45,mobile_app
2622,160,2026-05-19 22:32:49,p2p_transfer,212.69,success,,8923.22,qr_code
2623,392,2026-05-19 22:39:00,top_up,10957.79,success,,81604.04,qr_code
2624,172,2026-05-19 22:46:54,withdrawal,4302.8,success,,67139.83,agent
2625,434,2026-05-19 22:50:51,top_up,830.06,success,,11202.01,agent
2626,115,2026-05-19 23:48:03,merchant_payment,858.83,success,,84365.4,web
2627,371,2026-05-20 00:10:29,merchant_payment,1412.43,success,,20283.61,mobile_app
2628,434,2026-05-20 01:44:44,merchant_payment,2808.02,success,,8393.99,agent
2629,298,2026-05-20 03:47:51,merchant_payment,6371.67,failed,insufficient_funds,308.43,qr_code
2630,122,2026-05-20 04:33:27,merchant_payment,3262.75,success,,144314.64,mobile_app
2631,380,2026-05-20 05:09:13,bill_payment,3760.04,success,,41079.78,web
2632,86,2026-05-20 05:09:52,withdrawal,1791.07,success,,4630.47,web
2633,299,2026-05-20 05:50:56,bill_payment,1255.46,success,,15138.18,qr_code
2634,407,2026-05-20 07:07:14,merchant_payment,1389.42,success,,90378.86,web
2635,180,2026-05-20 07:25:12,merchant_payment,1954.81,success,,195325.37,mobile_app
2636,337,2026-05-20 07:40:50,top_up,1421.17,failed,network_error,76317.94,qr_code
2637,299,2026-05-20 08:08:29,merchant_payment,965.17,success,,14173.01,agent
2638,300,2026-05-20 08:25:32,top_up,945.79,success,,156589.03,agent
2639,180,2026-05-20 09:22:14,merchant_payment,116.14,success,,195209.23,qr_code
2640,242,2026-05-20 09:33:47,withdrawal,1344.73,failed,insufficient_funds,166.13,qr_code
2641,301,2026-05-20 09:45:08,merchant_payment,2625.17,success,,1761.53,qr_code
2642,102,2026-05-20 09:54:50,merchant_payment,865.17,success,,136397.7,agent
2643,57,2026-05-20 10:02:46,bill_payment,1514.69,success,,63673.46,web
2644,315,2026-05-20 10:42:07,merchant_payment,700.74,failed,suspected_fraud,12094.89,web
2645,446,2026-05-20 11:05:21,p2p_transfer,404.85,success,,184494.62,qr_code
2646,336,2026-05-20 11:26:30,merchant_payment,1419.65,success,,276126.66,web
2647,281,2026-05-20 11:37:19,p2p_transfer,1064.32,success,,57926.39,qr_code
2648,331,2026-05-20 11:45:44,merchant_payment,3298.44,success,,115152.87,mobile_app
2649,394,2026-05-20 12:54:07,p2p_transfer,2527.49,success,,167051.87,mobile_app
2650,242,2026-05-20 12:59:35,top_up,2590.54,success,,2756.67,web
2651,494,2026-05-20 13:29:43,top_up,2345.89,success,,35217.39,agent
2652,325,2026-05-20 14:09:24,merchant_payment,2110.85,success,,270.95,agent
2653,263,2026-05-20 14:14:01,merchant_payment,1095.93,success,,53794.29,mobile_app
2654,173,2026-05-20 14:44:29,bill_payment,2902.35,success,,97224.03,qr_code
2655,333,2026-05-20 14:53:09,bill_payment,4623.28,success,,121425.16,qr_code
2656,195,2026-05-20 16:42:10,withdrawal,708.85,success,,107720.99,web
2657,433,2026-05-20 17:16:21,withdrawal,499.06,success,,126980.58,mobile_app
2658,341,2026-05-20 17:20:09,bill_payment,3450.57,success,,83056.65,agent
2659,450,2026-05-20 17:42:27,merchant_payment,4489.99,success,,144731.66,web
2660,50,2026-05-20 18:11:39,withdrawal,4889.6,success,,76563.06,qr_code
2661,123,2026-05-20 18:35:55,merchant_payment,398.74,success,,10876.03,agent
2662,94,2026-05-20 18:59:37,p2p_transfer,684.97,success,,92652.74,web
2663,11,2026-05-20 19:43:12,withdrawal,1217.82,success,,126449.16,web
2664,81,2026-05-20 20:00:59,merchant_payment,3585.42,success,,57021.72,mobile_app
2665,446,2026-05-20 20:03:51,p2p_transfer,695.22,success,,183799.4,agent
2666,383,2026-05-20 20:16:50,p2p_transfer,948.49,failed,limit_exceeded,5781.09,mobile_app
2667,305,2026-05-20 21:11:15,merchant_payment,12066.24,success,,4750.34,web
2668,389,2026-05-20 21:17:04,merchant_payment,18602.98,success,,8709.82,web
2669,438,2026-05-20 21:28:36,merchant_payment,817.53,success,,101173.25,mobile_app
2670,485,2026-05-20 21:47:41,merchant_payment,1021.13,success,,76272.12,qr_code
2671,8,2026-05-20 21:48:37,withdrawal,3926.21,failed,insufficient_funds,3274.88,qr_code
2672,329,2026-05-20 22:26:00,merchant_payment,1993.83,success,,86628.62,agent
2673,337,2026-05-20 22:26:32,merchant_payment,1363.36,success,,74954.58,web
2674,86,2026-05-20 22:32:37,merchant_payment,1298.01,success,,3332.46,qr_code
2675,492,2026-05-20 23:17:18,p2p_transfer,2000.21,success,,132193.71,mobile_app
2676,120,2026-05-20 23:34:49,withdrawal,1868.74,success,,226236.59,web
2677,105,2026-05-20 23:45:35,withdrawal,1747.55,failed,suspected_fraud,12492.87,web
2678,179,2026-05-21 00:48:47,merchant_payment,1522.2,failed,invalid_recipient,5794.07,mobile_app
2679,390,2026-05-21 01:22:54,top_up,9024.58,success,,15126.51,qr_code
2680,152,2026-05-21 02:45:43,merchant_payment,2108.73,failed,suspected_fraud,41161.02,mobile_app
2681,257,2026-05-21 04:25:10,merchant_payment,3075.86,success,,4508.33,qr_code
2682,198,2026-05-21 04:38:33,merchant_payment,1206.59,success,,50543.62,mobile_app
2683,314,2026-05-21 07:01:05,bill_payment,885.31,success,,81723.01,qr_code
2684,451,2026-05-21 08:19:24,bill_payment,198.03,success,,51860.47,mobile_app
2685,231,2026-05-21 09:31:42,top_up,742.54,success,,17301.57,agent
2686,152,2026-05-21 10:05:37,merchant_payment,15152.45,success,,26008.57,web
2687,123,2026-05-21 10:05:56,withdrawal,2169.21,success,,8706.82,agent
2688,460,2026-05-21 10:47:09,withdrawal,9633.02,success,,215933.81,mobile_app
2689,289,2026-05-21 10:51:59,merchant_payment,467.24,success,,79107.15,web
2690,173,2026-05-21 10:52:46,merchant_payment,2192.34,success,,95031.69,web
2691,441,2026-05-21 11:00:52,top_up,6053.52,success,,9017.72,web
2692,199,2026-05-21 11:48:54,p2p_transfer,1684.98,success,,77427.05,web
2693,138,2026-05-21 12:09:45,top_up,1795.41,success,,107041.25,qr_code
2694,270,2026-05-21 12:16:56,bill_payment,558.44,success,,32026.41,mobile_app
2695,42,2026-05-21 12:37:31,merchant_payment,5759.68,failed,insufficient_funds,2120.92,agent
2696,433,2026-05-21 12:41:06,withdrawal,2138.31,success,,124842.27,agent
2697,224,2026-05-21 12:48:22,merchant_payment,4415.84,success,,20405.57,mobile_app
2698,168,2026-05-21 13:08:35,merchant_payment,210.41,success,,32540.11,mobile_app
2699,439,2026-05-21 14:10:16,top_up,13727.39,success,,248297.04,mobile_app
2700,53,2026-05-21 14:25:29,merchant_payment,4591.83,success,,6085.16,web
2701,226,2026-05-21 14:48:58,merchant_payment,3907.52,success,,25182.95,mobile_app
2702,259,2026-05-21 16:36:11,merchant_payment,4402.38,success,,52886.85,mobile_app
2703,115,2026-05-21 16:57:50,top_up,7026.37,success,,91391.77,mobile_app
2704,168,2026-05-21 17:16:57,withdrawal,1714.2,success,,30825.91,mobile_app
2705,392,2026-05-21 17:50:55,merchant_payment,358.1,success,,81245.94,agent
2706,380,2026-05-21 18:54:24,merchant_payment,609.38,success,,40470.4,qr_code
2707,85,2026-05-21 19:03:22,merchant_payment,1399.2,success,,111522.63,qr_code
2708,211,2026-05-21 20:05:19,withdrawal,226.48,success,,173852.16,web
2709,411,2026-05-21 20:47:04,bill_payment,959.04,success,,201095.45,mobile_app
2710,242,2026-05-21 20:48:32,merchant_payment,645.06,success,,2111.61,mobile_app
2711,172,2026-05-21 21:02:37,p2p_transfer,1574.45,success,,65565.38,web
2712,57,2026-05-21 21:08:03,merchant_payment,226.78,success,,63446.68,qr_code
2713,443,2026-05-21 21:30:10,merchant_payment,1852.45,success,,187101.54,mobile_app
2714,26,2026-05-21 22:18:52,merchant_payment,4821.3,success,,110162.74,web
2715,217,2026-05-21 22:32:41,merchant_payment,739.39,success,,26921.99,agent
2716,194,2026-05-21 22:40:53,merchant_payment,4068.87,success,,6382.59,agent
2717,20,2026-05-21 23:12:27,top_up,9565.87,success,,98818.36,mobile_app
2718,478,2026-05-21 23:22:43,bill_payment,662.31,success,,219131.89,web
2719,115,2026-05-21 23:23:55,top_up,2671.92,success,,94063.69,mobile_app
2720,4,2026-05-21 23:36:39,p2p_transfer,2072.11,success,,39892.78,web
2721,167,2026-05-22 00:37:52,merchant_payment,2825.43,success,,18536.18,web
2722,459,2026-05-22 00:50:21,bill_payment,1519.66,success,,5363.49,qr_code
2723,22,2026-05-22 01:59:00,bill_payment,1085.55,success,,114705.95,agent
2724,168,2026-05-22 02:11:28,top_up,2166.83,success,,32992.74,mobile_app
2725,241,2026-05-22 03:27:12,top_up,1570.74,success,,24668.83,qr_code
2726,13,2026-05-22 03:30:43,top_up,1953.34,success,,65147.68,qr_code
2727,299,2026-05-22 03:47:17,top_up,2086.67,success,,16259.68,agent
2728,459,2026-05-22 03:48:53,p2p_transfer,3581.05,failed,card_declined,5363.49,mobile_app
2729,301,2026-05-22 04:12:00,p2p_transfer,1024.21,success,,737.32,agent
2730,40,2026-05-22 04:33:14,p2p_transfer,4610.44,success,,241876.19,qr_code
2731,455,2026-05-22 04:41:33,merchant_payment,376.18,success,,14798.3,web
2732,73,2026-05-22 05:02:54,merchant_payment,3580.49,failed,insufficient_funds,1401.27,mobile_app
2733,419,2026-05-22 07:06:18,top_up,3187.6,success,,101243.9,qr_code
2734,429,2026-05-22 07:11:53,top_up,2042.11,success,,43921.76,agent
2735,407,2026-05-22 07:20:32,p2p_transfer,5473.8,success,,84905.06,qr_code
2736,368,2026-05-22 08:01:41,top_up,2482.53,success,,177557.06,mobile_app
2737,333,2026-05-22 08:13:08,p2p_transfer,4177.08,success,,117248.08,agent
2738,404,2026-05-22 09:25:24,merchant_payment,649.53,success,,61437.57,web
2739,180,2026-05-22 09:37:26,bill_payment,1167.55,success,,194041.68,web
2740,93,2026-05-22 10:08:19,top_up,764.3,success,,31425.48,qr_code
2741,475,2026-05-22 10:11:32,p2p_transfer,2168.63,success,,15286.98,mobile_app
2742,362,2026-05-22 11:31:28,withdrawal,1354.58,success,,94422.08,web
2743,291,2026-05-22 12:11:03,merchant_payment,8489.82,success,,3050.71,mobile_app
2744,394,2026-05-22 12:47:02,top_up,1685.14,success,,168737.01,mobile_app
2745,253,2026-05-22 12:51:44,p2p_transfer,2155.29,success,,64720.63,agent
2746,122,2026-05-22 13:47:59,merchant_payment,244.93,success,,144069.71,qr_code
2747,175,2026-05-22 14:05:51,p2p_transfer,4544.48,success,,45706.38,qr_code
2748,371,2026-05-22 14:33:56,withdrawal,912.58,success,,19371.03,qr_code
2749,171,2026-05-22 15:28:59,merchant_payment,454.92,success,,22627.95,qr_code
2750,439,2026-05-22 15:40:46,merchant_payment,1067.38,success,,247229.66,mobile_app
2751,418,2026-05-22 15:53:33,withdrawal,2090.89,success,,9357.95,agent
2752,30,2026-05-22 16:05:21,top_up,2284.27,success,,124391.9,web
2753,115,2026-05-22 16:07:46,merchant_payment,343.79,success,,93719.9,qr_code
2754,45,2026-05-22 16:08:08,top_up,1747.57,success,,7960.5,mobile_app
2755,315,2026-05-22 17:17:28,p2p_transfer,751.19,success,,11343.7,agent
2756,257,2026-05-22 17:27:12,bill_payment,1353.74,success,,3154.59,agent
2757,26,2026-05-22 17:27:48,withdrawal,2637.19,success,,107525.55,mobile_app
2758,414,2026-05-22 17:54:08,bill_payment,815.71,success,,2426.1,qr_code
2759,76,2026-05-22 18:31:27,merchant_payment,801.98,success,,91253.73,qr_code
2760,493,2026-05-22 19:13:46,top_up,8415.26,success,,186906.58,mobile_app
2761,216,2026-05-22 19:14:53,withdrawal,8433.18,success,,109100.21,mobile_app
2762,359,2026-05-22 20:20:22,p2p_transfer,542.38,success,,43000.36,agent
2763,314,2026-05-22 20:45:28,p2p_transfer,208.88,success,,81514.13,mobile_app
2764,441,2026-05-22 21:07:00,withdrawal,910.6,success,,8107.12,web
2765,493,2026-05-22 21:19:49,top_up,589.58,success,,187496.16,mobile_app
2766,94,2026-05-22 21:50:45,p2p_transfer,664.36,success,,91988.38,mobile_app
2767,333,2026-05-22 22:22:47,bill_payment,5087.16,success,,112160.92,agent
2768,53,2026-05-22 22:36:36,top_up,2372.14,failed,limit_exceeded,6085.16,mobile_app
2769,498,2026-05-22 22:41:54,merchant_payment,917.65,success,,54148.4,web
2770,454,2026-05-22 23:07:05,merchant_payment,1067.69,success,,53681.49,qr_code
2771,216,2026-05-22 23:10:49,merchant_payment,282.48,success,,108817.73,web
2772,394,2026-05-22 23:20:20,merchant_payment,477.29,failed,limit_exceeded,168737.01,qr_code
2773,258,2026-05-22 23:31:24,merchant_payment,582.0,success,,44244.73,agent
2774,326,2026-05-22 23:36:48,p2p_transfer,510.85,success,,163363.82,agent
2775,80,2026-05-22 23:43:40,bill_payment,397.05,success,,10923.53,mobile_app
2776,277,2026-05-22 23:47:06,p2p_transfer,1274.34,success,,29276.6,mobile_app
2777,333,2026-05-22 23:54:11,p2p_transfer,3696.2,success,,108464.72,qr_code
2778,390,2026-05-22 23:58:29,merchant_payment,1190.23,success,,13936.28,mobile_app
2779,459,2026-05-23 00:04:38,top_up,16372.29,success,,21735.78,web
2780,167,2026-05-23 00:05:54,merchant_payment,2301.5,success,,16234.68,agent
2781,8,2026-05-23 00:18:39,top_up,3265.1,success,,6539.98,agent
2782,325,2026-05-23 00:24:57,withdrawal,4473.56,failed,insufficient_funds,270.95,mobile_app
2783,168,2026-05-23 01:19:31,p2p_transfer,5379.88,success,,27612.86,qr_code
2784,218,2026-05-23 02:48:35,top_up,553.15,success,,61576.91,qr_code
2785,180,2026-05-23 03:05:11,bill_payment,5788.0,success,,188253.68,qr_code
2786,80,2026-05-23 03:37:50,top_up,927.42,success,,11850.95,qr_code
2787,411,2026-05-23 04:23:00,p2p_transfer,4550.95,success,,196544.5,agent
2788,318,2026-05-23 04:51:08,p2p_transfer,556.66,success,,70318.03,mobile_app
2789,383,2026-05-23 04:57:26,top_up,561.36,success,,6342.45,mobile_app
2790,478,2026-05-23 05:25:05,top_up,1868.34,success,,221000.23,agent
2791,106,2026-05-23 05:29:31,top_up,6049.87,success,,183425.88,mobile_app
2792,167,2026-05-23 07:49:08,merchant_payment,529.14,success,,15705.54,mobile_app
2793,475,2026-05-23 07:57:04,merchant_payment,413.64,success,,14873.34,qr_code
2794,487,2026-05-23 08:08:28,merchant_payment,398.34,success,,37032.41,web
2795,79,2026-05-23 08:13:59,p2p_transfer,1289.55,success,,63178.7,mobile_app
2796,266,2026-05-23 08:37:58,top_up,1391.71,success,,70010.65,web
2797,404,2026-05-23 08:42:15,merchant_payment,480.75,success,,60956.82,mobile_app
2798,406,2026-05-23 09:33:20,merchant_payment,13720.83,failed,insufficient_funds,1686.41,agent
2799,228,2026-05-23 10:05:18,p2p_transfer,2294.41,failed,card_declined,45676.8,mobile_app
2800,79,2026-05-23 10:17:47,withdrawal,1278.07,success,,61900.63,mobile_app
2801,483,2026-05-23 10:25:20,withdrawal,1659.64,success,,13083.85,qr_code
2802,76,2026-05-23 10:32:30,withdrawal,1365.45,success,,89888.28,agent
2803,435,2026-05-23 10:34:15,p2p_transfer,528.73,success,,20878.37,agent
2804,28,2026-05-23 10:44:34,merchant_payment,1896.59,success,,108216.85,qr_code
2805,399,2026-05-23 10:46:14,top_up,1176.9,success,,43664.11,qr_code
2806,30,2026-05-23 10:59:01,withdrawal,486.72,success,,123905.18,agent
2807,318,2026-05-23 11:01:11,merchant_payment,1495.58,success,,68822.45,agent
2808,59,2026-05-23 11:20:38,top_up,1014.93,success,,106296.36,agent
2809,245,2026-05-23 11:44:49,top_up,3449.14,success,,269917.1,agent
2810,112,2026-05-23 11:48:08,merchant_payment,583.1,success,,79849.58,agent
2811,106,2026-05-23 12:31:45,merchant_payment,573.27,success,,182852.61,agent
2812,156,2026-05-23 12:33:11,p2p_transfer,3829.0,success,,258443.71,mobile_app
2813,317,2026-05-23 12:53:16,p2p_transfer,1928.12,success,,104279.4,qr_code
2814,283,2026-05-23 12:55:33,merchant_payment,2440.43,success,,102444.82,mobile_app
2815,266,2026-05-23 13:03:44,p2p_transfer,2733.3,success,,67277.35,mobile_app
2816,425,2026-05-23 13:07:18,top_up,1752.16,success,,187054.46,agent
2817,419,2026-05-23 13:28:11,p2p_transfer,2178.09,success,,99065.81,qr_code
2818,230,2026-05-23 13:48:22,merchant_payment,388.4,success,,25673.59,mobile_app
2819,404,2026-05-23 13:59:34,merchant_payment,591.12,success,,60365.7,agent
2820,260,2026-05-23 15:14:52,p2p_transfer,3431.25,success,,58093.05,web
2821,118,2026-05-23 15:43:10,bill_payment,2800.82,success,,137998.81,web
2822,3,2026-05-23 15:44:25,p2p_transfer,2137.62,success,,15512.59,qr_code
2823,168,2026-05-23 16:13:46,merchant_payment,3046.81,success,,24566.05,web
2824,168,2026-05-23 16:36:42,top_up,13283.14,success,,37849.19,qr_code
2825,149,2026-05-23 17:10:37,top_up,2381.73,success,,14872.27,web
2826,479,2026-05-23 17:16:57,merchant_payment,2850.94,success,,247457.37,qr_code
2827,8,2026-05-23 17:31:23,p2p_transfer,583.08,success,,5956.9,agent
2828,367,2026-05-23 17:33:02,bill_payment,1081.63,success,,3147.64,agent
2829,135,2026-05-23 17:58:56,merchant_payment,2944.72,success,,109738.99,qr_code
2830,465,2026-05-23 20:12:27,withdrawal,793.53,success,,20090.83,mobile_app
2831,186,2026-05-23 20:14:11,withdrawal,2973.95,success,,161264.19,web
2832,201,2026-05-23 20:29:40,top_up,7219.89,failed,network_error,12108.4,mobile_app
2833,380,2026-05-23 20:32:49,p2p_transfer,1554.83,success,,38915.57,web
2834,96,2026-05-23 20:53:01,merchant_payment,742.3,success,,156024.33,web
2835,230,2026-05-23 20:56:16,merchant_payment,1356.22,success,,24317.37,web
2836,164,2026-05-23 20:57:51,p2p_transfer,2699.95,success,,67059.58,mobile_app
2837,333,2026-05-23 21:07:00,withdrawal,817.42,success,,107647.3,qr_code
2838,485,2026-05-23 21:38:21,top_up,2607.47,failed,network_error,76272.12,qr_code
2839,173,2026-05-23 21:56:06,merchant_payment,2015.11,success,,93016.58,agent
2840,389,2026-05-23 22:06:14,merchant_payment,636.01,success,,8073.81,qr_code
2841,1,2026-05-23 23:20:08,merchant_payment,3576.53,failed,insufficient_funds,1815.14,web
2842,211,2026-05-23 23:25:48,top_up,3282.75,success,,177134.91,agent
2843,175,2026-05-23 23:38:04,merchant_payment,1349.42,success,,44356.96,mobile_app
2844,95,2026-05-23 23:54:29,merchant_payment,825.51,success,,85205.26,web
2845,102,2026-05-24 00:01:32,top_up,1222.34,success,,137620.04,web
2846,20,2026-05-24 01:38:43,merchant_payment,1921.66,success,,96896.7,mobile_app
2847,180,2026-05-24 02:10:56,merchant_payment,3276.98,success,,184976.7,agent
2848,358,2026-05-24 03:38:37,p2p_transfer,20243.2,failed,insufficient_funds,832.39,web
2849,242,2026-05-24 04:56:29,p2p_transfer,253.0,success,,1858.61,mobile_app
2850,336,2026-05-24 04:58:15,merchant_payment,213.63,success,,275913.03,qr_code
2851,337,2026-05-24 07:34:01,merchant_payment,1569.79,success,,73384.79,mobile_app
2852,273,2026-05-24 07:48:50,merchant_payment,664.26,success,,47652.2,agent
2853,486,2026-05-24 07:50:07,bill_payment,1780.77,success,,44470.24,qr_code
2854,332,2026-05-24 07:52:36,merchant_payment,804.44,success,,28839.87,agent
2855,79,2026-05-24 08:08:45,merchant_payment,422.61,success,,61478.02,agent
2856,57,2026-05-24 08:36:13,top_up,638.99,success,,64085.67,agent
2857,450,2026-05-24 09:51:02,top_up,666.16,success,,145397.82,mobile_app
2858,387,2026-05-24 09:56:26,p2p_transfer,2181.25,success,,141023.82,mobile_app
2859,433,2026-05-24 11:25:35,merchant_payment,414.43,success,,124427.84,mobile_app
2860,433,2026-05-24 11:28:09,bill_payment,891.61,success,,123536.23,agent
2861,433,2026-05-24 11:38:32,top_up,4884.85,success,,128421.08,mobile_app
2862,222,2026-05-24 12:05:15,withdrawal,621.11,success,,53115.4,agent
2863,308,2026-05-24 12:16:32,merchant_payment,2747.69,success,,281796.08,web
2864,199,2026-05-24 12:24:01,bill_payment,265.96,success,,77161.09,agent
2865,40,2026-05-24 12:48:15,merchant_payment,892.8,success,,240983.39,qr_code
2866,411,2026-05-24 12:49:29,bill_payment,2713.25,success,,193831.25,web
2867,453,2026-05-24 13:19:46,top_up,3695.39,success,,58826.06,qr_code
2868,188,2026-05-24 14:02:06,bill_payment,10761.1,success,,21277.64,qr_code
2869,20,2026-05-24 14:53:01,merchant_payment,1339.87,success,,95556.83,qr_code
2870,260,2026-05-24 15:05:44,withdrawal,9633.51,success,,48459.54,agent
2871,486,2026-05-24 15:11:18,merchant_payment,3179.54,success,,41290.7,agent
2872,161,2026-05-24 15:16:01,merchant_payment,1726.85,success,,100834.96,web
2873,380,2026-05-24 15:25:31,top_up,1209.95,success,,40125.52,qr_code
2874,322,2026-05-24 15:37:33,withdrawal,1491.09,success,,110411.95,web
2875,478,2026-05-24 15:42:40,merchant_payment,838.77,success,,220161.46,mobile_app
2876,262,2026-05-24 16:08:17,top_up,1430.9,failed,card_declined,63566.63,agent
2877,309,2026-05-24 17:43:53,top_up,3968.27,success,,55783.54,web
2878,8,2026-05-24 18:09:27,merchant_payment,1109.69,success,,4847.21,qr_code
2879,486,2026-05-24 18:17:17,merchant_payment,2843.67,success,,38447.03,mobile_app
2880,480,2026-05-24 18:42:39,bill_payment,219.04,success,,77514.2,web
2881,187,2026-05-24 18:43:39,merchant_payment,2836.62,success,,38145.42,agent
2882,33,2026-05-24 19:21:09,merchant_payment,507.5,success,,99443.61,agent
2883,318,2026-05-24 19:26:42,merchant_payment,4400.38,success,,64422.07,web
2884,451,2026-05-24 19:56:46,merchant_payment,1018.91,success,,50841.56,web
2885,7,2026-05-24 20:36:29,merchant_payment,21337.59,failed,insufficient_funds,1428.22,mobile_app
2886,300,2026-05-24 20:38:15,p2p_transfer,525.41,success,,156063.62,agent
2887,434,2026-05-24 21:34:41,merchant_payment,2411.37,success,,5982.62,web
2888,159,2026-05-24 21:35:49,p2p_transfer,4877.5,success,,207063.36,qr_code
2889,50,2026-05-24 21:36:18,bill_payment,1672.6,success,,74890.46,agent
2890,451,2026-05-24 21:48:13,merchant_payment,1693.69,success,,49147.87,mobile_app
2891,448,2026-05-24 23:53:32,merchant_payment,3503.21,success,,75389.3,agent
2892,475,2026-05-24 23:55:48,bill_payment,510.06,success,,14363.28,mobile_app
2893,252,2026-05-25 00:06:20,withdrawal,6893.3,success,,43839.01,web
2894,194,2026-05-25 00:27:42,p2p_transfer,954.16,success,,5428.43,web
2895,194,2026-05-25 01:12:56,merchant_payment,1587.47,success,,3840.96,mobile_app
2896,493,2026-05-25 03:21:50,merchant_payment,381.61,success,,187114.55,web
2897,56,2026-05-25 03:43:26,top_up,4239.25,success,,22740.06,agent
2898,172,2026-05-25 03:43:35,bill_payment,3411.82,success,,62153.56,agent
2899,485,2026-05-25 04:25:10,top_up,176.51,success,,76448.63,qr_code
2900,208,2026-05-25 04:42:15,withdrawal,3190.79,success,,125824.93,web
2901,73,2026-05-25 05:12:20,merchant_payment,2063.81,failed,insufficient_funds,1401.27,web
2902,222,2026-05-25 05:34:04,withdrawal,1759.28,success,,51356.12,web
2903,275,2026-05-25 05:35:48,withdrawal,2134.52,success,,197409.1,web
2904,474,2026-05-25 07:02:06,top_up,1463.79,success,,27415.8,web
2905,318,2026-05-25 07:32:09,bill_payment,205.84,success,,64216.23,web
2906,190,2026-05-25 07:32:25,merchant_payment,2377.41,success,,103682.24,qr_code
2907,178,2026-05-25 07:48:42,withdrawal,2458.7,failed,network_error,6160.92,qr_code
2908,228,2026-05-25 07:53:16,top_up,528.93,success,,46205.73,web
2909,268,2026-05-25 08:10:41,merchant_payment,678.71,success,,91335.56,web
2910,433,2026-05-25 08:39:33,top_up,1661.62,success,,130082.7,agent
2911,493,2026-05-25 09:24:00,p2p_transfer,1602.66,failed,network_error,187114.55,qr_code
2912,44,2026-05-25 09:30:21,top_up,1743.1,success,,54803.5,agent
2913,391,2026-05-25 10:36:54,bill_payment,1650.3,success,,139024.31,mobile_app
2914,440,2026-05-25 10:39:25,merchant_payment,970.24,success,,233378.33,mobile_app
2915,454,2026-05-25 11:40:30,bill_payment,1561.32,success,,52120.17,web
2916,302,2026-05-25 11:41:38,merchant_payment,399.34,success,,91344.36,web
2917,462,2026-05-25 11:43:39,merchant_payment,591.03,success,,40941.42,web
2918,52,2026-05-25 11:58:07,merchant_payment,553.76,success,,31212.41,mobile_app
2919,482,2026-05-25 12:23:53,bill_payment,1514.15,success,,49776.0,web
2920,150,2026-05-25 12:36:19,top_up,347.63,success,,71083.94,agent
2921,278,2026-05-25 13:20:54,merchant_payment,944.24,success,,23886.09,agent
2922,477,2026-05-25 14:54:44,bill_payment,2993.14,success,,63668.22,web
2923,440,2026-05-25 14:57:21,p2p_transfer,1290.44,success,,232087.89,web
2924,353,2026-05-25 15:03:50,withdrawal,47.58,success,,24101.63,mobile_app
2925,292,2026-05-25 15:25:14,top_up,345.26,success,,49057.46,qr_code
2926,43,2026-05-25 16:59:11,bill_payment,2075.67,success,,64528.57,mobile_app
2927,163,2026-05-25 17:09:53,merchant_payment,566.56,success,,77308.78,web
2928,394,2026-05-25 17:13:45,bill_payment,2846.07,success,,165890.94,mobile_app
2929,333,2026-05-25 17:14:31,bill_payment,521.35,success,,107125.95,agent
2930,380,2026-05-25 17:40:17,p2p_transfer,4388.19,success,,35737.33,mobile_app
2931,201,2026-05-25 17:57:15,p2p_transfer,464.32,success,,11644.08,web
2932,308,2026-05-25 18:07:03,p2p_transfer,7130.55,success,,274665.53,web
2933,376,2026-05-25 18:23:14,p2p_transfer,10446.85,success,,65085.3,mobile_app
2934,56,2026-05-25 18:55:14,merchant_payment,2482.75,success,,20257.31,web
2935,201,2026-05-25 19:10:22,withdrawal,2463.43,success,,9180.65,mobile_app
2936,440,2026-05-25 19:11:41,bill_payment,654.11,success,,231433.78,mobile_app
2937,96,2026-05-25 19:17:24,merchant_payment,584.69,success,,155439.64,qr_code
2938,272,2026-05-25 20:05:29,p2p_transfer,2356.79,success,,107927.05,agent
2939,453,2026-05-25 20:10:00,p2p_transfer,3003.73,success,,55822.33,agent
2940,26,2026-05-25 20:12:42,merchant_payment,157.58,success,,107367.97,agent
2941,41,2026-05-25 20:54:11,merchant_payment,1259.43,success,,102070.01,agent
2942,112,2026-05-25 20:58:51,top_up,1400.98,success,,81250.56,mobile_app
2943,311,2026-05-25 21:11:16,merchant_payment,1644.87,success,,85746.71,qr_code
2944,216,2026-05-25 21:25:36,merchant_payment,2486.55,success,,106331.18,mobile_app
2945,226,2026-05-25 21:29:29,bill_payment,1801.95,success,,23381.0,mobile_app
2946,314,2026-05-25 21:34:24,merchant_payment,1929.93,success,,79584.2,mobile_app
2947,86,2026-05-25 21:34:35,p2p_transfer,809.42,success,,2523.04,agent
2948,20,2026-05-25 22:37:34,merchant_payment,685.16,success,,94871.67,mobile_app
2949,478,2026-05-25 22:40:57,p2p_transfer,1483.78,success,,218677.68,web
2950,262,2026-05-25 23:26:16,withdrawal,1872.22,success,,61694.41,agent
2951,453,2026-05-25 23:27:54,top_up,3249.97,success,,59072.3,mobile_app
2952,65,2026-05-25 23:31:39,bill_payment,2325.3,success,,160004.07,qr_code
2953,351,2026-05-25 23:40:00,bill_payment,337.32,success,,180826.91,agent
2954,84,2026-05-25 23:50:08,merchant_payment,507.61,success,,43026.62,mobile_app
2955,433,2026-05-26 00:25:23,p2p_transfer,556.19,success,,129526.51,qr_code
2956,19,2026-05-26 01:14:57,p2p_transfer,586.1,success,,6636.39,agent
2957,441,2026-05-26 02:02:47,merchant_payment,2999.06,success,,5108.06,qr_code
2958,439,2026-05-26 04:22:31,merchant_payment,744.04,success,,246485.62,web
2959,271,2026-05-26 05:12:19,merchant_payment,1699.44,success,,59985.39,web
2960,327,2026-05-26 05:49:04,top_up,2321.5,success,,14360.4,agent
2961,421,2026-05-26 07:43:20,merchant_payment,1103.74,success,,224095.33,web
2962,439,2026-05-26 09:19:44,top_up,2427.15,success,,248912.77,qr_code
2963,150,2026-05-26 09:33:55,merchant_payment,733.3,success,,70350.64,qr_code
2964,150,2026-05-26 10:04:00,merchant_payment,938.45,success,,69412.19,web
2965,461,2026-05-26 10:10:01,withdrawal,4226.96,success,,85719.16,web
2966,187,2026-05-26 10:18:39,merchant_payment,1663.6,success,,36481.82,mobile_app
2967,135,2026-05-26 10:22:36,p2p_transfer,830.04,success,,108908.95,agent
2968,403,2026-05-26 10:24:49,top_up,3735.01,success,,17411.24,agent
2969,406,2026-05-26 10:34:03,top_up,2071.38,success,,3757.79,mobile_app
2970,5,2026-05-26 10:36:09,withdrawal,611.46,success,,57047.82,qr_code
2971,440,2026-05-26 11:03:08,bill_payment,1116.32,success,,230317.46,agent
2972,284,2026-05-26 11:29:31,top_up,821.36,success,,112240.43,mobile_app
2973,245,2026-05-26 11:41:40,p2p_transfer,1576.88,failed,network_error,269917.1,web
2974,466,2026-05-26 12:15:56,top_up,2177.44,success,,210311.65,agent
2975,165,2026-05-26 12:37:00,merchant_payment,700.71,success,,23208.31,agent
2976,418,2026-05-26 12:38:41,p2p_transfer,2583.05,success,,6774.9,qr_code
2977,29,2026-05-26 12:57:34,bill_payment,931.6,success,,78557.45,web
2978,131,2026-05-26 13:21:23,merchant_payment,882.36,success,,41109.26,qr_code
2979,434,2026-05-26 13:22:19,p2p_transfer,1490.69,success,,4491.93,qr_code
2980,67,2026-05-26 14:41:31,merchant_payment,748.93,success,,104097.88,qr_code
2981,18,2026-05-26 15:06:21,p2p_transfer,1927.38,success,,65906.22,qr_code
2982,98,2026-05-26 16:22:29,merchant_payment,427.72,success,,24332.75,qr_code
2983,492,2026-05-26 17:04:35,p2p_transfer,1970.85,success,,130222.86,qr_code
2984,316,2026-05-26 17:22:01,merchant_payment,202.63,success,,73349.86,qr_code
2985,439,2026-05-26 17:32:22,top_up,6837.3,success,,255750.07,web
2986,389,2026-05-26 17:53:50,merchant_payment,1893.73,success,,6180.08,web
2987,114,2026-05-26 18:07:15,merchant_payment,3307.67,success,,112962.43,agent
2988,432,2026-05-26 18:28:10,bill_payment,9141.39,failed,insufficient_funds,2771.16,web
2989,116,2026-05-26 18:35:17,merchant_payment,5794.51,success,,12013.44,qr_code
2990,497,2026-05-26 19:04:13,merchant_payment,409.37,success,,74189.84,mobile_app
2991,443,2026-05-26 19:15:48,merchant_payment,9627.75,success,,177473.79,agent
2992,460,2026-05-26 20:05:05,top_up,15470.02,success,,231403.83,mobile_app
2993,264,2026-05-26 20:07:38,p2p_transfer,535.16,success,,43640.75,agent
2994,21,2026-05-26 20:21:58,merchant_payment,150.04,success,,6557.24,mobile_app
2995,40,2026-05-26 20:25:56,merchant_payment,1680.14,success,,239303.25,mobile_app
2996,377,2026-05-26 20:36:19,merchant_payment,730.37,success,,35922.56,agent
2997,92,2026-05-26 20:48:53,p2p_transfer,3413.34,success,,166221.01,qr_code
2998,357,2026-05-26 20:55:30,merchant_payment,557.76,success,,6599.77,qr_code
2999,316,2026-05-26 21:06:38,merchant_payment,2288.78,success,,71061.08,web
3000,337,2026-05-26 21:15:13,p2p_transfer,1342.63,success,,72042.16,mobile_app
3001,104,2026-05-26 22:01:24,withdrawal,572.51,success,,12874.04,mobile_app
3002,237,2026-05-26 22:23:43,p2p_transfer,1323.72,success,,59870.9,mobile_app
3003,467,2026-05-26 22:50:28,merchant_payment,2295.16,success,,273282.87,web
3004,64,2026-05-26 23:13:05,merchant_payment,4355.08,success,,4242.96,qr_code
3005,315,2026-05-26 23:13:23,p2p_transfer,249.8,success,,11093.9,qr_code
3006,61,2026-05-26 23:58:37,merchant_payment,2606.24,success,,178358.32,web
3007,403,2026-05-27 00:16:53,top_up,2025.84,success,,19437.08,web
3008,319,2026-05-27 00:58:32,merchant_payment,741.32,success,,116018.99,agent
3009,189,2026-05-27 01:37:03,bill_payment,583.89,success,,133558.3,agent
3010,295,2026-05-27 03:14:47,merchant_payment,1280.86,failed,insufficient_funds,629.35,agent
3011,493,2026-05-27 03:43:38,p2p_transfer,1779.91,success,,185334.64,web
3012,301,2026-05-27 04:16:44,merchant_payment,1234.03,failed,insufficient_funds,737.32,qr_code
3013,83,2026-05-27 05:54:54,merchant_payment,560.75,success,,16673.65,mobile_app
3014,355,2026-05-27 07:25:05,merchant_payment,3749.83,success,,46995.28,mobile_app
3015,325,2026-05-27 07:50:26,p2p_transfer,41057.21,failed,insufficient_funds,270.95,qr_code
3016,398,2026-05-27 07:54:08,merchant_payment,1074.0,success,,37920.86,mobile_app
3017,201,2026-05-27 08:15:11,p2p_transfer,3971.11,success,,5209.54,web
3018,72,2026-05-27 08:22:37,merchant_payment,1280.81,success,,53780.28,agent
3019,344,2026-05-27 08:33:05,p2p_transfer,690.99,success,,91921.24,mobile_app
3020,453,2026-05-27 08:33:53,top_up,3879.95,success,,62952.25,mobile_app
3021,379,2026-05-27 09:08:24,merchant_payment,2299.38,success,,108254.99,mobile_app
3022,112,2026-05-27 09:18:30,merchant_payment,2464.89,success,,78785.67,mobile_app
3023,153,2026-05-27 09:21:12,merchant_payment,474.62,success,,39912.38,mobile_app
3024,86,2026-05-27 09:37:47,merchant_payment,177.11,success,,2345.93,qr_code
3025,189,2026-05-27 09:49:58,merchant_payment,1000.69,success,,132557.61,web
3026,35,2026-05-27 09:55:20,withdrawal,298.37,success,,21943.71,web
3027,116,2026-05-27 10:12:10,merchant_payment,2961.48,success,,9051.96,mobile_app
3028,74,2026-05-27 10:33:14,top_up,1870.72,success,,57690.69,web
3029,304,2026-05-27 10:45:42,bill_payment,2545.25,success,,20694.81,mobile_app
3030,187,2026-05-27 12:17:41,top_up,380.62,success,,36862.44,qr_code
3031,20,2026-05-27 12:21:01,top_up,15180.54,success,,110052.21,mobile_app
3032,175,2026-05-27 12:38:18,top_up,3561.89,success,,47918.85,agent
3033,412,2026-05-27 13:03:47,merchant_payment,2096.07,success,,153431.11,web
3034,92,2026-05-27 13:19:02,top_up,1913.25,success,,168134.26,web
3035,64,2026-05-27 13:30:47,p2p_transfer,1332.1,success,,2910.86,web
3036,14,2026-05-27 13:37:48,top_up,3964.0,success,,20804.05,qr_code
3037,441,2026-05-27 13:42:35,top_up,1042.74,success,,6150.8,agent
3038,465,2026-05-27 13:58:10,withdrawal,620.45,success,,19470.38,agent
3039,189,2026-05-27 14:20:51,p2p_transfer,3782.34,success,,128775.27,web
3040,201,2026-05-27 14:55:33,top_up,275.17,success,,5484.71,mobile_app
3041,19,2026-05-27 14:58:17,top_up,1115.1,success,,7751.49,qr_code
3042,336,2026-05-27 15:18:35,top_up,720.24,success,,276633.27,agent
3043,489,2026-05-27 15:23:40,p2p_transfer,6141.8,success,,82158.98,mobile_app
3044,41,2026-05-27 15:23:56,top_up,7322.37,success,,109392.38,agent
3045,323,2026-05-27 15:46:48,bill_payment,2695.04,success,,19443.38,agent
3046,87,2026-05-27 16:18:40,p2p_transfer,2106.55,success,,176952.13,qr_code
3047,49,2026-05-27 16:21:31,p2p_transfer,2834.95,success,,130590.19,qr_code
3048,13,2026-05-27 16:28:25,p2p_transfer,3488.12,success,,61659.56,qr_code
3049,43,2026-05-27 16:35:35,bill_payment,753.71,success,,63774.86,agent
3050,446,2026-05-27 16:56:51,p2p_transfer,6339.09,success,,177460.31,agent
3051,394,2026-05-27 17:19:40,merchant_payment,2471.91,success,,163419.03,web
3052,480,2026-05-27 17:59:27,merchant_payment,620.88,success,,76893.32,web
3053,275,2026-05-27 18:42:38,merchant_payment,14297.0,success,,183112.1,agent
3054,201,2026-05-27 18:49:03,top_up,12987.2,success,,18471.91,agent
3055,403,2026-05-27 18:49:12,merchant_payment,13369.69,success,,6067.39,mobile_app
3056,178,2026-05-27 19:16:07,top_up,1225.49,success,,7386.41,web
3057,101,2026-05-27 19:19:29,merchant_payment,924.92,success,,34267.57,mobile_app
3058,243,2026-05-27 19:37:32,bill_payment,3081.37,failed,network_error,80169.35,web
3059,318,2026-05-27 19:57:46,top_up,1769.7,success,,65985.93,mobile_app
3060,276,2026-05-27 20:19:12,withdrawal,6399.85,success,,66959.0,mobile_app
3061,186,2026-05-27 20:37:34,bill_payment,7871.16,success,,153393.03,qr_code
3062,404,2026-05-27 20:56:54,p2p_transfer,333.18,success,,60032.52,agent
3063,323,2026-05-27 21:15:18,merchant_payment,251.79,success,,19191.59,mobile_app
3064,10,2026-05-27 23:04:50,merchant_payment,6601.06,success,,43801.86,agent
3065,199,2026-05-27 23:20:30,p2p_transfer,771.9,success,,76389.19,mobile_app
3066,259,2026-05-27 23:33:25,merchant_payment,600.7,success,,52286.15,agent
3067,280,2026-05-28 01:22:24,merchant_payment,8543.33,failed,card_declined,14148.71,agent
3068,201,2026-05-28 02:08:25,merchant_payment,446.17,success,,18025.74,web
3069,428,2026-05-28 02:39:37,p2p_transfer,3173.3,failed,limit_exceeded,62427.51,agent
3070,334,2026-05-28 02:48:07,p2p_transfer,1565.61,success,,1370.79,web
3071,329,2026-05-28 04:04:07,withdrawal,5501.86,success,,81126.76,agent
3072,363,2026-05-28 05:38:53,bill_payment,1093.18,success,,93220.26,mobile_app
3073,92,2026-05-28 07:25:59,top_up,1527.22,success,,169661.48,qr_code
3074,440,2026-05-28 07:37:02,bill_payment,4357.59,success,,225959.87,agent
3075,70,2026-05-28 07:38:57,p2p_transfer,6072.51,success,,69063.72,mobile_app
3076,102,2026-05-28 07:46:17,withdrawal,1652.65,success,,135967.39,web
3077,122,2026-05-28 07:51:58,bill_payment,234.36,success,,143835.35,qr_code
3078,271,2026-05-28 07:58:40,bill_payment,745.39,success,,59240.0,agent
3079,329,2026-05-28 08:09:13,top_up,1379.25,success,,82506.01,web
3080,445,2026-05-28 08:24:23,p2p_transfer,1141.89,success,,111733.72,mobile_app
3081,466,2026-05-28 08:52:55,p2p_transfer,3533.6,success,,206778.05,web
3082,246,2026-05-28 09:29:11,bill_payment,12288.62,failed,insufficient_funds,3272.5,agent
3083,344,2026-05-28 10:00:41,bill_payment,1451.45,success,,90469.79,agent
3084,240,2026-05-28 10:25:14,p2p_transfer,5314.7,success,,8510.38,qr_code
3085,115,2026-05-28 10:38:51,merchant_payment,2939.06,failed,invalid_recipient,93719.9,mobile_app
3086,488,2026-05-28 10:42:10,merchant_payment,299.95,success,,16473.99,qr_code
3087,70,2026-05-28 10:47:23,p2p_transfer,266.34,success,,68797.38,agent
3088,300,2026-05-28 11:10:08,bill_payment,3757.57,success,,152306.05,mobile_app
3089,13,2026-05-28 11:12:02,top_up,6239.82,success,,67899.38,qr_code
3090,246,2026-05-28 11:14:40,top_up,873.71,failed,network_error,3272.5,qr_code
3091,189,2026-05-28 11:26:17,p2p_transfer,151.49,success,,128623.78,web
3092,47,2026-05-28 11:39:44,merchant_payment,589.28,success,,21655.07,mobile_app
3093,207,2026-05-28 11:50:22,bill_payment,342.1,success,,81777.8,qr_code
3094,131,2026-05-28 11:51:58,withdrawal,899.41,success,,40209.85,qr_code
3095,197,2026-05-28 12:04:37,top_up,386.45,success,,44729.04,web
3096,79,2026-05-28 12:06:50,merchant_payment,1478.33,success,,59999.69,mobile_app
3097,168,2026-05-28 12:13:32,p2p_transfer,1294.99,success,,36554.2,web
3098,461,2026-05-28 12:33:55,top_up,1656.62,success,,87375.78,qr_code
3099,147,2026-05-28 12:40:58,top_up,4277.86,success,,39170.84,mobile_app
3100,371,2026-05-28 13:14:42,bill_payment,2191.5,failed,limit_exceeded,19371.03,mobile_app
3101,115,2026-05-28 13:16:32,top_up,786.54,success,,94506.44,agent
3102,187,2026-05-28 13:21:15,top_up,2969.17,success,,39831.61,web
3103,43,2026-05-28 13:28:30,withdrawal,3883.1,success,,59891.76,qr_code
3104,86,2026-05-28 13:51:56,bill_payment,1762.46,success,,583.47,mobile_app
3105,283,2026-05-28 13:59:44,bill_payment,439.98,success,,102004.84,web
3106,148,2026-05-28 14:04:41,p2p_transfer,8418.83,success,,102639.08,web
3107,185,2026-05-28 14:28:14,withdrawal,1332.67,success,,4520.11,web
3108,338,2026-05-28 14:38:20,bill_payment,1469.0,success,,128181.91,web
3109,458,2026-05-28 16:04:31,bill_payment,1325.87,success,,40812.06,qr_code
3110,276,2026-05-28 16:13:38,withdrawal,714.84,success,,66244.16,mobile_app
3111,405,2026-05-28 16:29:18,merchant_payment,871.47,success,,30994.39,agent
3112,244,2026-05-28 17:13:02,merchant_payment,859.21,success,,61943.08,mobile_app
3113,240,2026-05-28 17:25:45,merchant_payment,5922.86,success,,2587.52,mobile_app
3114,185,2026-05-28 18:31:03,merchant_payment,1882.48,success,,2637.63,agent
3115,334,2026-05-28 18:48:26,merchant_payment,140.16,failed,suspected_fraud,1370.79,qr_code
3116,492,2026-05-28 18:55:54,withdrawal,8506.39,success,,121716.47,mobile_app
3117,470,2026-05-28 19:33:31,top_up,4029.39,success,,24545.58,mobile_app
3118,271,2026-05-28 19:37:54,top_up,8096.14,success,,67336.14,qr_code
3119,426,2026-05-28 20:57:43,top_up,1132.67,success,,6389.24,qr_code
3120,227,2026-05-28 21:06:29,bill_payment,4252.56,success,,70268.65,qr_code
3121,395,2026-05-28 21:21:11,merchant_payment,3716.62,success,,55247.27,qr_code
3122,478,2026-05-28 21:24:17,top_up,1407.74,success,,220085.42,mobile_app
3123,389,2026-05-28 21:46:31,withdrawal,4202.36,success,,1977.72,mobile_app
3124,98,2026-05-28 22:52:14,bill_payment,3613.69,success,,20719.06,web
3125,112,2026-05-28 23:02:25,bill_payment,2966.39,success,,75819.28,agent
3126,187,2026-05-28 23:08:26,merchant_payment,549.78,success,,39281.83,agent
3127,230,2026-05-28 23:34:01,p2p_transfer,872.88,success,,23444.49,qr_code
3128,180,2026-05-29 00:28:30,merchant_payment,3970.1,success,,181006.6,qr_code
3129,395,2026-05-29 00:41:06,merchant_payment,4230.27,success,,51017.0,agent
3130,201,2026-05-29 01:09:45,top_up,4117.84,success,,22143.58,agent
3131,123,2026-05-29 01:46:57,p2p_transfer,1688.01,success,,7018.81,agent
3132,291,2026-05-29 02:52:29,top_up,732.85,success,,3783.56,agent
3133,8,2026-05-29 02:52:52,bill_payment,466.71,success,,4380.5,mobile_app
3134,437,2026-05-29 03:45:44,withdrawal,701.61,success,,97660.08,web
3135,21,2026-05-29 05:47:37,top_up,3323.54,success,,9880.78,agent
3136,189,2026-05-29 07:24:46,top_up,2323.65,success,,130947.43,agent
3137,31,2026-05-29 08:30:50,top_up,32135.87,success,,255232.25,qr_code
3138,312,2026-05-29 09:08:29,merchant_payment,885.53,success,,91843.11,web
3139,479,2026-05-29 09:34:25,top_up,9162.0,success,,256619.37,agent
3140,164,2026-05-29 10:14:49,merchant_payment,3044.97,success,,64014.61,mobile_app
3141,209,2026-05-29 10:25:40,bill_payment,1407.05,success,,87553.3,mobile_app
3142,331,2026-05-29 10:32:05,merchant_payment,397.72,success,,114755.15,web
3143,62,2026-05-29 10:36:40,p2p_transfer,395.87,success,,109584.7,mobile_app
3144,55,2026-05-29 10:43:04,merchant_payment,129.49,failed,network_error,235502.54,qr_code
3145,411,2026-05-29 10:55:34,merchant_payment,946.38,success,,192884.87,mobile_app
3146,70,2026-05-29 11:20:04,merchant_payment,372.98,success,,68424.4,qr_code
3147,86,2026-05-29 11:46:24,merchant_payment,783.45,failed,insufficient_funds,583.47,mobile_app
3148,356,2026-05-29 12:16:16,p2p_transfer,10712.02,success,,4894.69,web
3149,380,2026-05-29 12:19:05,p2p_transfer,1770.39,success,,33966.94,agent
3150,291,2026-05-29 12:23:05,withdrawal,827.09,success,,2956.47,web
3151,180,2026-05-29 12:25:33,withdrawal,1725.58,success,,179281.02,web
3152,211,2026-05-29 12:45:01,withdrawal,2291.2,success,,174843.71,mobile_app
3153,380,2026-05-29 13:48:41,p2p_transfer,1598.64,success,,32368.3,web
3154,197,2026-05-29 14:45:43,withdrawal,483.01,success,,44246.03,web
3155,94,2026-05-29 14:51:30,p2p_transfer,418.71,success,,91569.67,web
3156,22,2026-05-29 14:51:36,merchant_payment,1688.78,success,,113017.17,qr_code
3157,385,2026-05-29 15:00:17,merchant_payment,303.21,success,,110648.86,qr_code
3158,234,2026-05-29 15:14:28,merchant_payment,5341.24,success,,53662.55,agent
3159,64,2026-05-29 15:33:59,merchant_payment,211.59,success,,2699.27,web
3160,131,2026-05-29 15:51:24,merchant_payment,541.63,success,,39668.22,qr_code
3161,311,2026-05-29 16:37:03,top_up,1652.5,success,,87399.21,mobile_app
3162,10,2026-05-29 16:50:09,top_up,1580.38,success,,45382.24,agent
3163,228,2026-05-29 17:15:47,p2p_transfer,967.96,success,,45237.77,qr_code
3164,189,2026-05-29 17:49:57,withdrawal,3572.6,success,,127374.83,qr_code
3165,28,2026-05-29 17:56:21,p2p_transfer,1275.24,success,,106941.61,qr_code
3166,153,2026-05-29 18:12:15,withdrawal,2451.98,failed,network_error,39912.38,qr_code
3167,307,2026-05-29 18:15:38,withdrawal,2442.76,success,,19127.98,agent
3168,301,2026-05-29 18:41:42,top_up,4445.81,success,,5183.13,agent
3169,334,2026-05-29 19:25:18,p2p_transfer,1658.46,failed,insufficient_funds,1370.79,web
3170,360,2026-05-29 19:41:47,withdrawal,2985.21,success,,111118.47,qr_code
3171,362,2026-05-29 19:44:20,top_up,2397.33,success,,96819.41,mobile_app
3172,304,2026-05-29 19:55:22,merchant_payment,230.69,success,,20464.12,web
3173,188,2026-05-29 19:56:29,merchant_payment,2122.67,success,,19154.97,agent
3174,394,2026-05-29 20:43:54,merchant_payment,2961.52,success,,160457.51,web
3175,276,2026-05-29 20:53:59,p2p_transfer,1731.96,success,,64512.2,web
3176,98,2026-05-29 21:13:47,merchant_payment,1119.74,success,,19599.32,mobile_app
3177,257,2026-05-29 21:24:26,bill_payment,1221.36,success,,1933.23,web
3178,112,2026-05-29 21:51:03,withdrawal,2523.96,success,,73295.32,web
3179,344,2026-05-29 22:11:25,merchant_payment,1025.63,success,,89444.16,web
3180,20,2026-05-29 22:44:23,withdrawal,584.29,success,,109467.92,mobile_app
3181,42,2026-05-29 22:48:06,merchant_payment,2586.67,failed,insufficient_funds,2120.92,mobile_app
3182,337,2026-05-29 23:38:29,merchant_payment,1492.3,success,,70549.86,web
3183,10,2026-05-30 00:40:56,p2p_transfer,230.45,success,,45151.79,agent
3184,257,2026-05-30 01:27:48,withdrawal,695.64,success,,1237.59,qr_code
3185,325,2026-05-30 02:12:25,withdrawal,1901.38,failed,insufficient_funds,270.95,agent
3186,257,2026-05-30 02:52:00,bill_payment,2253.7,failed,insufficient_funds,1237.59,qr_code
3187,179,2026-05-30 02:53:28,p2p_transfer,16676.39,failed,insufficient_funds,5794.07,mobile_app
3188,8,2026-05-30 04:56:59,top_up,689.22,success,,5069.72,web
3189,271,2026-05-30 05:01:55,merchant_payment,739.37,success,,66596.77,agent
3190,201,2026-05-30 05:38:34,p2p_transfer,17072.83,success,,5070.75,qr_code
3191,254,2026-05-30 08:12:56,top_up,738.59,success,,72104.96,agent
3192,311,2026-05-30 08:21:01,bill_payment,288.14,success,,87111.07,agent
3193,91,2026-05-30 09:13:08,p2p_transfer,333.87,success,,88406.78,mobile_app
3194,500,2026-05-30 09:40:56,merchant_payment,240.92,success,,88725.11,qr_code
3195,50,2026-05-30 09:45:55,merchant_payment,497.93,success,,74392.53,mobile_app
3196,122,2026-05-30 10:49:37,merchant_payment,713.33,success,,143122.02,web
3197,152,2026-05-30 10:57:31,merchant_payment,546.4,success,,25462.17,web
3198,450,2026-05-30 11:11:48,merchant_payment,1663.02,success,,143734.8,mobile_app
3199,166,2026-05-30 11:28:37,top_up,1580.26,success,,61219.92,mobile_app
3200,358,2026-05-30 11:45:18,p2p_transfer,4365.17,failed,insufficient_funds,832.39,agent
3201,407,2026-05-30 11:53:07,p2p_transfer,896.44,success,,84008.62,mobile_app
3202,338,2026-05-30 12:22:14,bill_payment,552.95,success,,127628.96,mobile_app
3203,109,2026-05-30 12:39:49,top_up,1279.39,success,,54127.29,agent
3204,10,2026-05-30 12:54:06,merchant_payment,767.91,success,,44383.88,qr_code
3205,123,2026-05-30 13:04:06,merchant_payment,1255.4,success,,5763.41,qr_code
3206,443,2026-05-30 13:28:55,withdrawal,3877.3,success,,173596.49,web
3207,252,2026-05-30 13:40:53,top_up,1718.18,success,,45557.19,agent
3208,246,2026-05-30 14:09:56,merchant_payment,2168.57,success,,1103.93,mobile_app
3209,242,2026-05-30 14:22:04,bill_payment,2346.11,failed,insufficient_funds,1858.61,qr_code
3210,66,2026-05-30 14:53:13,p2p_transfer,1955.34,success,,16523.1,agent
3211,333,2026-05-30 15:11:40,merchant_payment,713.19,success,,106412.76,agent
3212,149,2026-05-30 15:14:26,merchant_payment,566.18,success,,14306.09,agent
3213,160,2026-05-30 15:30:00,withdrawal,1312.83,success,,7610.39,mobile_app
3214,186,2026-05-30 15:52:50,p2p_transfer,274.11,success,,153118.92,agent
3215,96,2026-05-30 15:53:50,bill_payment,4950.01,success,,150489.63,qr_code
3216,472,2026-05-30 16:02:49,p2p_transfer,277.2,success,,82052.69,web
3217,120,2026-05-30 17:45:06,top_up,3340.14,success,,229576.73,mobile_app
3218,367,2026-05-30 18:26:40,p2p_transfer,3108.82,success,,38.82,agent
3219,226,2026-05-30 18:32:01,p2p_transfer,181.13,success,,23199.87,mobile_app
3220,164,2026-05-30 18:43:15,merchant_payment,290.28,success,,63724.33,qr_code
3221,325,2026-05-30 18:44:23,merchant_payment,430.11,failed,insufficient_funds,270.95,agent
3222,493,2026-05-30 19:08:04,top_up,940.1,success,,186274.74,mobile_app
3223,129,2026-05-30 19:26:22,top_up,750.54,success,,25965.72,mobile_app
3224,368,2026-05-30 19:27:11,merchant_payment,851.45,success,,176705.61,mobile_app
3225,338,2026-05-30 20:02:51,merchant_payment,1036.02,success,,126592.94,qr_code
3226,92,2026-05-30 20:08:37,withdrawal,1516.13,success,,168145.35,agent
3227,367,2026-05-30 20:11:24,bill_payment,682.08,failed,insufficient_funds,38.82,mobile_app
3228,78,2026-05-30 20:42:53,bill_payment,744.22,success,,57353.52,web
3229,234,2026-05-30 20:45:00,merchant_payment,2741.83,success,,50920.72,mobile_app
3230,380,2026-05-30 20:56:02,bill_payment,473.0,success,,31895.3,mobile_app
3231,314,2026-05-30 22:30:38,top_up,363.86,success,,79948.06,agent
3232,87,2026-05-30 22:50:10,p2p_transfer,739.67,success,,176212.46,mobile_app
3233,201,2026-05-30 23:20:11,bill_payment,6284.76,failed,insufficient_funds,5070.75,agent
3234,459,2026-05-30 23:37:52,merchant_payment,4596.54,success,,17139.24,web
3235,124,2026-05-30 23:48:46,merchant_payment,2331.32,success,,58097.39,mobile_app
3236,418,2026-05-31 00:08:13,merchant_payment,7723.35,failed,insufficient_funds,6774.9,qr_code
3237,371,2026-05-31 00:29:10,bill_payment,694.0,success,,18677.03,web
3238,3,2026-05-31 00:38:58,p2p_transfer,1425.61,success,,14086.98,mobile_app
3239,83,2026-05-31 00:59:40,merchant_payment,1957.71,success,,14715.94,web
3240,238,2026-05-31 01:04:57,merchant_payment,4901.75,success,,2178.4,qr_code
3241,168,2026-05-31 01:18:29,p2p_transfer,1144.02,success,,35410.18,mobile_app
3242,406,2026-05-31 01:24:47,merchant_payment,6737.77,failed,insufficient_funds,3757.79,agent
3243,371,2026-05-31 01:27:56,top_up,811.63,success,,19488.66,mobile_app
3244,83,2026-05-31 02:08:17,merchant_payment,2127.09,success,,12588.85,mobile_app
3245,495,2026-05-31 02:42:59,top_up,1671.63,success,,19941.3,mobile_app
3246,30,2026-05-31 02:51:49,top_up,5595.74,success,,129500.92,qr_code
3247,367,2026-05-31 04:18:40,merchant_payment,1851.23,failed,insufficient_funds,38.82,agent
3248,325,2026-05-31 04:37:02,bill_payment,1931.1,failed,insufficient_funds,270.95,web
3249,13,2026-05-31 04:38:54,p2p_transfer,1141.77,success,,66757.61,qr_code
3250,20,2026-05-31 04:47:10,top_up,1267.26,success,,110735.18,qr_code
3251,288,2026-05-31 05:06:40,top_up,2820.98,success,,113310.67,mobile_app
3252,367,2026-05-31 07:59:08,top_up,61371.81,success,,61410.63,web
3253,460,2026-05-31 08:00:10,merchant_payment,4344.79,success,,227059.04,qr_code
3254,154,2026-05-31 08:05:56,p2p_transfer,616.15,success,,96331.39,web
3255,469,2026-05-31 08:18:40,merchant_payment,535.76,success,,20023.34,mobile_app
3256,127,2026-05-31 08:41:49,merchant_payment,1177.83,success,,52434.82,qr_code
3257,323,2026-05-31 08:50:39,withdrawal,840.46,success,,18351.13,mobile_app
3258,469,2026-05-31 08:59:03,withdrawal,1139.46,success,,18883.88,qr_code
3259,47,2026-05-31 09:08:21,withdrawal,3929.48,success,,17725.59,web
3260,30,2026-05-31 09:35:51,p2p_transfer,681.41,success,,128819.51,web
3261,37,2026-05-31 10:25:15,top_up,3735.89,success,,92262.81,qr_code
3262,188,2026-05-31 10:31:10,merchant_payment,914.05,success,,18240.92,agent
3263,16,2026-05-31 10:42:13,top_up,5071.58,success,,37574.7,web
3264,81,2026-05-31 10:57:40,merchant_payment,260.67,success,,56761.05,qr_code
3265,497,2026-05-31 11:00:01,merchant_payment,3405.23,success,,70784.61,web
3266,211,2026-05-31 11:12:42,bill_payment,1185.91,success,,173657.8,mobile_app
3267,175,2026-05-31 11:31:24,merchant_payment,222.17,success,,47696.68,web
3268,44,2026-05-31 11:47:33,merchant_payment,736.99,success,,54066.51,mobile_app
3269,396,2026-05-31 12:24:36,p2p_transfer,522.01,success,,30745.27,qr_code
3270,425,2026-05-31 12:30:41,bill_payment,3004.58,success,,184049.88,web
3271,433,2026-05-31 12:42:40,top_up,1316.14,success,,130842.65,web
3272,475,2026-05-31 12:55:23,merchant_payment,357.31,success,,14005.97,qr_code
3273,211,2026-05-31 13:34:24,top_up,21317.18,success,,194974.98,mobile_app
3274,488,2026-05-31 13:46:05,merchant_payment,4062.25,success,,12411.74,agent
3275,328,2026-05-31 13:54:58,top_up,1471.39,success,,72214.94,qr_code
3276,399,2026-05-31 14:34:55,withdrawal,1282.08,success,,42382.03,web
3277,481,2026-05-31 14:38:09,merchant_payment,3934.11,success,,87887.73,web
3278,338,2026-05-31 14:55:07,top_up,1448.74,failed,limit_exceeded,126592.94,web
3279,493,2026-05-31 15:15:10,p2p_transfer,2864.69,success,,183410.05,agent
3280,295,2026-05-31 15:31:46,top_up,423.14,success,,1052.49,agent
3281,304,2026-05-31 16:05:05,withdrawal,962.07,failed,invalid_recipient,20464.12,mobile_app
3282,122,2026-05-31 16:24:14,merchant_payment,2059.35,success,,141062.67,mobile_app
3283,299,2026-05-31 16:31:30,bill_payment,2515.54,success,,13744.14,agent
3284,329,2026-05-31 16:39:24,merchant_payment,774.53,success,,81731.48,agent
3285,380,2026-05-31 16:46:20,top_up,5542.5,success,,37437.8,qr_code
3286,493,2026-05-31 16:56:50,p2p_transfer,443.92,success,,182966.13,mobile_app
3287,156,2026-05-31 16:59:25,withdrawal,708.3,success,,257735.41,web
3288,433,2026-05-31 17:34:42,p2p_transfer,636.66,success,,130205.99,web
3289,284,2026-05-31 17:47:45,merchant_payment,890.65,success,,111349.78,agent
3290,214,2026-05-31 17:49:32,merchant_payment,1414.48,success,,18126.25,mobile_app
3291,475,2026-05-31 18:09:58,bill_payment,1647.84,success,,12358.13,mobile_app
3292,10,2026-05-31 18:12:18,merchant_payment,4060.52,success,,40323.36,mobile_app
3293,54,2026-05-31 18:43:17,p2p_transfer,1363.27,success,,288430.06,mobile_app
3294,433,2026-05-31 18:49:21,merchant_payment,2471.12,success,,127734.87,mobile_app
3295,308,2026-05-31 18:54:20,merchant_payment,3183.28,success,,271482.25,web
3296,493,2026-05-31 19:10:35,p2p_transfer,1251.34,success,,181714.79,qr_code
3297,337,2026-05-31 19:16:59,merchant_payment,941.18,success,,69608.68,agent
3298,440,2026-05-31 19:42:13,merchant_payment,2284.55,success,,223675.32,agent
3299,493,2026-05-31 20:04:21,merchant_payment,1606.84,success,,180107.95,agent
3300,260,2026-05-31 20:06:28,merchant_payment,240.6,success,,48218.94,qr_code
3301,280,2026-05-31 20:42:29,p2p_transfer,3458.99,success,,10689.72,agent
3302,440,2026-05-31 20:43:02,bill_payment,13827.47,success,,209847.85,mobile_app
3303,44,2026-05-31 21:02:07,p2p_transfer,4429.16,success,,49637.35,mobile_app
3304,168,2026-05-31 21:09:41,merchant_payment,3279.18,success,,32131.0,web
3305,102,2026-05-31 21:40:03,merchant_payment,879.65,success,,135087.74,web
3306,453,2026-05-31 21:44:10,merchant_payment,1927.9,success,,61024.35,mobile_app
3307,290,2026-05-31 22:34:04,merchant_payment,912.72,success,,23645.1,web
3308,78,2026-05-31 22:35:58,merchant_payment,1012.73,success,,56340.79,web
3309,71,2026-05-31 22:39:18,p2p_transfer,2905.82,success,,34221.25,mobile_app
3310,301,2026-06-01 00:04:16,top_up,1537.49,success,,6720.62,agent
3311,485,2026-06-01 01:17:37,merchant_payment,1278.45,success,,75170.18,web
3312,291,2026-06-01 02:25:18,bill_payment,719.15,success,,2237.32,mobile_app
3313,238,2026-06-01 02:32:12,bill_payment,334.84,success,,1843.56,mobile_app
3314,96,2026-06-01 03:28:38,top_up,13685.66,success,,164175.29,mobile_app
3315,55,2026-06-01 04:32:02,p2p_transfer,2472.52,success,,233030.02,agent
3316,56,2026-06-01 05:00:30,merchant_payment,1891.53,success,,18365.78,mobile_app
3317,76,2026-06-01 05:38:14,merchant_payment,1196.67,success,,88691.61,web
3318,96,2026-06-01 07:14:59,withdrawal,186.97,success,,163988.32,mobile_app
3319,407,2026-06-01 08:14:50,withdrawal,374.6,success,,83634.02,qr_code
3320,471,2026-06-01 09:34:34,top_up,2711.58,success,,26760.12,agent
3321,411,2026-06-01 09:42:36,merchant_payment,2653.34,success,,190231.53,agent
3322,433,2026-06-01 09:44:51,merchant_payment,5446.57,success,,122288.3,agent
3323,337,2026-06-01 10:16:14,merchant_payment,1492.51,success,,68116.17,mobile_app
3324,357,2026-06-01 11:03:08,merchant_payment,3018.91,success,,3580.86,web
3325,135,2026-06-01 11:35:43,top_up,266.98,success,,109175.93,qr_code
3326,443,2026-06-01 12:58:59,p2p_transfer,2828.52,success,,170767.97,qr_code
3327,135,2026-06-01 13:21:10,merchant_payment,2741.1,success,,106434.83,qr_code
3328,360,2026-06-01 13:25:33,merchant_payment,1737.68,success,,109380.79,web
3329,87,2026-06-01 13:47:31,p2p_transfer,1253.26,success,,174959.2,web
3330,29,2026-06-01 14:01:42,merchant_payment,820.99,success,,77736.46,qr_code
3331,407,2026-06-01 14:34:54,merchant_payment,8009.73,success,,75624.29,agent
3332,21,2026-06-01 15:14:53,merchant_payment,10351.57,failed,insufficient_funds,9880.78,web
3333,470,2026-06-01 15:22:26,bill_payment,953.05,success,,23592.53,mobile_app
3334,438,2026-06-01 16:12:54,withdrawal,1018.92,success,,100154.33,web
3335,271,2026-06-01 16:30:00,merchant_payment,1158.82,success,,65437.95,mobile_app
3336,123,2026-06-01 16:40:04,p2p_transfer,835.69,success,,4927.72,qr_code
3337,344,2026-06-01 16:46:42,top_up,715.14,success,,90159.3,agent
3338,115,2026-06-01 16:54:17,bill_payment,2140.99,failed,card_declined,94506.44,qr_code
3339,102,2026-06-01 17:43:05,merchant_payment,954.19,success,,134133.55,agent
3340,73,2026-06-01 17:45:41,withdrawal,464.63,success,,936.64,agent
3341,87,2026-06-01 18:23:04,p2p_transfer,801.17,success,,174158.03,agent
3342,65,2026-06-01 18:36:45,merchant_payment,2008.61,success,,157995.46,mobile_app
3343,448,2026-06-01 19:00:02,withdrawal,1895.11,success,,73494.19,web
3344,450,2026-06-01 19:48:24,bill_payment,2442.07,success,,141292.73,agent
3345,474,2026-06-01 20:21:45,bill_payment,1605.72,success,,25810.08,qr_code
3346,459,2026-06-01 21:41:46,p2p_transfer,4497.62,success,,12641.62,mobile_app
3347,366,2026-06-01 21:56:16,p2p_transfer,830.24,success,,91945.05,qr_code
3348,349,2026-06-01 21:56:20,top_up,1603.76,success,,43563.29,web
3349,404,2026-06-01 21:58:09,bill_payment,808.03,success,,59224.49,web
3350,350,2026-06-01 22:01:10,withdrawal,737.85,success,,102550.4,web
3351,371,2026-06-01 22:41:42,bill_payment,2762.14,success,,16726.52,qr_code
3352,478,2026-06-01 22:41:52,merchant_payment,615.66,success,,219469.76,mobile_app
3353,220,2026-06-01 22:42:53,withdrawal,1994.51,success,,49092.43,mobile_app
3354,122,2026-06-01 22:57:44,top_up,2531.41,success,,143594.08,web
3355,337,2026-06-01 23:09:13,p2p_transfer,617.61,success,,67498.56,qr_code
3356,346,2026-06-02 00:33:08,p2p_transfer,845.09,success,,4546.69,qr_code
3357,46,2026-06-02 01:01:27,p2p_transfer,4918.9,failed,insufficient_funds,2714.77,agent
3358,83,2026-06-02 01:23:28,bill_payment,4181.0,success,,8407.85,agent
3359,451,2026-06-02 01:24:18,merchant_payment,838.79,success,,48309.08,web
3360,246,2026-06-02 01:40:43,top_up,483.3,success,,1587.23,qr_code
3361,168,2026-06-02 02:15:25,top_up,10993.34,success,,43124.34,mobile_app
3362,21,2026-06-02 03:09:30,merchant_payment,2102.45,success,,7778.33,qr_code
3363,80,2026-06-02 03:15:54,p2p_transfer,2457.15,success,,9393.8,qr_code
3364,173,2026-06-02 03:40:44,merchant_payment,2849.65,success,,90166.93,web
3365,380,2026-06-02 04:39:36,merchant_payment,3932.73,success,,33505.07,agent
3366,237,2026-06-02 04:56:15,merchant_payment,899.39,success,,58971.51,agent
3367,469,2026-06-02 05:32:12,withdrawal,1560.36,success,,17323.52,mobile_app
3368,167,2026-06-02 07:17:34,top_up,21438.9,success,,37144.44,qr_code
3369,329,2026-06-02 07:46:56,bill_payment,5999.02,success,,75732.46,qr_code
3370,178,2026-06-02 07:53:15,merchant_payment,1798.9,success,,5587.51,qr_code
3371,118,2026-06-02 08:03:20,p2p_transfer,1613.83,success,,136384.98,qr_code
3372,163,2026-06-02 08:31:32,merchant_payment,2146.03,success,,75162.75,agent
3373,474,2026-06-02 08:39:47,p2p_transfer,3614.01,success,,22196.07,mobile_app
3374,459,2026-06-02 08:41:22,p2p_transfer,4021.87,success,,8619.75,qr_code
3375,493,2026-06-02 08:46:03,merchant_payment,2898.88,success,,177209.07,mobile_app
3376,81,2026-06-02 08:46:54,top_up,1997.04,success,,58758.09,agent
3377,20,2026-06-02 08:51:37,top_up,4628.74,success,,115363.92,agent
3378,276,2026-06-02 09:50:34,merchant_payment,1258.44,success,,63253.76,mobile_app
3379,168,2026-06-02 10:21:20,top_up,8604.9,success,,51729.24,web
3380,86,2026-06-02 10:22:16,merchant_payment,2208.68,failed,insufficient_funds,583.47,agent
3381,403,2026-06-02 10:22:53,merchant_payment,1487.09,success,,4580.3,agent
3382,179,2026-06-02 10:23:30,withdrawal,3165.12,success,,2628.95,mobile_app
3383,257,2026-06-02 11:00:08,p2p_transfer,1074.38,success,,163.21,web
3384,404,2026-06-02 11:23:01,bill_payment,933.05,success,,58291.44,agent
3385,479,2026-06-02 11:23:14,top_up,1425.97,success,,258045.34,agent
3386,180,2026-06-02 11:31:45,p2p_transfer,8745.32,success,,170535.7,mobile_app
3387,270,2026-06-02 11:45:04,withdrawal,562.38,success,,31464.03,web
3388,160,2026-06-02 11:59:07,bill_payment,1265.03,success,,6345.36,qr_code
3389,94,2026-06-02 12:05:37,p2p_transfer,768.03,success,,90801.64,agent
3390,178,2026-06-02 12:33:50,withdrawal,656.59,success,,4930.92,agent
3391,267,2026-06-02 12:44:59,top_up,6749.98,success,,79020.62,web
3392,87,2026-06-02 13:30:43,merchant_payment,1204.99,success,,172953.04,mobile_app
3393,490,2026-06-02 13:40:00,top_up,1783.54,success,,120090.64,web
3394,20,2026-06-02 13:48:35,top_up,409.1,success,,115773.02,agent
3395,49,2026-06-02 14:11:42,p2p_transfer,1449.23,success,,129140.96,mobile_app
3396,387,2026-06-02 14:14:20,withdrawal,4277.42,success,,136746.4,qr_code
3397,127,2026-06-02 15:16:50,bill_payment,636.19,success,,51798.63,mobile_app
3398,168,2026-06-02 15:19:55,p2p_transfer,2940.04,success,,48789.2,web
3399,79,2026-06-02 15:57:42,bill_payment,3220.92,success,,56778.77,agent
3400,105,2026-06-02 16:32:57,top_up,1763.87,success,,14256.74,web
3401,486,2026-06-02 16:51:26,p2p_transfer,1927.6,success,,36519.43,mobile_app
3402,327,2026-06-02 17:09:28,p2p_transfer,3860.34,success,,10500.06,web
3403,258,2026-06-02 17:19:49,top_up,3560.14,success,,47804.87,agent
3404,434,2026-06-02 17:32:58,withdrawal,1831.34,success,,2660.59,mobile_app
3405,109,2026-06-02 17:52:47,top_up,589.5,success,,54716.79,mobile_app
3406,189,2026-06-02 17:55:14,merchant_payment,96.15,success,,127278.68,mobile_app
3407,189,2026-06-02 18:12:36,top_up,5523.47,success,,132802.15,mobile_app
3408,246,2026-06-02 18:20:25,bill_payment,618.85,success,,968.38,mobile_app
3409,228,2026-06-02 19:18:52,merchant_payment,1782.72,success,,43455.05,qr_code
3410,242,2026-06-02 19:35:26,withdrawal,3762.1,failed,insufficient_funds,1858.61,agent
3411,123,2026-06-02 19:38:33,withdrawal,175.23,success,,4752.49,mobile_app
3412,478,2026-06-02 19:41:23,merchant_payment,543.59,success,,218926.17,agent
3413,482,2026-06-02 20:39:29,merchant_payment,1474.97,success,,48301.03,web
3414,29,2026-06-02 21:01:00,merchant_payment,1311.46,success,,76425.0,mobile_app
3415,114,2026-06-02 21:04:51,withdrawal,9057.25,failed,limit_exceeded,112962.43,agent
3416,4,2026-06-02 21:38:41,top_up,1019.26,success,,40912.04,agent
3417,188,2026-06-02 21:48:10,merchant_payment,1886.35,success,,16354.57,agent
3418,249,2026-06-02 22:07:23,top_up,9206.67,success,,113702.15,agent
3419,102,2026-06-02 22:27:19,top_up,2604.86,failed,network_error,134133.55,agent
3420,92,2026-06-02 23:44:15,merchant_payment,3684.9,success,,164460.45,qr_code
3421,135,2026-06-02 23:49:21,p2p_transfer,468.32,success,,105966.51,agent
3422,80,2026-06-03 00:11:26,merchant_payment,2251.34,success,,7142.46,web
3423,425,2026-06-03 00:26:14,p2p_transfer,3405.49,success,,180644.39,agent
3424,434,2026-06-03 01:07:42,withdrawal,13372.56,failed,insufficient_funds,2660.59,web
3425,450,2026-06-03 01:49:14,top_up,394.14,success,,141686.87,agent
3426,338,2026-06-03 02:45:38,merchant_payment,1336.43,success,,125256.51,mobile_app
3427,371,2026-06-03 03:14:48,merchant_payment,6476.89,success,,10249.63,agent
3428,344,2026-06-03 03:57:31,merchant_payment,943.39,success,,89215.91,web
3429,426,2026-06-03 07:01:00,merchant_payment,10702.33,failed,insufficient_funds,6389.24,mobile_app
3430,274,2026-06-03 07:41:23,merchant_payment,3784.79,success,,80930.76,agent
3431,208,2026-06-03 07:57:11,merchant_payment,2902.08,success,,122922.85,mobile_app
3432,127,2026-06-03 08:15:46,p2p_transfer,934.42,success,,50864.21,mobile_app
3433,26,2026-06-03 08:27:20,top_up,2913.36,success,,110281.33,agent
3434,111,2026-06-03 08:28:11,top_up,1641.26,success,,53450.01,agent
3435,230,2026-06-03 08:38:22,p2p_transfer,751.21,success,,22693.28,web
3436,135,2026-06-03 08:47:47,merchant_payment,5446.1,success,,100520.41,web
3437,494,2026-06-03 09:04:05,top_up,627.94,success,,35845.33,mobile_app
3438,283,2026-06-03 09:24:20,bill_payment,2072.39,success,,99932.45,mobile_app
3439,262,2026-06-03 09:39:12,merchant_payment,282.89,success,,61411.52,agent
3440,26,2026-06-03 10:00:08,merchant_payment,11100.41,success,,99180.92,agent
3441,102,2026-06-03 10:01:18,withdrawal,4510.85,success,,129622.7,web
3442,184,2026-06-03 10:05:14,bill_payment,1447.16,success,,44771.63,agent
3443,433,2026-06-03 10:46:01,merchant_payment,1343.44,success,,120944.86,web
3444,444,2026-06-03 10:58:00,top_up,329.42,success,,28265.78,qr_code
3445,433,2026-06-03 11:09:37,withdrawal,4580.25,success,,116364.61,mobile_app
3446,479,2026-06-03 11:14:25,top_up,359.3,success,,258404.64,agent
3447,161,2026-06-03 11:19:16,withdrawal,701.71,success,,100133.25,qr_code
3448,493,2026-06-03 11:45:51,bill_payment,988.26,success,,176220.81,agent
3449,136,2026-06-03 12:06:57,top_up,3671.86,success,,119722.97,mobile_app
3450,318,2026-06-03 12:10:44,withdrawal,2148.49,success,,63837.44,mobile_app
3451,446,2026-06-03 12:22:28,p2p_transfer,551.07,success,,176909.24,qr_code
3452,279,2026-06-03 12:42:19,p2p_transfer,4166.28,failed,card_declined,10904.64,mobile_app
3453,351,2026-06-03 13:52:45,p2p_transfer,2371.73,success,,178455.18,mobile_app
3454,448,2026-06-03 13:56:37,merchant_payment,2631.71,success,,70862.48,mobile_app
3455,451,2026-06-03 14:00:36,p2p_transfer,863.57,success,,47445.51,mobile_app
3456,475,2026-06-03 14:13:05,merchant_payment,1461.2,success,,10896.93,qr_code
3457,487,2026-06-03 14:33:02,merchant_payment,912.74,success,,36119.67,web
3458,453,2026-06-03 14:43:54,bill_payment,1193.62,success,,59830.73,qr_code
3459,471,2026-06-03 14:57:57,merchant_payment,2379.42,success,,24380.7,qr_code
3460,466,2026-06-03 15:05:56,p2p_transfer,446.3,success,,206331.75,mobile_app
3461,161,2026-06-03 15:22:53,p2p_transfer,2471.45,success,,97661.8,qr_code
3462,4,2026-06-03 15:24:50,merchant_payment,1302.75,success,,39609.29,mobile_app
3463,428,2026-06-03 15:43:13,merchant_payment,12366.58,failed,card_declined,62427.51,qr_code
3464,314,2026-06-03 16:10:35,p2p_transfer,950.0,success,,78998.06,agent
3465,258,2026-06-03 16:26:31,p2p_transfer,4072.78,success,,43732.09,web
3466,149,2026-06-03 16:41:30,p2p_transfer,818.33,success,,13487.76,agent
3467,61,2026-06-03 16:43:14,p2p_transfer,22100.77,success,,156257.55,qr_code
3468,176,2026-06-03 17:00:12,top_up,335.92,success,,21358.06,agent
3469,417,2026-06-03 17:24:22,merchant_payment,689.09,success,,26090.33,qr_code
3470,55,2026-06-03 17:39:52,merchant_payment,248.81,success,,232781.21,web
3471,299,2026-06-03 17:55:47,top_up,199.04,success,,13943.18,mobile_app
3472,251,2026-06-03 18:34:44,merchant_payment,2148.77,success,,196658.84,web
3473,357,2026-06-03 19:01:20,top_up,15408.64,success,,18989.5,web
3474,187,2026-06-03 19:16:03,bill_payment,242.66,success,,39039.17,qr_code
3475,453,2026-06-03 19:27:13,top_up,10003.6,success,,69834.33,qr_code
3476,20,2026-06-03 19:34:23,p2p_transfer,5852.3,success,,109920.72,qr_code
3477,145,2026-06-03 19:44:46,top_up,1442.96,success,,100929.85,qr_code
3478,412,2026-06-03 20:07:42,top_up,4555.5,success,,157986.61,mobile_app
3479,446,2026-06-03 20:41:29,merchant_payment,1417.39,success,,175491.85,mobile_app
3480,31,2026-06-03 20:49:12,merchant_payment,756.93,success,,254475.32,agent
3481,338,2026-06-03 20:49:36,p2p_transfer,1347.14,success,,123909.37,qr_code
3482,43,2026-06-03 21:17:54,top_up,797.62,success,,60689.38,web
3483,265,2026-06-03 21:33:33,bill_payment,935.46,success,,5802.92,qr_code
3484,200,2026-06-03 21:38:31,p2p_transfer,2834.66,success,,51112.82,mobile_app
3485,160,2026-06-03 21:58:14,merchant_payment,9230.73,failed,insufficient_funds,6345.36,web
3486,237,2026-06-03 22:01:38,top_up,1764.8,success,,60736.31,web
3487,246,2026-06-03 22:03:48,merchant_payment,2729.29,failed,insufficient_funds,968.38,mobile_app
3488,10,2026-06-03 22:10:00,top_up,2461.36,success,,42784.72,mobile_app
3489,454,2026-06-03 22:21:58,bill_payment,793.37,success,,51326.8,qr_code
3490,173,2026-06-03 23:13:35,top_up,2690.61,success,,92857.54,web
3491,220,2026-06-03 23:30:07,merchant_payment,459.48,success,,48632.95,web
3492,92,2026-06-03 23:33:05,merchant_payment,992.43,success,,163468.02,mobile_app
3493,491,2026-06-03 23:44:27,merchant_payment,577.48,success,,123728.36,agent
3494,433,2026-06-03 23:48:56,p2p_transfer,922.18,success,,115442.43,mobile_app
3495,168,2026-06-04 01:28:26,p2p_transfer,2641.75,success,,46147.45,web
3496,371,2026-06-04 01:54:39,p2p_transfer,768.6,success,,9481.03,qr_code
3497,19,2026-06-04 02:38:27,p2p_transfer,13731.38,failed,insufficient_funds,7751.49,agent
3498,66,2026-06-04 02:48:42,p2p_transfer,5343.76,success,,11179.34,mobile_app
3499,450,2026-06-04 03:07:20,p2p_transfer,4093.43,success,,137593.44,qr_code
3500,480,2026-06-04 04:17:26,merchant_payment,3162.31,success,,73731.01,web
3501,479,2026-06-04 04:33:22,p2p_transfer,324.77,success,,258079.87,web
3502,390,2026-06-04 04:42:58,top_up,6043.06,success,,19979.34,mobile_app
3503,236,2026-06-04 04:44:30,top_up,1152.86,success,,37391.22,mobile_app
3504,186,2026-06-04 05:02:19,p2p_transfer,551.11,success,,152567.81,qr_code
3505,31,2026-06-04 05:58:21,p2p_transfer,936.39,success,,253538.93,web
3506,55,2026-06-04 07:02:00,p2p_transfer,5066.87,success,,227714.34,qr_code
3507,407,2026-06-04 07:04:21,top_up,701.84,success,,76326.13,web
3508,120,2026-06-04 07:42:57,merchant_payment,244.4,success,,229332.33,qr_code
3509,453,2026-06-04 08:34:36,top_up,16669.81,success,,86504.14,mobile_app
3510,478,2026-06-04 09:05:18,top_up,416.42,success,,219342.59,web
3511,102,2026-06-04 09:05:35,withdrawal,7120.59,success,,122502.11,mobile_app
3512,359,2026-06-04 09:45:33,p2p_transfer,972.94,success,,42027.42,mobile_app
3513,421,2026-06-04 09:57:30,withdrawal,1218.96,success,,222876.37,agent
3514,166,2026-06-04 10:02:26,withdrawal,448.61,success,,60771.31,qr_code
3515,16,2026-06-04 10:27:14,p2p_transfer,1814.26,success,,35760.44,qr_code
3516,333,2026-06-04 10:36:23,p2p_transfer,3397.16,success,,103015.6,web
3517,165,2026-06-04 10:41:53,merchant_payment,232.64,success,,22975.67,qr_code
3518,201,2026-06-04 10:50:39,p2p_transfer,334.31,success,,4736.44,web
3519,160,2026-06-04 10:59:09,p2p_transfer,1046.2,success,,5299.16,qr_code
3520,475,2026-06-04 11:15:05,bill_payment,838.94,success,,10057.99,mobile_app
3521,475,2026-06-04 11:59:31,withdrawal,557.47,success,,9500.52,qr_code
3522,440,2026-06-04 12:16:35,merchant_payment,834.63,success,,209013.22,agent
3523,470,2026-06-04 13:07:14,p2p_transfer,2303.82,success,,21288.71,qr_code
3524,180,2026-06-04 13:32:20,p2p_transfer,2182.96,success,,168352.74,qr_code
3525,189,2026-06-04 13:39:27,merchant_payment,3893.03,success,,128909.12,mobile_app
3526,90,2026-06-04 14:58:15,merchant_payment,677.1,success,,81410.8,qr_code
3527,66,2026-06-04 15:07:42,p2p_transfer,276.91,success,,10902.43,qr_code
3528,199,2026-06-04 15:32:41,p2p_transfer,875.08,success,,75514.11,web
3529,11,2026-06-04 15:45:23,merchant_payment,473.47,success,,125975.69,qr_code
3530,453,2026-06-04 15:56:01,top_up,2487.95,success,,88992.09,qr_code
3531,220,2026-06-04 16:12:19,bill_payment,672.22,success,,47960.73,qr_code
3532,169,2026-06-04 16:18:03,bill_payment,994.42,success,,38253.6,web
3533,304,2026-06-04 16:21:50,top_up,128.66,success,,20592.78,qr_code
3534,118,2026-06-04 16:38:26,bill_payment,1329.19,success,,135055.79,agent
3535,301,2026-06-04 17:15:41,merchant_payment,1138.22,success,,5582.4,agent
3536,500,2026-06-04 17:23:54,merchant_payment,2732.93,success,,85992.18,agent
3537,138,2026-06-04 17:58:01,merchant_payment,656.54,success,,106384.71,agent
3538,188,2026-06-04 18:03:30,bill_payment,1324.71,success,,15029.86,mobile_app
3539,268,2026-06-04 18:31:58,top_up,847.01,success,,92182.57,mobile_app
3540,15,2026-06-04 18:42:59,p2p_transfer,4116.47,success,,84134.54,mobile_app
3541,295,2026-06-04 18:54:00,merchant_payment,4009.19,failed,insufficient_funds,1052.49,mobile_app
3542,409,2026-06-04 19:59:31,bill_payment,271.78,success,,33272.75,mobile_app
3543,186,2026-06-04 20:10:18,withdrawal,1889.63,success,,150678.18,qr_code
3544,228,2026-06-04 21:01:01,merchant_payment,3894.78,success,,39560.27,web
3545,366,2026-06-04 21:03:45,merchant_payment,974.71,success,,90970.34,web
3546,175,2026-06-04 21:20:44,withdrawal,1876.99,success,,45819.69,web
3547,149,2026-06-04 21:41:15,top_up,1145.07,success,,14632.83,web
3548,233,2026-06-04 21:52:14,p2p_transfer,72.13,success,,33637.33,agent
3549,453,2026-06-04 22:15:27,top_up,808.14,success,,89800.23,qr_code
3550,411,2026-06-04 22:24:41,top_up,2973.46,success,,193204.99,qr_code
3551,172,2026-06-04 22:51:16,merchant_payment,14849.05,success,,47304.51,agent
3552,3,2026-06-05 00:14:49,top_up,2377.52,success,,16464.5,web
3553,116,2026-06-05 03:52:53,top_up,8341.15,success,,17393.11,agent
3554,180,2026-06-05 04:56:17,top_up,1352.77,failed,card_declined,168352.74,agent
3555,352,2026-06-05 05:20:30,bill_payment,2058.29,success,,44535.07,qr_code
3556,245,2026-06-05 05:41:14,withdrawal,1263.44,success,,268653.66,mobile_app
3557,367,2026-06-05 05:51:45,p2p_transfer,1566.01,success,,59844.62,agent
3558,247,2026-06-05 07:29:43,top_up,11082.29,success,,218190.22,qr_code
3559,407,2026-06-05 07:41:35,bill_payment,266.5,success,,76059.63,agent
3560,47,2026-06-05 07:56:38,merchant_payment,1142.53,success,,16583.06,agent
3561,477,2026-06-05 08:23:39,bill_payment,562.25,success,,63105.97,mobile_app
3562,483,2026-06-05 08:29:56,merchant_payment,734.99,success,,12348.86,agent
3563,281,2026-06-05 08:46:18,withdrawal,438.25,success,,57488.14,mobile_app
3564,272,2026-06-05 09:03:36,top_up,7154.03,success,,115081.08,web
3565,40,2026-06-05 09:15:11,p2p_transfer,453.71,success,,238849.54,web
3566,91,2026-06-05 10:13:39,top_up,2935.92,success,,91342.7,agent
3567,219,2026-06-05 10:52:50,withdrawal,2233.45,success,,15325.13,web
3568,25,2026-06-05 10:57:32,top_up,1892.86,success,,17854.14,agent
3569,380,2026-06-05 11:02:06,p2p_transfer,760.41,success,,32744.66,agent
3570,228,2026-06-05 11:21:37,withdrawal,713.27,success,,38847.0,qr_code
3571,444,2026-06-05 11:45:24,merchant_payment,12181.44,success,,16084.34,web
3572,450,2026-06-05 11:50:27,bill_payment,4799.1,success,,132794.34,qr_code
3573,281,2026-06-05 11:52:35,top_up,3989.1,success,,61477.24,web
3574,493,2026-06-05 11:53:40,merchant_payment,5516.93,success,,170703.88,mobile_app
3575,428,2026-06-05 12:03:56,bill_payment,1478.34,success,,60949.17,qr_code
3576,124,2026-06-05 12:53:01,merchant_payment,199.09,success,,57898.3,web
3577,249,2026-06-05 13:23:37,bill_payment,417.91,success,,113284.24,agent
3578,88,2026-06-05 13:40:46,top_up,544.91,success,,110219.36,agent
3579,333,2026-06-05 13:42:52,p2p_transfer,177.08,success,,102838.52,agent
3580,461,2026-06-05 13:43:01,p2p_transfer,1475.96,success,,85899.82,qr_code
3581,102,2026-06-05 13:48:56,merchant_payment,1896.5,success,,120605.61,agent
3582,136,2026-06-05 14:39:11,bill_payment,428.32,success,,119294.65,mobile_app
3583,487,2026-06-05 15:40:03,top_up,607.81,success,,36727.48,mobile_app
3584,440,2026-06-05 16:00:28,top_up,1670.38,success,,210683.6,agent
3585,193,2026-06-05 16:22:30,p2p_transfer,3099.6,success,,10037.63,mobile_app
3586,356,2026-06-05 16:27:49,merchant_payment,741.19,success,,4153.5,mobile_app
3587,159,2026-06-05 16:56:06,withdrawal,2302.6,success,,204760.76,qr_code
3588,465,2026-06-05 17:51:53,withdrawal,5035.19,success,,14435.19,web
3589,20,2026-06-05 19:08:35,merchant_payment,3053.96,success,,106866.76,qr_code
3590,411,2026-06-05 19:36:16,p2p_transfer,279.9,success,,192925.09,agent
3591,112,2026-06-05 19:37:11,bill_payment,1484.33,failed,network_error,73295.32,web
3592,477,2026-06-05 19:47:25,top_up,5282.59,success,,68388.56,qr_code
3593,94,2026-06-05 19:56:31,top_up,4722.11,success,,95523.75,web
3594,291,2026-06-05 20:06:07,merchant_payment,7844.72,failed,insufficient_funds,2237.32,agent
3595,31,2026-06-05 20:36:03,p2p_transfer,44084.08,success,,209454.85,mobile_app
3596,7,2026-06-05 20:54:13,top_up,909.92,success,,2338.14,qr_code
3597,299,2026-06-05 20:59:29,merchant_payment,3493.79,success,,10449.39,qr_code
3598,380,2026-06-05 21:07:46,p2p_transfer,1908.14,success,,30836.52,mobile_app
3599,50,2026-06-05 21:13:43,bill_payment,783.1,success,,73609.43,mobile_app
3600,188,2026-06-05 21:46:45,p2p_transfer,1141.31,success,,13888.55,web
3601,20,2026-06-05 22:44:45,merchant_payment,4020.78,success,,102845.98,qr_code
3602,329,2026-06-05 23:26:18,merchant_payment,3266.19,success,,72466.27,agent
3603,343,2026-06-06 00:12:56,top_up,2033.36,success,,42881.71,mobile_app
3604,139,2026-06-06 00:20:04,top_up,298.54,success,,12260.69,qr_code
3605,325,2026-06-06 01:13:01,top_up,7431.78,success,,7702.73,mobile_app
3606,160,2026-06-06 01:24:22,p2p_transfer,4453.07,success,,846.09,qr_code
3607,163,2026-06-06 02:13:07,merchant_payment,1016.91,success,,74145.84,qr_code
3608,262,2026-06-06 03:42:33,withdrawal,1209.67,success,,60201.85,qr_code
3609,198,2026-06-06 03:48:05,merchant_payment,303.91,success,,50239.71,web
3610,346,2026-06-06 04:26:20,merchant_payment,1196.02,success,,3350.67,mobile_app
3611,198,2026-06-06 04:38:06,merchant_payment,4986.54,success,,45253.17,agent
3612,357,2026-06-06 05:35:00,merchant_payment,12059.31,success,,6930.19,web
3613,243,2026-06-06 07:09:38,merchant_payment,148.96,success,,80020.39,web
3614,156,2026-06-06 07:22:50,merchant_payment,1671.16,success,,256064.25,mobile_app
3615,477,2026-06-06 07:49:54,top_up,1924.58,success,,70313.14,qr_code
3616,126,2026-06-06 08:00:19,top_up,1243.98,success,,21423.33,qr_code
3617,252,2026-06-06 08:21:22,merchant_payment,87042.67,failed,insufficient_funds,45557.19,agent
3618,232,2026-06-06 08:51:25,bill_payment,9911.91,success,,25455.68,agent
3619,380,2026-06-06 09:35:32,withdrawal,2945.4,success,,27891.12,agent
3620,245,2026-06-06 09:36:29,withdrawal,339.67,success,,268313.99,web
3621,2,2026-06-06 09:41:55,bill_payment,934.74,success,,69155.35,qr_code
3622,425,2026-06-06 09:44:55,p2p_transfer,1147.25,success,,179497.14,agent
3623,468,2026-06-06 09:51:37,bill_payment,699.35,success,,23994.89,qr_code
3624,300,2026-06-06 09:59:13,merchant_payment,1568.47,success,,150737.58,mobile_app
3625,78,2026-06-06 10:06:00,merchant_payment,1040.85,success,,55299.94,agent
3626,175,2026-06-06 11:18:35,merchant_payment,1746.75,success,,44072.94,agent
3627,206,2026-06-06 12:44:19,merchant_payment,512.2,success,,88184.29,qr_code
3628,349,2026-06-06 12:47:01,withdrawal,2020.22,success,,41543.07,agent
3629,362,2026-06-06 13:04:36,merchant_payment,822.36,success,,95997.05,agent
3630,242,2026-06-06 13:11:01,bill_payment,2004.09,failed,insufficient_funds,1858.61,web
3631,462,2026-06-06 13:52:29,merchant_payment,3336.67,success,,37604.75,mobile_app
3632,390,2026-06-06 13:57:02,p2p_transfer,31474.23,failed,insufficient_funds,19979.34,web
3633,450,2026-06-06 14:08:33,bill_payment,233.67,success,,132560.67,qr_code
3634,474,2026-06-06 14:33:15,p2p_transfer,3489.65,success,,18706.42,mobile_app
3635,446,2026-06-06 14:33:45,p2p_transfer,14859.49,success,,160632.36,mobile_app
3636,312,2026-06-06 14:57:30,p2p_transfer,2169.93,success,,89673.18,agent
3637,186,2026-06-06 15:08:24,top_up,518.85,success,,151197.03,agent
3638,125,2026-06-06 15:57:12,top_up,11841.09,success,,115828.8,mobile_app
3639,222,2026-06-06 16:12:01,bill_payment,551.43,success,,50804.69,qr_code
3640,266,2026-06-06 16:21:00,p2p_transfer,438.09,success,,66839.26,qr_code
3641,409,2026-06-06 16:21:21,merchant_payment,4293.38,success,,28979.37,mobile_app
3642,446,2026-06-06 16:29:24,withdrawal,2099.08,success,,158533.28,web
3643,459,2026-06-06 16:43:28,p2p_transfer,254.65,failed,card_declined,8619.75,web
3644,412,2026-06-06 17:04:27,merchant_payment,389.75,success,,157596.86,qr_code
3645,168,2026-06-06 17:30:34,merchant_payment,1913.05,success,,44234.4,mobile_app
3646,499,2026-06-06 17:53:43,bill_payment,1425.63,success,,76303.79,mobile_app
3647,40,2026-06-06 18:12:24,p2p_transfer,1332.83,success,,237516.71,qr_code
3648,64,2026-06-06 18:30:57,merchant_payment,1852.5,success,,846.77,agent
3649,167,2026-06-06 19:18:17,p2p_transfer,3622.22,success,,33522.22,qr_code
3650,479,2026-06-06 19:21:56,merchant_payment,382.52,success,,257697.35,agent
3651,111,2026-06-06 19:40:31,withdrawal,719.53,success,,52730.48,mobile_app
3652,213,2026-06-06 19:47:01,merchant_payment,3450.49,success,,8334.03,qr_code
3653,121,2026-06-06 19:47:15,p2p_transfer,1196.88,success,,15755.47,qr_code
3654,466,2026-06-06 19:55:03,merchant_payment,133.78,success,,206197.97,web
3655,477,2026-06-06 20:02:51,top_up,6577.63,success,,76890.77,web
3656,43,2026-06-06 20:39:20,bill_payment,15453.17,success,,45236.21,agent
3657,450,2026-06-06 20:45:56,withdrawal,1082.08,success,,131478.59,mobile_app
3658,187,2026-06-06 20:55:50,bill_payment,1525.23,success,,37513.94,qr_code
3659,179,2026-06-06 21:07:07,withdrawal,1284.62,success,,1344.33,web
3660,243,2026-06-06 21:13:21,merchant_payment,332.64,success,,79687.75,mobile_app
3661,451,2026-06-06 21:25:06,merchant_payment,733.87,success,,46711.64,qr_code
3662,456,2026-06-06 22:15:19,p2p_transfer,573.5,success,,34026.78,agent
3663,50,2026-06-06 22:29:16,top_up,4863.38,success,,78472.81,agent
3664,476,2026-06-06 23:27:01,p2p_transfer,867.34,success,,34608.85,mobile_app
3665,31,2026-06-06 23:32:05,merchant_payment,2492.43,success,,206962.42,agent
3666,331,2026-06-06 23:32:44,merchant_payment,1801.44,success,,112953.71,agent
3667,329,2026-06-06 23:36:06,merchant_payment,4787.7,success,,67678.57,mobile_app
3668,46,2026-06-06 23:58:02,merchant_payment,2201.98,failed,suspected_fraud,2714.77,agent
3669,432,2026-06-07 00:58:07,top_up,2930.29,success,,5701.45,qr_code
3670,383,2026-06-07 05:27:16,p2p_transfer,483.79,success,,5858.66,web
3671,56,2026-06-07 05:40:33,merchant_payment,5135.43,failed,card_declined,18365.78,agent
3672,336,2026-06-07 07:41:06,p2p_transfer,3637.55,success,,272995.72,qr_code
3673,53,2026-06-07 07:50:54,p2p_transfer,18422.0,failed,insufficient_funds,6085.16,qr_code
3674,485,2026-06-07 07:52:07,merchant_payment,627.53,success,,74542.65,qr_code
3675,82,2026-06-07 09:00:02,bill_payment,555.5,success,,103311.83,qr_code
3676,272,2026-06-07 09:10:18,withdrawal,452.89,success,,114628.19,mobile_app
3677,356,2026-06-07 10:13:51,p2p_transfer,453.64,success,,3699.86,web
3678,109,2026-06-07 10:37:50,top_up,605.5,success,,55322.29,qr_code
3679,156,2026-06-07 10:52:20,p2p_transfer,511.86,success,,255552.39,mobile_app
3680,107,2026-06-07 10:59:09,top_up,2334.64,success,,116767.53,agent
3681,188,2026-06-07 11:03:17,top_up,2185.09,success,,16073.64,mobile_app
3682,147,2026-06-07 11:27:05,merchant_payment,5599.83,success,,33571.01,qr_code
3683,329,2026-06-07 12:13:51,bill_payment,2242.69,success,,65435.88,web
3684,357,2026-06-07 12:30:53,p2p_transfer,2808.59,success,,4121.6,web
3685,141,2026-06-07 12:42:49,withdrawal,6630.68,success,,12546.29,web
3686,25,2026-06-07 12:57:56,top_up,35177.52,success,,53031.66,agent
3687,148,2026-06-07 13:15:43,p2p_transfer,1047.63,success,,101591.45,qr_code
3688,475,2026-06-07 13:21:31,top_up,1908.88,success,,11409.4,mobile_app
3689,309,2026-06-07 13:28:57,p2p_transfer,219.82,success,,55563.72,web
3690,109,2026-06-07 13:46:45,top_up,4215.97,success,,59538.26,qr_code
3691,275,2026-06-07 14:35:36,merchant_payment,1515.72,success,,181596.38,agent
3692,94,2026-06-07 14:54:56,merchant_payment,1366.62,success,,94157.13,agent
3693,20,2026-06-07 15:45:33,merchant_payment,2858.69,success,,99987.29,qr_code
3694,403,2026-06-07 16:39:11,p2p_transfer,11212.0,failed,insufficient_funds,4580.3,web
3695,492,2026-06-07 16:45:04,p2p_transfer,2105.45,success,,119611.02,web
3696,324,2026-06-07 16:45:34,merchant_payment,494.19,success,,49632.72,qr_code
3697,392,2026-06-07 18:17:35,bill_payment,1746.71,success,,79499.23,agent
3698,461,2026-06-07 18:29:56,merchant_payment,274.69,success,,85625.13,mobile_app
3699,486,2026-06-07 18:31:05,top_up,2752.54,success,,39271.97,agent
3700,201,2026-06-07 18:42:47,p2p_transfer,1613.82,success,,3122.62,agent
3701,230,2026-06-07 19:03:02,p2p_transfer,588.84,success,,22104.44,agent
3702,441,2026-06-07 19:12:20,bill_payment,973.94,success,,5176.86,qr_code
3703,208,2026-06-07 19:19:51,top_up,3196.27,success,,126119.12,mobile_app
3704,293,2026-06-07 20:14:46,p2p_transfer,670.15,success,,24635.04,agent
3705,448,2026-06-07 20:32:23,top_up,3475.7,success,,74338.18,agent
3706,460,2026-06-07 20:34:08,merchant_payment,2411.45,success,,224647.59,mobile_app
3707,30,2026-06-07 20:50:17,merchant_payment,1005.84,success,,127813.67,agent
3708,157,2026-06-07 20:57:25,p2p_transfer,392.86,success,,98377.36,agent
3709,49,2026-06-07 21:16:12,p2p_transfer,582.12,success,,128558.84,qr_code
3710,286,2026-06-07 22:01:23,p2p_transfer,10979.86,success,,1317.4,mobile_app
3711,160,2026-06-07 22:16:56,merchant_payment,10502.56,failed,insufficient_funds,846.09,mobile_app
3712,401,2026-06-07 22:32:33,bill_payment,1491.58,success,,91005.07,web
3713,440,2026-06-07 22:56:07,p2p_transfer,1908.69,success,,208774.91,mobile_app
3714,284,2026-06-07 23:03:44,bill_payment,1245.55,failed,limit_exceeded,111349.78,mobile_app
3715,78,2026-06-07 23:06:47,bill_payment,1559.05,success,,53740.89,qr_code
3716,13,2026-06-07 23:12:55,withdrawal,2276.3,success,,64481.31,mobile_app
3717,353,2026-06-07 23:18:52,withdrawal,350.51,success,,23751.12,qr_code
3718,301,2026-06-07 23:23:49,p2p_transfer,1656.03,success,,3926.37,web
3719,380,2026-06-07 23:37:22,bill_payment,15032.54,success,,12858.58,mobile_app
3720,169,2026-06-07 23:39:28,bill_payment,3740.22,success,,34513.38,agent
3721,148,2026-06-08 00:05:09,withdrawal,309.74,success,,101281.71,agent
3722,432,2026-06-08 03:09:58,bill_payment,784.87,success,,4916.58,mobile_app
3723,434,2026-06-08 04:09:31,merchant_payment,3998.88,failed,insufficient_funds,2660.59,web
3724,447,2026-06-08 07:01:57,merchant_payment,433.27,success,,9914.62,qr_code
3725,419,2026-06-08 07:46:26,bill_payment,2044.78,success,,97021.03,qr_code
3726,19,2026-06-08 07:50:18,bill_payment,6980.15,success,,771.34,web
3727,445,2026-06-08 09:08:55,withdrawal,1123.51,success,,110610.21,web
3728,394,2026-06-08 09:48:05,merchant_payment,4253.65,success,,156203.86,agent
3729,406,2026-06-08 11:41:09,p2p_transfer,1041.15,success,,2716.64,mobile_app
3730,187,2026-06-08 12:27:55,merchant_payment,1034.01,success,,36479.93,qr_code
3731,175,2026-06-08 12:31:17,merchant_payment,332.42,success,,43740.52,qr_code
3732,381,2026-06-08 12:34:29,merchant_payment,9171.02,success,,77142.23,qr_code
3733,121,2026-06-08 13:16:19,top_up,1902.96,success,,17658.43,web
3734,412,2026-06-08 13:31:17,merchant_payment,11072.52,success,,146524.34,mobile_app
3735,185,2026-06-08 14:02:45,top_up,6918.02,success,,9555.65,qr_code
3736,444,2026-06-08 14:40:14,p2p_transfer,2478.77,success,,13605.57,mobile_app
3737,178,2026-06-08 14:50:06,p2p_transfer,144.19,failed,network_error,4930.92,web
3738,399,2026-06-08 14:57:19,bill_payment,819.26,success,,41562.77,agent
3739,173,2026-06-08 15:04:31,merchant_payment,159.35,success,,92698.19,agent
3740,88,2026-06-08 15:20:10,p2p_transfer,994.97,success,,109224.39,mobile_app
3741,76,2026-06-08 15:34:49,p2p_transfer,757.51,success,,87934.1,agent
3742,308,2026-06-08 15:36:02,merchant_payment,6265.14,success,,265217.11,mobile_app
3743,118,2026-06-08 15:52:57,merchant_payment,828.78,success,,134227.01,web
3744,309,2026-06-08 16:02:15,merchant_payment,2962.29,success,,52601.43,qr_code
3745,227,2026-06-08 16:14:46,top_up,2223.34,success,,72491.99,mobile_app
3746,326,2026-06-08 16:55:20,merchant_payment,3623.61,success,,159740.21,agent
3747,433,2026-06-08 17:09:22,p2p_transfer,1478.6,failed,limit_exceeded,115442.43,qr_code
3748,264,2026-06-08 18:00:48,merchant_payment,460.88,success,,43179.87,web
3749,275,2026-06-08 18:05:45,p2p_transfer,12669.22,success,,168927.16,web
3750,21,2026-06-08 18:18:00,merchant_payment,1334.95,success,,6443.38,qr_code
3751,50,2026-06-08 18:18:09,p2p_transfer,2516.84,success,,75955.97,qr_code
3752,199,2026-06-08 18:28:44,top_up,1192.53,success,,76706.64,web
3753,305,2026-06-08 19:08:00,p2p_transfer,5201.23,failed,insufficient_funds,4750.34,qr_code
3754,365,2026-06-08 19:18:20,bill_payment,1810.64,success,,253143.71,mobile_app
3755,4,2026-06-08 19:23:31,bill_payment,3541.17,success,,36068.12,web
3756,460,2026-06-08 20:21:30,bill_payment,2186.88,success,,222460.71,agent
3757,434,2026-06-08 21:12:45,merchant_payment,2459.23,success,,201.36,mobile_app
3758,305,2026-06-08 21:15:33,p2p_transfer,3873.39,success,,876.95,web
3759,94,2026-06-08 21:17:33,merchant_payment,2598.62,success,,91558.51,mobile_app
3760,208,2026-06-08 21:31:25,p2p_transfer,1051.04,success,,125068.08,mobile_app
3761,331,2026-06-08 21:48:43,top_up,1572.06,success,,114525.77,agent
3762,454,2026-06-08 21:57:53,p2p_transfer,4248.41,success,,47078.39,qr_code
3763,326,2026-06-08 22:09:46,withdrawal,591.46,success,,159148.75,agent
3764,315,2026-06-08 22:12:31,top_up,1673.41,success,,12767.31,qr_code
3765,58,2026-06-08 22:16:01,top_up,2630.14,success,,60322.91,agent
3766,312,2026-06-08 22:28:16,p2p_transfer,338.63,success,,89334.55,qr_code
3767,123,2026-06-08 22:31:29,top_up,1161.68,success,,5914.17,qr_code
3768,329,2026-06-08 22:39:54,p2p_transfer,1267.89,success,,64167.99,mobile_app
3769,384,2026-06-08 23:14:31,top_up,2418.86,success,,42293.28,agent
3770,254,2026-06-08 23:15:07,merchant_payment,1840.7,success,,70264.26,qr_code
3771,166,2026-06-08 23:15:14,p2p_transfer,1228.97,success,,59542.34,qr_code
3772,491,2026-06-08 23:31:53,withdrawal,3959.09,success,,119769.27,mobile_app
3773,259,2026-06-08 23:56:38,merchant_payment,442.43,success,,51843.72,web
3774,42,2026-06-09 00:15:16,merchant_payment,3891.2,failed,insufficient_funds,2120.92,mobile_app
3775,301,2026-06-09 01:49:32,p2p_transfer,2229.67,success,,1696.7,agent
3776,299,2026-06-09 02:26:14,p2p_transfer,2077.44,success,,8371.95,web
3777,25,2026-06-09 03:01:20,withdrawal,6647.87,success,,46383.79,web
3778,154,2026-06-09 03:34:36,p2p_transfer,934.56,success,,95396.83,agent
3779,7,2026-06-09 04:10:02,p2p_transfer,4158.91,failed,insufficient_funds,2338.14,agent
3780,198,2026-06-09 04:30:46,bill_payment,1946.64,success,,43306.53,qr_code
3781,29,2026-06-09 08:02:38,p2p_transfer,2149.95,success,,74275.05,web
3782,449,2026-06-09 08:52:08,p2p_transfer,391.17,success,,40127.59,qr_code
3783,249,2026-06-09 08:56:09,withdrawal,2395.99,success,,110888.25,agent
3784,198,2026-06-09 09:46:38,top_up,3212.8,success,,46519.33,mobile_app
3785,338,2026-06-09 10:05:59,bill_payment,2665.37,success,,121244.0,agent
3786,446,2026-06-09 12:09:52,top_up,1570.59,success,,160103.87,mobile_app
3787,211,2026-06-09 12:13:27,withdrawal,11953.08,success,,183021.9,mobile_app
3788,106,2026-06-09 12:39:15,top_up,2004.05,success,,184856.66,agent
3789,453,2026-06-09 12:50:29,top_up,2069.54,success,,91869.77,agent
3790,392,2026-06-09 13:43:55,withdrawal,365.1,success,,79134.13,agent
3791,216,2026-06-09 14:03:54,top_up,7281.65,failed,network_error,106331.18,agent
3792,333,2026-06-09 14:08:10,p2p_transfer,1610.98,success,,101227.54,agent
3793,173,2026-06-09 14:48:10,merchant_payment,4015.76,success,,88682.43,web
3794,160,2026-06-09 16:00:53,merchant_payment,940.41,failed,insufficient_funds,846.09,qr_code
3795,185,2026-06-09 16:06:50,p2p_transfer,684.96,success,,8870.69,qr_code
3796,493,2026-06-09 16:27:31,top_up,14047.46,success,,184751.34,web
3797,43,2026-06-09 16:58:03,p2p_transfer,15335.85,success,,29900.36,web
3798,451,2026-06-09 17:23:58,bill_payment,1917.07,success,,44794.57,mobile_app
3799,84,2026-06-09 17:32:47,top_up,3289.98,success,,46316.6,mobile_app
3800,16,2026-06-09 17:51:17,bill_payment,292.8,success,,35467.64,web
3801,326,2026-06-09 17:57:31,merchant_payment,1750.44,success,,157398.31,web
3802,430,2026-06-09 18:50:39,merchant_payment,2234.86,success,,5601.36,mobile_app
3803,245,2026-06-09 18:56:48,merchant_payment,5281.6,success,,263032.39,web
3804,125,2026-06-09 19:18:06,withdrawal,1020.93,success,,114807.87,web
3805,166,2026-06-09 19:24:04,merchant_payment,1099.62,success,,58442.72,agent
3806,421,2026-06-09 19:52:32,merchant_payment,646.74,success,,222229.63,mobile_app
3807,122,2026-06-09 20:02:14,bill_payment,2737.44,success,,140856.64,mobile_app
3808,315,2026-06-09 20:08:05,top_up,1627.31,success,,14394.62,mobile_app
3809,478,2026-06-09 20:08:24,top_up,7717.74,success,,227060.33,agent
3810,319,2026-06-09 20:17:33,top_up,2312.42,success,,118331.41,qr_code
3811,245,2026-06-09 20:31:57,bill_payment,1114.59,success,,261917.8,web
3812,367,2026-06-09 21:40:52,withdrawal,2873.2,success,,56971.42,web
3813,266,2026-06-09 21:52:39,top_up,382.54,success,,67221.8,agent
3814,179,2026-06-09 22:55:00,merchant_payment,991.8,success,,352.53,web
3815,472,2026-06-09 23:13:18,merchant_payment,1862.03,success,,80190.66,qr_code
3816,238,2026-06-09 23:33:43,merchant_payment,446.6,success,,1396.96,mobile_app
3817,78,2026-06-09 23:48:14,top_up,1542.99,success,,55283.88,qr_code
3818,439,2026-06-10 01:26:00,bill_payment,1166.29,success,,254583.78,web
3819,122,2026-06-10 02:11:45,merchant_payment,1372.73,success,,139483.91,agent
3820,42,2026-06-10 02:35:32,merchant_payment,1368.15,success,,752.77,web
3821,428,2026-06-10 04:38:36,bill_payment,935.63,success,,60013.54,agent
3822,238,2026-06-10 05:03:39,p2p_transfer,477.38,success,,919.58,mobile_app
3823,169,2026-06-10 08:03:49,p2p_transfer,651.42,success,,33861.96,qr_code
3824,325,2026-06-10 08:16:19,p2p_transfer,6878.92,success,,823.81,web
3825,135,2026-06-10 08:19:06,bill_payment,3080.96,success,,97439.45,qr_code
3826,199,2026-06-10 08:32:13,merchant_payment,2105.91,success,,74600.73,qr_code
3827,301,2026-06-10 08:33:21,top_up,6581.23,success,,8277.93,qr_code
3828,433,2026-06-10 08:50:18,bill_payment,9739.26,success,,105703.17,mobile_app
3829,329,2026-06-10 09:07:12,merchant_payment,427.57,success,,63740.42,qr_code
3830,285,2026-06-10 09:10:12,merchant_payment,349.31,success,,77477.25,agent
3831,299,2026-06-10 09:26:17,p2p_transfer,2688.97,success,,5682.98,mobile_app
3832,401,2026-06-10 10:46:58,bill_payment,1175.34,success,,89829.73,mobile_app
3833,29,2026-06-10 11:05:54,merchant_payment,2061.95,success,,72213.1,agent
3834,127,2026-06-10 12:14:56,bill_payment,3913.59,success,,46950.62,qr_code
3835,434,2026-06-10 12:43:24,merchant_payment,3325.79,failed,insufficient_funds,201.36,mobile_app
3836,433,2026-06-10 13:06:38,bill_payment,1369.43,success,,104333.74,qr_code
3837,18,2026-06-10 13:08:58,top_up,2206.37,success,,68112.59,agent
3838,78,2026-06-10 13:17:52,bill_payment,565.78,success,,54718.1,mobile_app
3839,168,2026-06-10 13:27:21,top_up,5228.7,failed,card_declined,44234.4,agent
3840,451,2026-06-10 14:17:27,top_up,837.26,success,,45631.83,qr_code
3841,253,2026-06-10 15:13:05,merchant_payment,395.03,success,,64325.6,mobile_app
3842,192,2026-06-10 15:16:03,merchant_payment,183.66,success,,68468.06,qr_code
3843,268,2026-06-10 15:20:29,withdrawal,585.88,success,,91596.69,agent
3844,462,2026-06-10 15:46:07,merchant_payment,3564.92,success,,34039.83,qr_code
3845,389,2026-06-10 16:10:05,top_up,2284.45,success,,4262.17,web
3846,328,2026-06-10 16:23:55,bill_payment,273.59,success,,71941.35,web
3847,475,2026-06-10 16:31:33,top_up,19960.13,success,,31369.53,agent
3848,150,2026-06-10 16:37:21,bill_payment,1058.18,success,,68354.01,mobile_app
3849,325,2026-06-10 17:01:09,merchant_payment,6122.6,failed,insufficient_funds,823.81,web
3850,333,2026-06-10 17:10:11,merchant_payment,1254.05,success,,99973.49,qr_code
3851,331,2026-06-10 17:59:12,merchant_payment,691.15,success,,113834.62,mobile_app
3852,105,2026-06-10 18:23:20,withdrawal,11801.62,success,,2455.12,mobile_app
3853,313,2026-06-10 20:31:11,top_up,863.98,success,,69008.23,mobile_app
3854,264,2026-06-10 20:34:32,top_up,2307.57,success,,45487.44,mobile_app
3855,31,2026-06-10 20:42:42,p2p_transfer,411.59,success,,206550.83,agent
3856,289,2026-06-10 22:07:57,p2p_transfer,1511.91,success,,77595.24,mobile_app
3857,94,2026-06-10 22:12:33,merchant_payment,1744.92,success,,89813.59,qr_code
3858,189,2026-06-10 22:24:15,p2p_transfer,701.59,success,,128207.53,agent
3859,156,2026-06-10 22:28:25,p2p_transfer,1653.8,success,,253898.59,agent
3860,64,2026-06-10 22:29:30,top_up,714.38,success,,1561.15,qr_code
3861,147,2026-06-10 22:58:35,bill_payment,2005.31,success,,31565.7,qr_code
3862,489,2026-06-10 23:05:53,top_up,343.55,success,,82502.53,agent
3863,434,2026-06-10 23:22:09,merchant_payment,2096.99,failed,insufficient_funds,201.36,web
3864,445,2026-06-10 23:33:37,merchant_payment,671.58,success,,109938.63,agent
3865,289,2026-06-10 23:47:14,merchant_payment,1943.14,success,,75652.1,mobile_app
3866,201,2026-06-11 03:00:29,merchant_payment,8778.98,failed,insufficient_funds,3122.62,qr_code
3867,411,2026-06-11 03:22:10,merchant_payment,1500.06,success,,191425.03,agent
3868,120,2026-06-11 05:50:05,merchant_payment,2989.01,success,,226343.32,qr_code
3869,125,2026-06-11 07:08:06,bill_payment,365.7,success,,114442.17,agent
3870,430,2026-06-11 07:08:12,top_up,7747.66,failed,network_error,5601.36,agent
3871,159,2026-06-11 07:13:19,p2p_transfer,3862.69,success,,200898.07,web
3872,159,2026-06-11 07:19:50,merchant_payment,585.01,success,,200313.06,agent
3873,360,2026-06-11 07:29:33,bill_payment,2779.7,success,,106601.09,web
3874,72,2026-06-11 07:49:12,withdrawal,696.92,success,,53083.36,agent
3875,483,2026-06-11 08:04:41,top_up,1366.48,success,,13715.34,mobile_app
3876,20,2026-06-11 08:15:36,p2p_transfer,1392.53,success,,98594.76,mobile_app
3877,500,2026-06-11 09:07:58,p2p_transfer,281.61,success,,85710.57,web
3878,26,2026-06-11 09:09:39,top_up,3072.35,success,,102253.27,agent
3879,44,2026-06-11 09:29:22,top_up,1310.54,success,,50947.89,web
3880,55,2026-06-11 10:05:57,top_up,8541.81,success,,236256.15,mobile_app
3881,79,2026-06-11 10:49:27,p2p_transfer,893.24,success,,55885.53,web
3882,328,2026-06-11 11:09:13,withdrawal,747.07,success,,71194.28,mobile_app
3883,34,2026-06-11 11:12:41,top_up,2661.34,success,,33844.43,web
3884,251,2026-06-11 11:19:06,p2p_transfer,1465.19,success,,195193.65,web
3885,114,2026-06-11 11:22:02,withdrawal,2071.37,success,,110891.06,mobile_app
3886,188,2026-06-11 11:29:55,bill_payment,741.98,success,,15331.66,web
3887,9,2026-06-11 11:44:25,bill_payment,1472.43,success,,49952.0,web
3888,180,2026-06-11 12:02:39,top_up,6155.76,success,,174508.5,mobile_app
3889,92,2026-06-11 12:09:45,merchant_payment,561.76,success,,162906.26,agent
3890,240,2026-06-11 12:25:27,bill_payment,1512.87,success,,1074.65,qr_code
3891,441,2026-06-11 12:25:41,withdrawal,291.27,success,,4885.59,mobile_app
3892,446,2026-06-11 12:28:53,bill_payment,224.15,success,,159879.72,web
3893,50,2026-06-11 12:44:02,merchant_payment,423.17,success,,75532.8,web
3894,91,2026-06-11 13:39:56,merchant_payment,1450.47,success,,89892.23,mobile_app
3895,280,2026-06-11 13:40:35,p2p_transfer,466.64,success,,10223.08,mobile_app
3896,301,2026-06-11 14:41:43,merchant_payment,4023.36,success,,4254.57,mobile_app
3897,352,2026-06-11 14:55:55,merchant_payment,312.57,success,,44222.5,mobile_app
3898,333,2026-06-11 15:04:17,merchant_payment,5562.73,success,,94410.76,agent
3899,362,2026-06-11 15:34:52,top_up,993.02,success,,96990.07,qr_code
3900,112,2026-06-11 16:09:53,top_up,1391.39,success,,74686.71,agent
3901,78,2026-06-11 16:13:33,merchant_payment,1782.49,success,,52935.61,web
3902,106,2026-06-11 16:38:04,top_up,3696.88,success,,188553.54,qr_code
3903,271,2026-06-11 18:30:34,top_up,9845.23,success,,75283.18,qr_code
3904,111,2026-06-11 18:31:32,withdrawal,1521.9,success,,51208.58,agent
3905,21,2026-06-11 19:27:12,p2p_transfer,214.82,success,,6228.56,agent
3906,380,2026-06-11 19:33:03,merchant_payment,2419.05,success,,10439.53,agent
3907,448,2026-06-11 19:43:25,top_up,1107.65,success,,75445.83,agent
3908,331,2026-06-11 19:59:57,bill_payment,874.4,success,,112960.22,qr_code
3909,433,2026-06-11 20:17:13,top_up,7630.9,success,,111964.64,web
3910,486,2026-06-11 20:41:40,withdrawal,422.32,success,,38849.65,mobile_app
3911,351,2026-06-11 21:12:34,merchant_payment,1641.23,failed,network_error,178455.18,mobile_app
3912,168,2026-06-11 21:26:27,bill_payment,22969.47,success,,21264.93,web
3913,341,2026-06-11 21:31:12,bill_payment,6187.46,success,,76869.19,agent
3914,177,2026-06-11 21:56:05,withdrawal,2853.77,success,,109361.76,web
3915,294,2026-06-11 22:01:02,bill_payment,2529.62,success,,87615.22,mobile_app
3916,394,2026-06-11 22:23:21,top_up,2040.99,success,,158244.85,mobile_app
3917,23,2026-06-11 22:27:11,merchant_payment,940.69,success,,19240.8,mobile_app
3918,208,2026-06-11 22:37:17,top_up,2435.58,success,,127503.66,web
3919,230,2026-06-11 22:45:18,merchant_payment,624.44,success,,21480.0,qr_code
3920,301,2026-06-11 23:03:12,merchant_payment,330.46,success,,3924.11,qr_code
3921,280,2026-06-11 23:30:57,merchant_payment,470.85,success,,9752.23,qr_code
3922,264,2026-06-11 23:37:17,top_up,1789.18,success,,47276.62,agent
3923,55,2026-06-12 00:00:38,merchant_payment,1018.04,success,,235238.11,web
3924,194,2026-06-12 01:38:19,p2p_transfer,2657.9,success,,1183.06,web
3925,434,2026-06-12 02:36:32,merchant_payment,3876.14,failed,insufficient_funds,201.36,qr_code
3926,54,2026-06-12 05:04:58,p2p_transfer,5832.68,failed,network_error,288430.06,agent
3927,484,2026-06-12 07:43:47,top_up,4931.84,success,,63706.17,mobile_app
3928,299,2026-06-12 07:48:34,withdrawal,1722.49,success,,3960.49,web
3929,433,2026-06-12 08:07:33,withdrawal,796.27,success,,111168.37,agent
3930,478,2026-06-12 09:21:55,top_up,5355.04,success,,232415.37,web
3931,94,2026-06-12 09:24:27,bill_payment,632.06,success,,89181.53,agent
3932,344,2026-06-12 09:38:45,top_up,2588.5,success,,91804.41,mobile_app
3933,407,2026-06-12 11:26:53,withdrawal,1461.5,success,,74598.13,mobile_app
3934,173,2026-06-12 11:29:12,merchant_payment,516.0,success,,88166.43,web
3935,5,2026-06-12 11:54:59,p2p_transfer,4651.45,success,,52396.37,mobile_app
3936,294,2026-06-12 11:59:00,bill_payment,3161.43,success,,84453.79,web
3937,368,2026-06-12 13:10:24,p2p_transfer,2568.85,success,,174136.76,qr_code
3938,65,2026-06-12 13:25:57,merchant_payment,1880.02,success,,156115.44,mobile_app
3939,483,2026-06-12 13:39:24,withdrawal,492.8,success,,13222.54,mobile_app
3940,240,2026-06-12 13:51:57,top_up,1158.16,failed,limit_exceeded,1074.65,qr_code
3941,143,2026-06-12 14:12:15,top_up,8246.7,success,,46187.84,qr_code
3942,269,2026-06-12 14:25:16,p2p_transfer,1481.89,success,,39290.08,mobile_app
3943,334,2026-06-12 14:27:51,bill_payment,445.62,success,,925.17,qr_code
3944,213,2026-06-12 14:54:23,merchant_payment,747.62,success,,7586.41,qr_code
3945,485,2026-06-12 15:07:16,top_up,569.22,success,,75111.87,web
3946,322,2026-06-12 15:34:03,p2p_transfer,1150.4,success,,109261.55,mobile_app
3947,479,2026-06-12 15:50:05,merchant_payment,236.24,success,,257461.11,mobile_app
3948,492,2026-06-12 16:02:24,top_up,2950.05,success,,122561.07,web
3949,403,2026-06-12 17:16:59,merchant_payment,2252.76,success,,2327.54,agent
3950,163,2026-06-12 17:28:54,merchant_payment,1651.17,success,,72494.67,mobile_app
3951,304,2026-06-12 17:36:05,merchant_payment,1009.88,success,,19582.9,qr_code
3952,493,2026-06-12 18:48:13,top_up,12185.39,success,,196936.73,agent
3953,478,2026-06-12 18:55:09,p2p_transfer,478.9,success,,231936.47,qr_code
3954,189,2026-06-12 19:18:01,top_up,826.1,success,,129033.63,qr_code
3955,492,2026-06-12 19:20:44,bill_payment,1147.37,failed,network_error,122561.07,qr_code
3956,13,2026-06-12 19:32:00,merchant_payment,5326.91,failed,network_error,64481.31,web
3957,120,2026-06-12 20:01:51,merchant_payment,2097.11,success,,224246.21,qr_code
3958,450,2026-06-12 20:30:53,p2p_transfer,1118.7,success,,130359.89,mobile_app
3959,492,2026-06-12 22:01:03,merchant_payment,2801.49,success,,119759.58,agent
3960,392,2026-06-12 22:28:51,p2p_transfer,4477.84,success,,74656.29,agent
3961,326,2026-06-12 23:38:44,bill_payment,1086.97,success,,156311.34,mobile_app
3962,298,2026-06-13 01:24:26,top_up,8009.84,success,,8318.27,agent
3963,130,2026-06-13 01:59:08,p2p_transfer,10969.33,success,,88184.74,agent
3964,50,2026-06-13 02:06:08,top_up,1547.92,success,,77080.72,mobile_app
3965,25,2026-06-13 03:05:47,withdrawal,6205.47,success,,40178.32,agent
3966,94,2026-06-13 03:06:01,merchant_payment,248.58,success,,88932.95,web
3967,298,2026-06-13 05:03:26,p2p_transfer,2337.29,success,,5980.98,agent
3968,8,2026-06-13 05:31:38,withdrawal,3236.02,success,,1833.7,mobile_app
3969,194,2026-06-13 05:58:13,withdrawal,2007.65,failed,insufficient_funds,1183.06,qr_code
3970,336,2026-06-13 07:27:27,bill_payment,1969.77,success,,271025.95,agent
3971,318,2026-06-13 08:10:33,top_up,7648.83,success,,71486.27,mobile_app
3972,118,2026-06-13 08:30:11,top_up,793.14,success,,135020.15,agent
3973,112,2026-06-13 08:37:56,withdrawal,131.36,failed,network_error,74686.71,mobile_app
3974,315,2026-06-13 08:46:31,merchant_payment,317.42,success,,14077.2,qr_code
3975,257,2026-06-13 09:07:47,withdrawal,9213.25,failed,insufficient_funds,163.21,mobile_app
3976,440,2026-06-13 09:48:36,p2p_transfer,978.02,success,,207796.89,web
3977,448,2026-06-13 10:10:04,withdrawal,7849.95,success,,67595.88,qr_code
3978,332,2026-06-13 10:27:16,p2p_transfer,11018.04,success,,17821.83,agent
3979,206,2026-06-13 12:07:18,withdrawal,448.18,success,,87736.11,agent
3980,47,2026-06-13 12:35:33,merchant_payment,2928.03,success,,13655.03,mobile_app
3981,211,2026-06-13 12:44:03,withdrawal,1121.58,success,,181900.32,web
3982,20,2026-06-13 12:56:02,merchant_payment,565.01,success,,98029.75,web
3983,411,2026-06-13 13:26:05,merchant_payment,469.32,success,,190955.71,agent
3984,81,2026-06-13 13:43:26,top_up,13578.11,success,,72336.2,agent
3985,478,2026-06-13 14:24:36,merchant_payment,3136.19,success,,228800.28,qr_code
3986,312,2026-06-13 14:38:57,p2p_transfer,413.74,failed,card_declined,89334.55,qr_code
3987,155,2026-06-13 14:51:51,merchant_payment,517.09,success,,42704.77,web
3988,467,2026-06-13 16:21:27,top_up,2403.47,success,,275686.34,mobile_app
3989,478,2026-06-13 16:29:55,top_up,2730.9,success,,231531.18,web
3990,308,2026-06-13 16:55:12,merchant_payment,6305.37,success,,258911.74,qr_code
3991,194,2026-06-13 17:00:24,top_up,3175.66,success,,4358.72,web
3992,444,2026-06-13 17:02:24,top_up,5380.13,success,,18985.7,web
3993,61,2026-06-13 17:36:34,withdrawal,2230.77,success,,154026.78,mobile_app
3994,61,2026-06-13 18:11:19,p2p_transfer,3286.86,success,,150739.92,agent
3995,198,2026-06-13 18:17:00,merchant_payment,727.17,failed,suspected_fraud,46519.33,mobile_app
3996,289,2026-06-13 18:23:33,p2p_transfer,933.64,success,,74718.46,agent
3997,76,2026-06-13 19:09:50,merchant_payment,1015.38,success,,86918.72,qr_code
3998,164,2026-06-13 19:41:35,top_up,3331.34,success,,67055.67,web
3999,80,2026-06-13 19:47:07,top_up,1366.11,success,,8508.57,mobile_app
4000,75,2026-06-13 20:17:39,bill_payment,1010.76,success,,18458.32,qr_code
4001,285,2026-06-13 21:17:59,bill_payment,1137.96,success,,76339.29,agent
4002,9,2026-06-13 21:25:27,merchant_payment,871.25,success,,49080.75,qr_code
4003,380,2026-06-13 22:06:59,merchant_payment,1635.31,success,,8804.22,qr_code
4004,319,2026-06-13 22:09:08,p2p_transfer,10525.65,success,,107805.76,agent
4005,388,2026-06-13 22:20:25,bill_payment,348.79,success,,36047.65,mobile_app
4006,82,2026-06-13 23:08:20,merchant_payment,2368.29,success,,100943.54,qr_code
4007,115,2026-06-13 23:27:27,top_up,2886.66,success,,97393.1,web
4008,368,2026-06-13 23:48:24,bill_payment,1611.09,success,,172525.67,mobile_app
4009,434,2026-06-14 01:28:43,withdrawal,965.78,failed,insufficient_funds,201.36,web
4010,306,2026-06-14 03:08:41,p2p_transfer,646.88,success,,97087.41,qr_code
4011,112,2026-06-14 05:51:32,top_up,2442.8,success,,77129.51,qr_code
4012,123,2026-06-14 07:00:35,p2p_transfer,552.63,success,,5361.54,mobile_app
4013,411,2026-06-14 07:17:40,merchant_payment,2717.56,success,,188238.15,qr_code
4014,434,2026-06-14 07:22:27,merchant_payment,28362.51,failed,insufficient_funds,201.36,web
4015,472,2026-06-14 07:33:31,merchant_payment,551.82,success,,79638.84,qr_code
4016,430,2026-06-14 08:15:09,merchant_payment,1187.17,success,,4414.19,mobile_app
4017,53,2026-06-14 08:22:58,withdrawal,7226.97,failed,insufficient_funds,6085.16,mobile_app
4018,479,2026-06-14 08:35:45,p2p_transfer,419.68,success,,257041.43,web
4019,172,2026-06-14 08:59:38,p2p_transfer,1143.82,success,,46160.69,mobile_app
4020,485,2026-06-14 09:01:11,merchant_payment,1650.09,success,,73461.78,qr_code
4021,401,2026-06-14 09:28:16,withdrawal,1727.39,success,,88102.34,agent
4022,473,2026-06-14 09:28:29,withdrawal,1263.97,success,,7386.97,qr_code
4023,197,2026-06-14 10:05:12,merchant_payment,1015.79,success,,43230.24,agent
4024,406,2026-06-14 10:16:15,top_up,573.82,success,,3290.46,qr_code
4025,407,2026-06-14 10:18:09,merchant_payment,1584.3,success,,73013.83,agent
4026,299,2026-06-14 10:57:43,withdrawal,380.05,success,,3580.44,agent
4027,488,2026-06-14 11:16:21,top_up,260.42,success,,12672.16,agent
4028,13,2026-06-14 12:16:22,top_up,17334.66,success,,81815.97,web
4029,303,2026-06-14 12:41:58,merchant_payment,1305.46,success,,105498.24,agent
4030,55,2026-06-14 12:47:55,merchant_payment,2755.28,success,,232482.83,agent
4031,120,2026-06-14 12:48:45,merchant_payment,196.49,success,,224049.72,qr_code
4032,278,2026-06-14 13:05:50,top_up,1118.75,success,,25004.84,web
4033,73,2026-06-14 13:23:52,top_up,581.92,success,,1518.56,qr_code
4034,180,2026-06-14 14:12:00,merchant_payment,4115.84,success,,170392.66,qr_code
4035,136,2026-06-14 14:38:52,p2p_transfer,589.43,success,,118705.22,qr_code
4036,411,2026-06-14 14:45:13,merchant_payment,1420.09,success,,186818.06,agent
4037,354,2026-06-14 14:49:22,bill_payment,1149.73,success,,99754.98,web
4038,315,2026-06-14 14:57:58,top_up,14731.49,success,,28808.69,agent
4039,380,2026-06-14 15:00:37,p2p_transfer,1400.16,success,,7404.06,qr_code
4040,435,2026-06-14 15:09:14,p2p_transfer,121.46,success,,20756.91,mobile_app
4041,235,2026-06-14 15:42:02,merchant_payment,195.65,success,,24246.48,web
4042,171,2026-06-14 15:55:19,p2p_transfer,3829.76,success,,18798.19,web
4043,87,2026-06-14 16:08:42,p2p_transfer,1177.74,success,,171775.3,qr_code
4044,491,2026-06-14 16:17:17,p2p_transfer,2367.26,success,,117402.01,mobile_app
4045,20,2026-06-14 16:18:45,withdrawal,1422.15,success,,96607.6,web
4046,180,2026-06-14 16:55:36,bill_payment,3070.49,success,,167322.17,qr_code
4047,62,2026-06-14 16:55:56,merchant_payment,1338.7,success,,108246.0,qr_code
4048,365,2026-06-14 17:55:35,top_up,4446.54,success,,257590.25,agent
4049,491,2026-06-14 18:03:38,withdrawal,621.57,success,,116780.44,qr_code
4050,359,2026-06-14 18:49:08,merchant_payment,850.85,success,,41176.57,mobile_app
4051,115,2026-06-14 19:22:56,bill_payment,1909.66,success,,95483.44,agent
4052,478,2026-06-14 20:16:33,merchant_payment,449.45,success,,231081.73,agent
4053,325,2026-06-14 20:32:43,p2p_transfer,3973.21,failed,insufficient_funds,823.81,agent
4054,81,2026-06-14 20:56:46,bill_payment,2841.08,success,,69495.12,mobile_app
4055,339,2026-06-14 21:01:37,merchant_payment,2086.76,failed,card_declined,42330.04,mobile_app
4056,266,2026-06-14 21:06:49,bill_payment,967.87,success,,66253.93,web
4057,440,2026-06-14 21:51:25,bill_payment,1593.06,success,,206203.83,qr_code
4058,493,2026-06-14 22:04:07,merchant_payment,9974.94,success,,186961.79,qr_code
4059,25,2026-06-14 22:13:32,p2p_transfer,1455.0,success,,38723.32,web
4060,394,2026-06-14 22:26:55,merchant_payment,1373.13,success,,156871.72,web
4061,478,2026-06-14 23:00:10,p2p_transfer,572.21,success,,230509.52,qr_code
4062,59,2026-06-14 23:13:57,p2p_transfer,1938.29,failed,card_declined,106296.36,web
4063,305,2026-06-14 23:36:11,merchant_payment,4238.42,failed,insufficient_funds,876.95,qr_code
4064,118,2026-06-14 23:54:48,merchant_payment,6652.19,success,,128367.96,web
4065,14,2026-06-15 00:36:48,merchant_payment,61633.92,failed,insufficient_funds,20804.05,web
4066,179,2026-06-15 01:46:07,bill_payment,484.25,failed,insufficient_funds,352.53,qr_code
4067,215,2026-06-15 03:58:01,merchant_payment,1252.83,success,,217902.12,mobile_app
4068,123,2026-06-15 04:08:17,top_up,2191.95,success,,7553.49,agent
4069,168,2026-06-15 04:46:55,top_up,2389.68,success,,23654.61,mobile_app
4070,441,2026-06-15 05:08:13,merchant_payment,2365.85,success,,2519.74,web
4071,366,2026-06-15 07:20:00,top_up,1370.62,failed,suspected_fraud,90970.34,web
4072,117,2026-06-15 07:41:36,top_up,1349.97,success,,3159.31,qr_code
4073,43,2026-06-15 07:58:26,top_up,13395.89,success,,43296.25,agent
4074,281,2026-06-15 08:23:04,p2p_transfer,12483.12,success,,48994.12,agent
4075,329,2026-06-15 09:10:37,merchant_payment,1875.92,success,,61864.5,web
4076,189,2026-06-15 09:29:11,merchant_payment,690.7,success,,128342.93,mobile_app
4077,311,2026-06-15 09:43:14,top_up,1380.32,failed,card_declined,87111.07,qr_code
4078,498,2026-06-15 10:43:06,p2p_transfer,1250.44,success,,52897.96,mobile_app
4079,112,2026-06-15 11:08:18,top_up,225.57,success,,77355.08,qr_code
4080,140,2026-06-15 11:41:24,withdrawal,951.39,success,,66545.22,web
4081,305,2026-06-15 11:44:43,bill_payment,1836.38,failed,insufficient_funds,876.95,qr_code
4082,394,2026-06-15 12:20:28,merchant_payment,1230.43,success,,155641.29,agent
4083,211,2026-06-15 12:31:07,p2p_transfer,1309.21,success,,180591.11,qr_code
4084,94,2026-06-15 12:57:20,bill_payment,476.2,failed,card_declined,88932.95,qr_code
4085,434,2026-06-15 13:29:12,top_up,4005.65,success,,4207.01,qr_code
4086,308,2026-06-15 13:35:24,p2p_transfer,482.32,success,,258429.42,mobile_app
4087,116,2026-06-15 13:44:37,withdrawal,167.34,success,,17225.77,mobile_app
4088,333,2026-06-15 14:02:17,bill_payment,1455.04,success,,92955.72,web
4089,478,2026-06-15 14:20:14,merchant_payment,1409.45,success,,229100.07,qr_code
4090,333,2026-06-15 15:07:42,withdrawal,1131.71,success,,91824.01,qr_code
4091,94,2026-06-15 15:30:49,top_up,959.01,success,,89891.96,mobile_app
4092,329,2026-06-15 15:37:15,merchant_payment,5608.81,success,,56255.69,qr_code
4093,168,2026-06-15 15:48:30,p2p_transfer,1290.28,success,,22364.33,qr_code
4094,310,2026-06-15 16:58:39,bill_payment,2689.0,success,,44118.18,agent
4095,453,2026-06-15 17:35:10,bill_payment,1784.41,success,,90085.36,mobile_app
4096,202,2026-06-15 17:38:44,bill_payment,2031.03,success,,40742.36,qr_code
4097,161,2026-06-15 17:56:09,merchant_payment,694.0,success,,96967.8,agent
4098,428,2026-06-15 17:56:50,top_up,439.34,success,,60452.88,qr_code
4099,478,2026-06-15 18:02:39,merchant_payment,3432.97,success,,225667.1,agent
4100,31,2026-06-15 18:59:13,p2p_transfer,3799.74,success,,202751.09,web
4101,440,2026-06-15 19:02:17,bill_payment,240.4,success,,205963.43,qr_code
4102,112,2026-06-15 19:28:16,p2p_transfer,194.22,success,,77160.86,qr_code
4103,275,2026-06-15 19:31:58,top_up,1646.99,success,,170574.15,mobile_app
4104,461,2026-06-15 19:46:06,p2p_transfer,418.35,success,,85206.78,web
4105,377,2026-06-15 20:24:48,bill_payment,3677.66,success,,32244.9,mobile_app
4106,422,2026-06-15 20:45:24,p2p_transfer,1493.0,success,,38188.25,agent
4107,79,2026-06-15 20:58:32,p2p_transfer,502.28,success,,55383.25,mobile_app
4108,154,2026-06-15 21:17:46,p2p_transfer,290.75,success,,95106.08,qr_code
4109,86,2026-06-15 21:50:00,bill_payment,1691.73,failed,insufficient_funds,583.47,mobile_app
4110,336,2026-06-15 22:09:02,top_up,2837.39,success,,273863.34,qr_code
4111,65,2026-06-15 22:32:53,merchant_payment,826.12,success,,155289.32,agent
4112,435,2026-06-15 22:38:26,merchant_payment,1534.18,success,,19222.73,agent
4113,50,2026-06-15 22:55:17,p2p_transfer,1317.08,success,,75763.64,web
4114,109,2026-06-15 23:27:45,top_up,13536.94,success,,73075.2,qr_code
4115,20,2026-06-16 00:19:24,merchant_payment,616.94,success,,95990.66,agent
4116,242,2026-06-16 00:41:57,merchant_payment,1853.35,success,,5.26,qr_code
4117,106,2026-06-16 01:56:57,top_up,13141.07,success,,201694.61,web
4118,301,2026-06-16 02:23:10,p2p_transfer,10824.22,failed,insufficient_funds,3924.11,qr_code
4119,478,2026-06-16 03:31:30,p2p_transfer,2963.53,success,,222703.57,web
4120,334,2026-06-16 04:13:14,top_up,5947.17,success,,6872.34,web
4121,282,2026-06-16 05:11:32,top_up,1544.27,success,,121176.98,agent
4122,318,2026-06-16 05:17:38,merchant_payment,9896.12,success,,61590.15,web
4123,53,2026-06-16 07:04:06,bill_payment,559.57,success,,5525.59,web
4124,78,2026-06-16 07:17:42,top_up,7612.05,success,,60547.66,agent
4125,208,2026-06-16 07:23:17,withdrawal,3711.84,success,,123791.82,qr_code
4126,451,2026-06-16 07:27:38,merchant_payment,1792.99,success,,43838.84,mobile_app
4127,131,2026-06-16 07:48:53,withdrawal,1361.33,success,,38306.89,agent
4128,451,2026-06-16 08:06:47,withdrawal,861.67,success,,42977.17,mobile_app
4129,189,2026-06-16 08:12:16,merchant_payment,113.06,success,,128229.87,web
4130,176,2026-06-16 08:34:37,withdrawal,897.64,success,,20460.42,web
4131,166,2026-06-16 08:45:16,merchant_payment,1943.63,success,,56499.09,agent
4132,435,2026-06-16 08:57:52,merchant_payment,1102.11,success,,18120.62,mobile_app
4133,368,2026-06-16 09:19:34,bill_payment,4984.5,success,,167541.17,mobile_app
4134,283,2026-06-16 09:54:16,merchant_payment,1485.02,success,,98447.43,qr_code
4135,474,2026-06-16 09:57:23,withdrawal,2490.3,success,,16216.12,web
4136,309,2026-06-16 10:23:27,bill_payment,1285.23,success,,51316.2,qr_code
4137,291,2026-06-16 10:24:52,withdrawal,6775.03,failed,insufficient_funds,2237.32,web
4138,43,2026-06-16 10:30:13,withdrawal,5857.5,success,,37438.75,qr_code
4139,201,2026-06-16 10:37:41,top_up,1199.76,success,,4322.38,mobile_app
4140,106,2026-06-16 10:42:43,p2p_transfer,1620.84,success,,200073.77,agent
4141,440,2026-06-16 10:58:11,bill_payment,1129.24,success,,204834.19,mobile_app
4142,484,2026-06-16 11:21:53,merchant_payment,530.58,success,,63175.59,web
4143,443,2026-06-16 12:23:53,merchant_payment,4711.67,success,,166056.3,web
4144,450,2026-06-16 12:31:56,p2p_transfer,672.6,success,,129687.29,qr_code
4145,336,2026-06-16 13:39:44,bill_payment,853.98,success,,273009.36,mobile_app
4146,43,2026-06-16 14:01:19,merchant_payment,1503.35,success,,35935.4,web
4147,211,2026-06-16 14:17:17,bill_payment,1164.13,success,,179426.98,web
4148,72,2026-06-16 14:28:31,merchant_payment,2279.48,success,,50803.88,qr_code
4149,50,2026-06-16 14:42:12,merchant_payment,694.47,success,,75069.17,agent
4150,122,2026-06-16 15:25:12,merchant_payment,6617.14,success,,132866.77,web
4151,298,2026-06-16 15:46:32,top_up,6502.02,success,,12483.0,web
4152,120,2026-06-16 15:47:35,top_up,2329.23,success,,226378.95,qr_code
4153,356,2026-06-16 16:27:01,p2p_transfer,6635.33,failed,insufficient_funds,3699.86,agent
4154,94,2026-06-16 16:54:56,bill_payment,559.07,success,,89332.89,agent
4155,94,2026-06-16 17:10:40,top_up,4242.56,success,,93575.45,qr_code
4156,168,2026-06-16 17:15:26,p2p_transfer,1177.01,success,,21187.32,mobile_app
4157,74,2026-06-16 17:27:04,withdrawal,1718.32,success,,55972.37,web
4158,101,2026-06-16 17:29:48,top_up,1701.73,success,,35969.3,mobile_app
4159,112,2026-06-16 17:43:15,withdrawal,948.14,success,,76212.72,agent
4160,458,2026-06-16 17:51:25,withdrawal,1943.64,failed,suspected_fraud,40812.06,agent
4161,497,2026-06-16 18:07:06,top_up,3081.36,success,,73865.97,qr_code
4162,299,2026-06-16 18:07:56,top_up,855.92,success,,4436.36,mobile_app
4163,30,2026-06-16 18:09:10,withdrawal,1637.7,success,,126175.97,mobile_app
4164,115,2026-06-16 18:44:07,withdrawal,5813.11,success,,89670.33,mobile_app
4165,187,2026-06-16 18:46:20,bill_payment,3879.39,success,,32600.54,agent
4166,124,2026-06-16 19:12:40,merchant_payment,456.46,success,,57441.84,web
4167,272,2026-06-16 19:17:36,merchant_payment,2030.81,success,,112597.38,qr_code
4168,135,2026-06-16 20:32:45,p2p_transfer,893.35,success,,96546.1,agent
4169,371,2026-06-16 21:38:12,merchant_payment,947.01,success,,8534.02,qr_code
4170,21,2026-06-16 21:41:45,merchant_payment,3438.21,success,,2790.35,mobile_app
4171,278,2026-06-16 21:43:30,p2p_transfer,354.59,success,,24650.25,agent
4172,198,2026-06-16 21:57:35,top_up,2189.28,success,,48708.61,web
4173,62,2026-06-16 22:36:40,bill_payment,790.66,success,,107455.34,web
4174,194,2026-06-16 23:03:17,top_up,1079.28,success,,5438.0,agent
4175,490,2026-06-16 23:06:20,top_up,502.08,success,,120592.72,agent
4176,102,2026-06-16 23:41:12,merchant_payment,2049.89,success,,118555.72,qr_code
4177,112,2026-06-16 23:54:41,withdrawal,1391.47,success,,74821.25,web
4178,14,2026-06-17 00:48:27,merchant_payment,2867.94,success,,17936.11,mobile_app
4179,329,2026-06-17 01:05:50,bill_payment,5674.87,success,,50580.82,web
4180,329,2026-06-17 01:21:43,p2p_transfer,4773.12,success,,45807.7,web
4181,329,2026-06-17 03:07:42,p2p_transfer,3594.72,success,,42212.98,web
4182,175,2026-06-17 03:38:05,top_up,736.64,success,,44477.16,qr_code
4183,433,2026-06-17 03:41:02,merchant_payment,1603.36,success,,109565.01,agent
4184,257,2026-06-17 03:46:13,p2p_transfer,1756.36,failed,insufficient_funds,163.21,mobile_app
4185,198,2026-06-17 04:56:52,top_up,8222.46,success,,56931.07,agent
4186,362,2026-06-17 07:40:14,bill_payment,1717.96,success,,95272.11,web
4187,297,2026-06-17 07:43:54,merchant_payment,2855.09,success,,17781.74,agent
4188,333,2026-06-17 07:59:39,merchant_payment,6099.82,success,,85724.19,web
4189,477,2026-06-17 09:05:05,top_up,3001.44,success,,79892.21,web
4190,460,2026-06-17 09:10:01,top_up,11239.62,success,,233700.33,web
4191,161,2026-06-17 09:29:46,top_up,263.04,success,,97230.84,mobile_app
4192,433,2026-06-17 09:54:38,p2p_transfer,693.54,success,,108871.47,mobile_app
4193,479,2026-06-17 09:56:53,merchant_payment,648.41,success,,256393.02,web
4194,78,2026-06-17 10:07:10,top_up,2976.4,success,,63524.06,qr_code
4195,166,2026-06-17 10:31:24,merchant_payment,618.57,success,,55880.52,agent
4196,14,2026-06-17 10:41:14,merchant_payment,13734.05,success,,4202.06,web
4197,344,2026-06-17 10:57:25,top_up,2311.26,success,,94115.67,web
4198,93,2026-06-17 11:20:05,merchant_payment,351.7,success,,31073.78,agent
4199,310,2026-06-17 11:27:07,top_up,1932.66,success,,46050.84,qr_code
4200,451,2026-06-17 12:16:36,merchant_payment,3387.42,success,,39589.75,agent
4201,102,2026-06-17 12:25:07,bill_payment,1362.14,success,,117193.58,agent
4202,198,2026-06-17 12:31:53,merchant_payment,7093.96,success,,49837.11,web
4203,358,2026-06-17 12:33:42,merchant_payment,781.61,success,,50.78,agent
4204,403,2026-06-17 13:32:35,withdrawal,2091.17,success,,236.37,qr_code
4205,150,2026-06-17 13:41:45,p2p_transfer,1570.37,success,,66783.64,web
4206,441,2026-06-17 13:57:11,p2p_transfer,1617.17,success,,902.57,qr_code
4207,26,2026-06-17 14:07:48,bill_payment,387.94,success,,101865.33,mobile_app
4208,240,2026-06-17 14:35:56,bill_payment,1464.96,failed,insufficient_funds,1074.65,mobile_app
4209,491,2026-06-17 14:39:36,merchant_payment,7268.99,success,,109511.45,web
4210,328,2026-06-17 14:43:06,merchant_payment,1470.5,success,,69723.78,mobile_app
4211,246,2026-06-17 14:54:07,top_up,1715.68,success,,2684.06,agent
4212,273,2026-06-17 15:06:48,top_up,584.4,success,,48236.6,mobile_app
4213,87,2026-06-17 15:14:27,merchant_payment,771.89,success,,171003.41,agent
4214,18,2026-06-17 15:20:59,p2p_transfer,706.77,success,,67405.82,agent
4215,478,2026-06-17 15:35:30,withdrawal,954.63,success,,221748.94,mobile_app
4216,163,2026-06-17 15:52:04,merchant_payment,3327.85,success,,69166.82,agent
4217,479,2026-06-17 16:11:03,top_up,4801.97,success,,261194.99,mobile_app
4218,249,2026-06-17 16:57:11,bill_payment,665.37,success,,110222.88,web
4219,318,2026-06-17 17:18:03,merchant_payment,1264.16,success,,60325.99,mobile_app
4220,472,2026-06-17 17:54:21,p2p_transfer,1132.01,success,,78506.83,mobile_app
4221,408,2026-06-17 18:04:25,p2p_transfer,1465.55,success,,11710.38,mobile_app
4222,229,2026-06-17 18:23:55,p2p_transfer,1551.15,success,,59256.86,web
4223,343,2026-06-17 18:37:04,top_up,13772.66,success,,56654.37,mobile_app
4224,65,2026-06-17 18:53:39,merchant_payment,5373.98,success,,149915.34,web
4225,380,2026-06-17 19:05:51,top_up,2377.52,success,,9781.58,qr_code
4226,246,2026-06-17 19:48:59,merchant_payment,200.45,success,,2483.61,mobile_app
4227,94,2026-06-17 20:06:54,merchant_payment,2626.82,success,,90948.63,qr_code
4228,441,2026-06-17 20:28:12,withdrawal,178.31,success,,724.26,mobile_app
4229,156,2026-06-17 20:40:22,p2p_transfer,1456.14,success,,252442.45,agent
4230,334,2026-06-17 20:49:35,p2p_transfer,2986.65,success,,3885.69,web
4231,275,2026-06-17 21:19:53,top_up,715.2,success,,171289.35,agent
4232,13,2026-06-17 21:26:49,p2p_transfer,3437.86,success,,78378.11,agent
4233,368,2026-06-17 22:54:45,bill_payment,2823.23,success,,164717.94,qr_code
4234,42,2026-06-17 22:58:02,p2p_transfer,2296.12,failed,insufficient_funds,752.77,mobile_app
4235,329,2026-06-17 23:01:21,bill_payment,14929.12,success,,27283.86,agent
4236,438,2026-06-17 23:26:26,bill_payment,936.06,success,,99218.27,agent
4237,418,2026-06-18 00:39:03,top_up,265.6,success,,7040.5,web
4238,258,2026-06-18 01:32:15,merchant_payment,463.19,success,,43268.9,web
4239,211,2026-06-18 02:13:19,merchant_payment,887.73,failed,network_error,179426.98,qr_code
4240,208,2026-06-18 02:35:40,withdrawal,869.73,success,,122922.09,agent
4241,238,2026-06-18 04:12:06,top_up,11408.61,success,,12328.19,agent
4242,357,2026-06-18 04:33:21,p2p_transfer,1836.58,success,,2285.02,qr_code
4243,189,2026-06-18 05:01:23,p2p_transfer,1180.64,success,,127049.23,qr_code
4244,493,2026-06-18 07:05:17,p2p_transfer,4750.98,failed,card_declined,186961.79,web
4245,478,2026-06-18 08:05:59,top_up,4143.44,success,,225892.38,web
4246,191,2026-06-18 09:25:03,merchant_payment,395.91,success,,4996.43,mobile_app
4247,173,2026-06-18 09:29:10,p2p_transfer,1454.27,success,,86712.16,qr_code
4248,329,2026-06-18 09:31:39,merchant_payment,346.64,success,,26937.22,qr_code
4249,278,2026-06-18 10:16:22,bill_payment,5049.85,success,,19600.4,mobile_app
4250,446,2026-06-18 11:02:48,top_up,3093.09,success,,162972.81,web
4251,94,2026-06-18 11:06:55,merchant_payment,8028.01,success,,82920.62,web
4252,55,2026-06-18 11:42:22,merchant_payment,1316.72,success,,231166.11,agent
4253,380,2026-06-18 11:48:20,merchant_payment,3523.81,success,,6257.77,mobile_app
4254,71,2026-06-18 11:49:20,p2p_transfer,793.02,success,,33428.23,qr_code
4255,122,2026-06-18 12:12:48,bill_payment,3540.81,success,,129325.96,mobile_app
4256,230,2026-06-18 12:21:12,merchant_payment,3395.06,success,,18084.94,qr_code
4257,333,2026-06-18 12:22:05,merchant_payment,1492.33,success,,84231.86,web
4258,56,2026-06-18 12:41:03,merchant_payment,1573.93,success,,16791.85,agent
4259,157,2026-06-18 12:45:18,p2p_transfer,2600.17,success,,95777.19,qr_code
4260,441,2026-06-18 13:08:16,top_up,1412.08,success,,2136.34,web
4261,120,2026-06-18 13:22:45,top_up,1166.14,success,,227545.09,web
4262,57,2026-06-18 13:35:12,merchant_payment,114.45,success,,63971.22,mobile_app
4263,308,2026-06-18 13:45:49,top_up,5373.23,success,,263802.65,qr_code
4264,439,2026-06-18 13:56:05,merchant_payment,2135.69,success,,252448.09,qr_code
4265,50,2026-06-18 13:56:10,merchant_payment,9154.67,success,,65914.5,agent
4266,493,2026-06-18 14:01:38,merchant_payment,3026.57,success,,183935.22,qr_code
4267,412,2026-06-18 14:22:54,p2p_transfer,4878.13,success,,141646.21,agent
4268,425,2026-06-18 14:37:00,merchant_payment,621.99,success,,178875.15,mobile_app
4269,199,2026-06-18 14:43:15,bill_payment,902.22,success,,73698.51,web
4270,176,2026-06-18 14:44:43,top_up,4936.38,success,,25396.8,web
4271,47,2026-06-18 14:45:54,p2p_transfer,591.86,success,,13063.17,agent
4272,493,2026-06-18 14:52:21,top_up,1237.42,success,,185172.64,agent
4273,198,2026-06-18 15:33:08,p2p_transfer,5517.64,success,,44319.47,web
4274,31,2026-06-18 15:40:11,p2p_transfer,658.5,success,,202092.59,web
4275,500,2026-06-18 15:44:09,p2p_transfer,669.39,success,,85041.18,web
4276,380,2026-06-18 15:52:26,top_up,1083.52,success,,7341.29,agent
4277,275,2026-06-18 16:17:26,merchant_payment,12429.25,success,,158860.1,mobile_app
4278,102,2026-06-18 16:23:25,merchant_payment,2647.18,success,,114546.4,web
4279,355,2026-06-18 16:39:48,merchant_payment,1997.29,success,,44997.99,web
4280,286,2026-06-18 17:46:34,merchant_payment,226.79,success,,1090.61,agent
4281,125,2026-06-18 18:06:00,bill_payment,2254.74,success,,112187.43,mobile_app
4282,65,2026-06-18 18:09:24,merchant_payment,12712.07,success,,137203.27,web
4283,412,2026-06-18 18:34:32,bill_payment,4918.28,success,,136727.93,agent
4284,398,2026-06-18 18:37:18,merchant_payment,325.11,success,,37595.75,mobile_app
4285,29,2026-06-18 19:11:11,withdrawal,1803.45,success,,70409.65,qr_code
4286,309,2026-06-18 19:40:02,bill_payment,771.95,success,,50544.25,web
4287,397,2026-06-18 19:58:58,merchant_payment,1048.84,success,,9650.96,mobile_app
4288,407,2026-06-18 20:02:32,top_up,2649.84,success,,75663.67,qr_code
4289,480,2026-06-18 20:12:11,p2p_transfer,4358.02,success,,69372.99,qr_code
4290,477,2026-06-18 20:20:38,bill_payment,1937.1,success,,77955.11,web
4291,306,2026-06-18 20:23:33,merchant_payment,2142.7,success,,94944.71,mobile_app
4292,164,2026-06-18 21:06:08,bill_payment,859.04,success,,66196.63,agent
4293,326,2026-06-18 21:46:24,top_up,5632.69,success,,161944.03,mobile_app
4294,262,2026-06-18 22:41:59,p2p_transfer,1556.94,success,,58644.91,web
4295,147,2026-06-18 22:58:25,withdrawal,597.98,success,,30967.72,mobile_app
4296,387,2026-06-18 23:12:58,merchant_payment,1691.55,success,,135054.85,agent
4297,254,2026-06-18 23:31:15,merchant_payment,427.82,success,,69836.44,agent
4298,173,2026-06-18 23:35:23,merchant_payment,1290.65,success,,85421.51,mobile_app
4299,365,2026-06-18 23:54:38,top_up,1390.56,success,,258980.81,mobile_app
4300,414,2026-06-19 00:44:03,withdrawal,526.61,failed,suspected_fraud,2426.1,mobile_app
4301,42,2026-06-19 00:44:53,withdrawal,935.57,failed,insufficient_funds,752.77,web
4302,40,2026-06-19 02:27:20,merchant_payment,874.64,success,,236642.07,agent
4303,179,2026-06-19 03:00:13,merchant_payment,1846.3,failed,insufficient_funds,352.53,web
4304,20,2026-06-19 07:54:45,top_up,4256.32,success,,100246.98,mobile_app
4305,444,2026-06-19 08:10:55,withdrawal,301.76,success,,18683.94,mobile_app
4306,477,2026-06-19 08:29:22,top_up,2187.49,success,,80142.6,mobile_app
4307,183,2026-06-19 09:28:33,merchant_payment,3396.67,failed,card_declined,26559.04,mobile_app
4308,491,2026-06-19 09:29:24,p2p_transfer,489.71,success,,109021.74,agent
4309,118,2026-06-19 10:10:51,withdrawal,7842.47,success,,120525.49,qr_code
4310,25,2026-06-19 10:26:18,merchant_payment,1417.18,success,,37306.14,web
4311,460,2026-06-19 11:26:17,merchant_payment,429.37,success,,233270.96,agent
4312,371,2026-06-19 12:01:55,bill_payment,261.12,success,,8272.9,agent
4313,252,2026-06-19 12:14:06,bill_payment,269.11,success,,45288.08,mobile_app
4314,301,2026-06-19 12:45:04,merchant_payment,2145.1,success,,1779.01,mobile_app
4315,269,2026-06-19 13:36:51,p2p_transfer,252.57,success,,39037.51,agent
4316,118,2026-06-19 13:37:52,top_up,926.4,success,,121451.89,qr_code
4317,438,2026-06-19 13:45:47,withdrawal,363.47,success,,98854.8,qr_code
4318,444,2026-06-19 15:30:51,merchant_payment,1942.91,success,,16741.03,web
4319,211,2026-06-19 15:43:33,p2p_transfer,651.48,success,,178775.5,qr_code
4320,25,2026-06-19 15:49:32,bill_payment,350.01,failed,suspected_fraud,37306.14,qr_code
4321,29,2026-06-19 16:41:30,merchant_payment,883.06,success,,69526.59,qr_code
4322,482,2026-06-19 16:54:04,merchant_payment,1635.85,success,,46665.18,mobile_app
4323,83,2026-06-19 17:06:10,merchant_payment,4609.16,success,,3798.69,qr_code
4324,7,2026-06-19 17:32:39,merchant_payment,876.27,success,,1461.87,qr_code
4325,111,2026-06-19 17:46:04,top_up,3179.38,success,,54387.96,agent
4326,299,2026-06-19 18:48:26,merchant_payment,12433.91,failed,insufficient_funds,4436.36,agent
4327,168,2026-06-19 19:24:08,merchant_payment,3188.31,success,,17999.01,qr_code
4328,433,2026-06-19 19:55:08,bill_payment,1748.43,success,,107123.04,agent
4329,236,2026-06-19 20:12:24,p2p_transfer,895.97,success,,36495.25,agent
4330,398,2026-06-19 20:42:47,withdrawal,1589.92,success,,36005.83,agent
4331,444,2026-06-19 20:58:21,top_up,372.61,failed,card_declined,16741.03,web
4332,258,2026-06-19 21:07:24,p2p_transfer,157.18,success,,43111.72,qr_code
4333,429,2026-06-19 21:21:23,merchant_payment,539.07,success,,43382.69,agent
4334,390,2026-06-19 21:42:43,p2p_transfer,3074.03,success,,16905.31,web
4335,71,2026-06-19 21:47:12,merchant_payment,151.11,success,,33277.12,qr_code
4336,344,2026-06-19 21:53:08,bill_payment,239.04,failed,card_declined,94115.67,qr_code
4337,148,2026-06-19 22:55:41,merchant_payment,2130.77,success,,99150.94,qr_code
4338,26,2026-06-19 23:12:27,p2p_transfer,1413.25,success,,100452.08,mobile_app
4339,428,2026-06-19 23:33:42,top_up,9115.39,success,,69568.27,web
4340,173,2026-06-19 23:37:18,p2p_transfer,1144.35,success,,84277.16,agent
4341,414,2026-06-20 00:06:23,top_up,444.46,failed,network_error,2426.1,agent
4342,157,2026-06-20 00:27:15,p2p_transfer,222.23,success,,95554.96,mobile_app
4343,397,2026-06-20 00:32:01,top_up,3640.88,success,,13291.84,qr_code
4344,8,2026-06-20 00:41:33,merchant_payment,519.15,success,,1314.55,agent
4345,358,2026-06-20 00:42:27,withdrawal,4917.91,failed,insufficient_funds,50.78,web
4346,346,2026-06-20 01:04:42,merchant_payment,3695.91,failed,insufficient_funds,3350.67,qr_code
4347,498,2026-06-20 02:55:26,p2p_transfer,3519.52,success,,49378.44,mobile_app
4348,357,2026-06-20 02:55:32,merchant_payment,3196.67,failed,insufficient_funds,2285.02,agent
4349,301,2026-06-20 03:15:31,bill_payment,1342.12,success,,436.89,web
4350,246,2026-06-20 03:42:14,merchant_payment,15719.19,failed,insufficient_funds,2483.61,agent
4351,187,2026-06-20 07:04:48,merchant_payment,1291.48,success,,31309.06,agent
4352,199,2026-06-20 07:09:44,merchant_payment,1199.18,success,,72499.33,qr_code
4353,305,2026-06-20 07:36:01,merchant_payment,471.35,success,,405.6,web
4354,196,2026-06-20 07:43:22,merchant_payment,616.7,success,,43652.43,mobile_app
4355,446,2026-06-20 07:45:32,merchant_payment,759.22,success,,162213.59,web
4356,459,2026-06-20 08:01:34,merchant_payment,2200.92,success,,6418.83,qr_code
4357,189,2026-06-20 08:14:21,merchant_payment,2037.74,success,,125011.49,qr_code
4358,278,2026-06-20 08:18:58,top_up,2018.78,success,,21619.18,qr_code
4359,57,2026-06-20 08:28:08,p2p_transfer,5202.46,success,,58768.76,agent
4360,240,2026-06-20 08:48:38,p2p_transfer,470.71,success,,603.94,agent
4361,479,2026-06-20 08:50:52,bill_payment,2195.79,success,,258999.2,agent
4362,13,2026-06-20 09:00:03,merchant_payment,1709.81,success,,76668.3,qr_code
4363,368,2026-06-20 09:00:06,p2p_transfer,579.1,success,,164138.84,qr_code
4364,451,2026-06-20 09:25:54,top_up,1133.68,success,,40723.43,web
4365,25,2026-06-20 09:37:20,top_up,8168.91,success,,45475.05,mobile_app
4366,491,2026-06-20 10:02:25,bill_payment,1722.89,success,,107298.85,qr_code
4367,434,2026-06-20 10:20:05,p2p_transfer,59373.12,failed,insufficient_funds,4207.01,mobile_app
4368,446,2026-06-20 10:28:47,top_up,4572.45,success,,166786.04,agent
4369,123,2026-06-20 10:49:55,bill_payment,1915.5,success,,5637.99,web
4370,447,2026-06-20 12:49:09,p2p_transfer,1202.57,success,,8712.05,mobile_app
4371,441,2026-06-20 12:58:23,bill_payment,1930.44,success,,205.9,agent
4372,371,2026-06-20 13:54:47,bill_payment,411.82,success,,7861.08,mobile_app
4373,407,2026-06-20 14:12:24,merchant_payment,2417.35,success,,73246.32,qr_code
4374,175,2026-06-20 14:53:02,merchant_payment,1888.62,failed,invalid_recipient,44477.16,mobile_app
4375,451,2026-06-20 15:26:29,top_up,645.7,success,,41369.13,agent
4376,396,2026-06-20 15:30:51,merchant_payment,1121.86,success,,29623.41,web
4377,429,2026-06-20 15:49:32,merchant_payment,1932.58,failed,limit_exceeded,43382.69,web
4378,344,2026-06-20 15:54:24,bill_payment,1273.45,success,,92842.22,web
4379,168,2026-06-20 15:54:31,merchant_payment,156.63,failed,card_declined,17999.01,qr_code
4380,84,2026-06-20 16:32:29,p2p_transfer,728.78,success,,45587.82,qr_code
4381,478,2026-06-20 16:32:53,merchant_payment,1390.37,success,,224502.01,agent
4382,279,2026-06-20 16:50:21,merchant_payment,777.61,success,,10127.03,qr_code
4383,357,2026-06-20 16:57:04,merchant_payment,39040.5,failed,insufficient_funds,2285.02,web
4384,445,2026-06-20 17:11:52,bill_payment,934.1,success,,109004.53,qr_code
4385,180,2026-06-20 17:18:00,withdrawal,1093.42,success,,166228.75,mobile_app
4386,309,2026-06-20 17:19:58,merchant_payment,1117.32,success,,49426.93,web
4387,153,2026-06-20 17:48:24,merchant_payment,3029.5,success,,36882.88,qr_code
4388,230,2026-06-20 17:48:55,merchant_payment,790.3,success,,17294.64,web
4389,87,2026-06-20 18:20:52,merchant_payment,2143.22,success,,168860.19,mobile_app
4390,338,2026-06-20 19:10:30,merchant_payment,1687.91,success,,119556.09,qr_code
4391,375,2026-06-20 19:46:42,bill_payment,1631.74,success,,56190.08,web
4392,487,2026-06-20 19:49:06,p2p_transfer,2259.68,success,,34467.8,mobile_app
4393,315,2026-06-20 19:54:12,merchant_payment,1809.17,success,,26999.52,qr_code
4394,237,2026-06-20 20:11:03,withdrawal,374.52,success,,60361.79,web
4395,482,2026-06-20 20:40:54,merchant_payment,1474.25,success,,45190.93,web
4396,411,2026-06-20 20:50:15,merchant_payment,3934.08,success,,182883.98,web
4397,305,2026-06-20 21:09:00,p2p_transfer,363.67,success,,41.93,mobile_app
4398,76,2026-06-20 21:12:06,bill_payment,541.5,success,,86377.22,mobile_app
4399,493,2026-06-20 21:53:31,withdrawal,930.65,success,,184241.99,qr_code
4400,369,2026-06-20 22:14:16,withdrawal,308.09,success,,27036.08,agent
4401,8,2026-06-20 22:27:32,p2p_transfer,2932.07,failed,insufficient_funds,1314.55,mobile_app
4402,418,2026-06-20 22:29:14,bill_payment,1972.56,failed,suspected_fraud,7040.5,mobile_app
4403,305,2026-06-20 22:48:08,merchant_payment,9679.06,failed,insufficient_funds,41.93,mobile_app
4404,250,2026-06-20 23:29:18,top_up,4883.52,success,,52416.39,agent
4405,294,2026-06-20 23:40:30,merchant_payment,223.16,success,,84230.63,web
4406,403,2026-06-21 00:32:06,merchant_payment,3720.65,failed,insufficient_funds,236.37,qr_code
4407,324,2026-06-21 01:01:48,merchant_payment,1202.68,success,,48430.04,mobile_app
4408,180,2026-06-21 01:23:33,top_up,3468.5,success,,169697.25,web
4409,58,2026-06-21 02:45:16,p2p_transfer,550.23,success,,59772.68,qr_code
4410,383,2026-06-21 04:19:22,p2p_transfer,674.86,success,,5183.8,agent
4411,242,2026-06-21 04:55:04,merchant_payment,679.61,failed,insufficient_funds,5.26,mobile_app
4412,433,2026-06-21 07:20:50,bill_payment,2078.63,success,,105044.41,qr_code
4413,487,2026-06-21 07:25:24,withdrawal,2191.48,success,,32276.32,agent
4414,126,2026-06-21 07:26:52,merchant_payment,375.72,success,,21047.61,web
4415,467,2026-06-21 08:24:59,merchant_payment,332.68,success,,275353.66,mobile_app
4416,261,2026-06-21 08:35:06,p2p_transfer,666.72,success,,53827.14,qr_code
4417,333,2026-06-21 08:49:36,merchant_payment,1269.74,success,,82962.12,mobile_app
4418,439,2026-06-21 08:58:52,top_up,4364.94,success,,256813.03,agent
4419,248,2026-06-21 09:00:30,merchant_payment,199.75,success,,97258.48,mobile_app
4420,283,2026-06-21 09:08:45,p2p_transfer,375.96,success,,98071.47,agent
4421,106,2026-06-21 09:22:41,merchant_payment,1283.68,success,,198790.09,agent
4422,160,2026-06-21 09:41:41,top_up,3019.98,success,,3866.07,agent
4423,285,2026-06-21 09:47:13,p2p_transfer,673.24,success,,75666.05,web
4424,300,2026-06-21 10:17:06,p2p_transfer,2850.92,success,,147886.66,qr_code
4425,242,2026-06-21 10:17:52,p2p_transfer,2705.07,failed,insufficient_funds,5.26,qr_code
4426,161,2026-06-21 10:57:32,top_up,2333.12,success,,99563.96,mobile_app
4427,417,2026-06-21 11:25:32,bill_payment,6446.67,success,,19643.66,qr_code
4428,478,2026-06-21 11:42:03,merchant_payment,784.53,success,,223717.48,agent
4429,294,2026-06-21 11:51:37,merchant_payment,188.18,success,,84042.45,agent
4430,87,2026-06-21 11:51:46,merchant_payment,2419.28,success,,166440.91,web
4431,55,2026-06-21 12:02:26,merchant_payment,2083.72,success,,229082.39,agent
4432,126,2026-06-21 12:10:02,merchant_payment,1272.14,success,,19775.47,agent
4433,50,2026-06-21 12:55:34,merchant_payment,1353.29,success,,64561.21,qr_code
4434,161,2026-06-21 13:30:11,merchant_payment,2187.79,success,,97376.17,mobile_app
4435,156,2026-06-21 14:12:08,top_up,4808.43,success,,257250.88,agent
4436,387,2026-06-21 14:21:21,top_up,6759.14,success,,141813.99,mobile_app
4437,332,2026-06-21 14:33:18,top_up,2475.46,success,,20297.29,agent
4438,134,2026-06-21 15:12:27,bill_payment,107.38,success,,35283.74,agent
4439,68,2026-06-21 16:08:24,merchant_payment,317.11,success,,94868.82,qr_code
4440,112,2026-06-21 16:22:55,bill_payment,730.72,success,,74090.53,web
4441,172,2026-06-21 16:58:43,merchant_payment,4237.76,success,,41922.93,web
4442,38,2026-06-21 17:15:55,withdrawal,2546.57,success,,94850.57,qr_code
4443,450,2026-06-21 17:25:27,bill_payment,772.05,success,,128915.24,web
4444,158,2026-06-21 17:52:22,top_up,568.27,success,,114317.72,agent
4445,52,2026-06-21 18:43:36,p2p_transfer,1088.03,success,,30124.38,web
4446,272,2026-06-21 18:50:16,withdrawal,528.16,success,,112069.22,web
4447,172,2026-06-21 20:44:32,merchant_payment,584.34,success,,41338.59,mobile_app
4448,394,2026-06-21 20:55:26,merchant_payment,2310.66,success,,153330.63,web
4449,59,2026-06-21 21:10:53,bill_payment,700.56,success,,105595.8,agent
4450,310,2026-06-21 21:34:46,merchant_payment,750.37,success,,45300.47,web
4451,139,2026-06-21 21:41:04,merchant_payment,2712.37,success,,9548.32,agent
4452,275,2026-06-21 22:32:38,bill_payment,3166.48,success,,155693.62,agent
4453,451,2026-06-21 22:53:10,p2p_transfer,1914.0,success,,39455.13,mobile_app
4454,425,2026-06-21 23:04:05,p2p_transfer,3393.65,success,,175481.5,qr_code
4455,487,2026-06-21 23:13:32,withdrawal,4759.96,success,,27516.36,mobile_app
4456,171,2026-06-21 23:32:08,p2p_transfer,493.8,success,,18304.39,qr_code
4457,150,2026-06-21 23:43:16,top_up,1307.82,success,,68091.46,mobile_app
4458,392,2026-06-21 23:47:04,merchant_payment,1427.66,success,,73228.63,agent
4459,262,2026-06-22 00:45:44,top_up,4721.28,success,,63366.19,agent
4460,441,2026-06-22 01:09:32,merchant_payment,5603.77,failed,insufficient_funds,205.9,mobile_app
4461,152,2026-06-22 01:24:35,merchant_payment,29455.69,failed,insufficient_funds,25462.17,qr_code
4462,198,2026-06-22 01:36:56,top_up,496.42,success,,44815.89,web
4463,275,2026-06-22 03:21:07,bill_payment,2749.36,success,,152944.26,mobile_app
4464,201,2026-06-22 04:13:25,p2p_transfer,1297.43,success,,3024.95,agent
4465,180,2026-06-22 05:07:19,p2p_transfer,6590.11,success,,163107.14,mobile_app
4466,201,2026-06-22 07:15:37,merchant_payment,1254.56,success,,1770.39,agent
4467,112,2026-06-22 07:34:18,top_up,6988.22,success,,81078.75,web
4468,41,2026-06-22 07:41:08,merchant_payment,421.62,success,,108970.76,mobile_app
4469,186,2026-06-22 08:06:14,top_up,3109.49,success,,154306.52,agent
4470,493,2026-06-22 09:03:55,merchant_payment,4225.05,success,,180016.94,web
4471,392,2026-06-22 09:06:37,merchant_payment,591.02,success,,72637.61,web
4472,468,2026-06-22 09:50:16,top_up,778.78,failed,network_error,23994.89,mobile_app
4473,331,2026-06-22 09:52:54,merchant_payment,1547.01,success,,111413.21,qr_code
4474,344,2026-06-22 10:07:23,p2p_transfer,1122.02,success,,91720.2,qr_code
4475,275,2026-06-22 10:28:30,top_up,1825.33,success,,154769.59,web
4476,189,2026-06-22 11:42:22,merchant_payment,483.31,success,,124528.18,web
4477,242,2026-06-22 11:50:17,top_up,3919.95,success,,3925.21,agent
4478,383,2026-06-22 12:04:53,merchant_payment,2874.74,success,,2309.06,mobile_app
4479,10,2026-06-22 12:14:09,p2p_transfer,515.44,success,,42269.28,web
4480,466,2026-06-22 12:28:36,bill_payment,1743.27,success,,204454.7,qr_code
4481,434,2026-06-22 12:37:16,merchant_payment,28570.6,failed,insufficient_funds,4207.01,web
4482,9,2026-06-22 13:26:56,p2p_transfer,794.91,success,,48285.84,mobile_app
4483,35,2026-06-22 13:37:24,withdrawal,1708.43,success,,20235.28,mobile_app
4484,151,2026-06-22 13:46:46,top_up,459.38,success,,24285.09,agent
4485,412,2026-06-22 13:49:30,withdrawal,2462.41,success,,134265.52,qr_code
4486,259,2026-06-22 14:00:52,top_up,649.76,success,,52493.48,mobile_app
4487,425,2026-06-22 14:22:10,merchant_payment,394.41,failed,invalid_recipient,175481.5,agent
4488,105,2026-06-22 15:15:53,merchant_payment,1727.49,success,,727.63,mobile_app
4489,475,2026-06-22 15:44:06,bill_payment,868.58,success,,30500.95,qr_code
4490,124,2026-06-22 16:00:59,p2p_transfer,2004.07,success,,55437.77,agent
4491,202,2026-06-22 16:06:41,p2p_transfer,1921.37,success,,38820.99,mobile_app
4492,163,2026-06-22 16:09:47,top_up,1325.55,success,,70492.37,mobile_app
4493,414,2026-06-22 16:28:25,top_up,1458.1,success,,3884.2,agent
4494,257,2026-06-22 17:06:26,p2p_transfer,1894.22,failed,insufficient_funds,163.21,qr_code
4495,495,2026-06-22 17:19:52,p2p_transfer,673.17,failed,card_declined,19941.3,qr_code
4496,139,2026-06-22 17:24:59,p2p_transfer,38355.86,failed,insufficient_funds,9548.32,agent
4497,42,2026-06-22 17:41:24,merchant_payment,9101.37,failed,insufficient_funds,752.77,agent
4498,326,2026-06-22 18:05:43,merchant_payment,1162.11,success,,160781.92,agent
4499,168,2026-06-22 18:30:14,merchant_payment,1699.22,failed,card_declined,17999.01,mobile_app
4500,55,2026-06-22 18:38:35,top_up,831.09,success,,229913.48,qr_code
4501,368,2026-06-22 18:57:01,merchant_payment,4026.39,success,,160112.45,mobile_app
4502,313,2026-06-22 19:03:01,p2p_transfer,5637.41,success,,63370.82,qr_code
4503,368,2026-06-22 19:31:51,merchant_payment,690.94,success,,159421.51,qr_code
4504,389,2026-06-22 19:41:20,p2p_transfer,363.24,success,,3898.93,agent
4505,305,2026-06-22 19:49:25,top_up,3073.26,success,,3115.19,mobile_app
4506,202,2026-06-22 19:59:30,merchant_payment,860.57,success,,37960.42,agent
4507,10,2026-06-22 19:59:40,top_up,946.99,success,,43216.27,web
4508,213,2026-06-22 20:03:34,p2p_transfer,816.24,success,,6770.17,qr_code
4509,336,2026-06-22 20:18:27,top_up,7725.55,success,,280734.91,agent
4510,434,2026-06-22 20:48:50,top_up,1746.62,success,,5953.63,web
4511,72,2026-06-22 21:03:07,merchant_payment,2758.36,success,,48045.52,mobile_app
4512,344,2026-06-22 21:03:27,bill_payment,198.65,success,,91521.55,web
4513,391,2026-06-22 21:13:34,bill_payment,3028.26,success,,135996.05,qr_code
4514,460,2026-06-22 21:20:40,top_up,9298.67,success,,242569.63,web
4515,277,2026-06-22 21:47:19,p2p_transfer,5508.56,success,,23768.04,web
4516,315,2026-06-22 21:50:51,top_up,823.54,success,,27823.06,web
4517,305,2026-06-22 22:07:09,bill_payment,3542.13,failed,insufficient_funds,3115.19,qr_code
4518,87,2026-06-22 22:22:34,merchant_payment,604.07,success,,165836.84,agent
4519,313,2026-06-22 22:38:27,p2p_transfer,863.49,success,,62507.33,mobile_app
4520,30,2026-06-22 22:59:45,merchant_payment,1846.83,success,,124329.14,agent
4521,167,2026-06-22 23:36:16,top_up,3764.9,success,,37287.12,qr_code
4522,465,2026-06-23 00:11:21,top_up,1818.83,success,,16254.02,qr_code
4523,333,2026-06-23 00:21:14,p2p_transfer,1003.02,success,,81959.1,mobile_app
4524,64,2026-06-23 00:49:28,top_up,23446.06,success,,25007.21,qr_code
4525,201,2026-06-23 02:44:14,merchant_payment,3960.19,failed,insufficient_funds,1770.39,web
4526,28,2026-06-23 02:57:35,merchant_payment,3345.11,success,,103596.5,qr_code
4527,78,2026-06-23 03:53:48,bill_payment,889.07,success,,62634.99,agent
4528,55,2026-06-23 04:07:54,withdrawal,3048.77,success,,226864.71,agent
4529,42,2026-06-23 05:04:31,withdrawal,12405.2,failed,insufficient_funds,752.77,mobile_app
4530,390,2026-06-23 05:43:21,p2p_transfer,475.05,success,,16430.26,web
4531,61,2026-06-23 05:45:33,merchant_payment,2187.3,success,,148552.62,agent
4532,318,2026-06-23 07:17:13,p2p_transfer,11760.76,success,,48565.23,qr_code
4533,306,2026-06-23 07:30:07,bill_payment,2339.07,success,,92605.64,agent
4534,392,2026-06-23 07:46:49,top_up,454.62,success,,73092.23,agent
4535,465,2026-06-23 08:07:49,merchant_payment,1976.88,success,,14277.14,web
4536,50,2026-06-23 08:12:57,top_up,1659.66,success,,66220.87,qr_code
4537,477,2026-06-23 08:16:15,withdrawal,572.75,success,,79569.85,web
4538,283,2026-06-23 08:29:44,merchant_payment,905.82,success,,97165.65,agent
4539,299,2026-06-23 09:06:56,p2p_transfer,924.13,success,,3512.23,mobile_app
4540,329,2026-06-23 09:23:43,merchant_payment,2060.99,success,,24876.23,mobile_app
4541,429,2026-06-23 10:01:54,p2p_transfer,603.21,success,,42779.48,agent
4542,298,2026-06-23 10:22:26,bill_payment,1097.07,success,,11385.93,web
4543,369,2026-06-23 11:07:45,top_up,8680.56,success,,35716.64,qr_code
4544,429,2026-06-23 11:41:33,merchant_payment,955.08,success,,41824.4,mobile_app
4545,375,2026-06-23 12:46:53,top_up,1456.02,success,,57646.1,qr_code
4546,42,2026-06-23 12:57:41,p2p_transfer,10466.09,failed,insufficient_funds,752.77,qr_code
4547,5,2026-06-23 13:34:28,merchant_payment,2818.77,success,,49577.6,agent
4548,362,2026-06-23 13:37:05,merchant_payment,1575.8,success,,93696.31,mobile_app
4549,86,2026-06-23 13:48:28,top_up,1283.18,success,,1866.65,web
4550,13,2026-06-23 14:38:03,bill_payment,1549.87,success,,75118.43,agent
4551,336,2026-06-23 14:40:33,bill_payment,478.28,success,,280256.63,mobile_app
4552,20,2026-06-23 14:47:46,withdrawal,3665.72,success,,96581.26,agent
4553,492,2026-06-23 14:58:27,top_up,4088.83,success,,123848.41,qr_code
4554,118,2026-06-23 15:00:31,top_up,867.78,success,,122319.67,qr_code
4555,129,2026-06-23 15:30:10,bill_payment,3369.81,success,,22595.91,mobile_app
4556,67,2026-06-23 15:49:47,merchant_payment,362.56,success,,103735.32,mobile_app
4557,33,2026-06-23 16:06:48,merchant_payment,4751.8,success,,94691.81,qr_code
4558,122,2026-06-23 16:31:16,bill_payment,1767.95,success,,127558.01,qr_code
4559,88,2026-06-23 16:49:56,merchant_payment,812.42,success,,108411.97,agent
4560,387,2026-06-23 17:08:58,top_up,6129.25,success,,147943.24,mobile_app
4561,498,2026-06-23 17:22:30,top_up,1125.71,success,,50504.15,mobile_app
4562,339,2026-06-23 17:47:47,merchant_payment,1696.29,success,,40633.75,web
4563,201,2026-06-23 17:54:20,p2p_transfer,315.96,success,,1454.43,mobile_app
4564,444,2026-06-23 17:58:00,p2p_transfer,1651.78,success,,15089.25,web
4565,127,2026-06-23 18:24:40,p2p_transfer,3800.16,success,,43150.46,agent
4566,263,2026-06-23 18:31:01,withdrawal,2129.89,success,,51664.4,mobile_app
4567,460,2026-06-23 18:53:39,merchant_payment,1863.87,success,,240705.76,agent
4568,185,2026-06-23 19:17:33,withdrawal,3651.43,success,,5219.26,web
4569,163,2026-06-23 19:20:14,withdrawal,1884.94,success,,68607.43,qr_code
4570,341,2026-06-23 19:36:43,merchant_payment,907.33,success,,75961.86,mobile_app
4571,213,2026-06-23 20:02:21,p2p_transfer,2826.21,success,,3943.96,qr_code
4572,391,2026-06-23 20:19:55,merchant_payment,5884.53,success,,130111.52,qr_code
4573,432,2026-06-23 20:24:34,withdrawal,11046.22,failed,insufficient_funds,4916.58,mobile_app
4574,59,2026-06-23 20:46:16,p2p_transfer,742.78,success,,104853.02,agent
4575,87,2026-06-23 20:48:53,merchant_payment,311.6,success,,165525.24,web
4576,232,2026-06-23 21:20:33,merchant_payment,1056.95,success,,24398.73,web
4577,272,2026-06-23 21:22:44,merchant_payment,998.4,success,,111070.82,web
4578,258,2026-06-23 21:59:36,withdrawal,4294.62,success,,38817.1,web
4579,139,2026-06-23 22:28:54,bill_payment,22863.0,failed,insufficient_funds,9548.32,agent
4580,180,2026-06-23 22:48:13,bill_payment,2637.4,success,,160469.74,agent
4581,380,2026-06-23 22:58:48,merchant_payment,4157.56,success,,3183.73,web
4582,139,2026-06-24 00:26:55,merchant_payment,3975.25,success,,5573.07,qr_code
4583,432,2026-06-24 01:17:26,withdrawal,5389.68,failed,insufficient_funds,4916.58,web
4584,75,2026-06-24 02:31:54,withdrawal,899.24,success,,17559.08,mobile_app
4585,105,2026-06-24 04:26:31,p2p_transfer,7408.5,failed,insufficient_funds,727.63,web
4586,165,2026-06-24 04:29:20,top_up,1324.0,success,,24299.67,qr_code
4587,136,2026-06-24 05:03:26,top_up,3542.11,success,,122247.33,mobile_app
4588,19,2026-06-24 05:14:40,withdrawal,1698.27,failed,insufficient_funds,771.34,agent
4589,133,2026-06-24 07:33:07,top_up,2413.39,success,,87028.66,qr_code
4590,454,2026-06-24 08:02:01,bill_payment,889.19,success,,46189.2,mobile_app
4591,355,2026-06-24 09:20:07,merchant_payment,551.94,success,,44446.05,mobile_app
4592,398,2026-06-24 10:21:05,merchant_payment,987.1,success,,35018.73,web
4593,73,2026-06-24 10:26:04,merchant_payment,1305.67,success,,212.89,agent
4594,443,2026-06-24 10:32:14,bill_payment,2839.69,success,,163216.61,agent
4595,478,2026-06-24 10:40:14,bill_payment,4275.01,success,,219442.47,mobile_app
4596,326,2026-06-24 10:44:02,merchant_payment,598.1,success,,160183.82,web
4597,320,2026-06-24 12:55:13,top_up,625.92,success,,6990.7,qr_code
4598,131,2026-06-24 12:57:08,p2p_transfer,1053.76,success,,37253.13,mobile_app
4599,315,2026-06-24 13:04:49,merchant_payment,6965.84,success,,20857.22,qr_code
4600,8,2026-06-24 13:08:00,merchant_payment,418.98,success,,895.57,qr_code
4601,294,2026-06-24 13:33:38,p2p_transfer,839.42,success,,83203.03,qr_code
4602,19,2026-06-24 13:42:59,merchant_payment,2087.81,failed,insufficient_funds,771.34,qr_code
4603,480,2026-06-24 14:09:52,withdrawal,1102.55,success,,68270.44,qr_code
4604,78,2026-06-24 16:17:51,bill_payment,1446.43,success,,61188.56,qr_code
4605,159,2026-06-24 17:56:13,merchant_payment,9307.29,success,,191005.77,mobile_app
4606,78,2026-06-24 17:58:48,merchant_payment,210.48,success,,60978.08,qr_code
4607,453,2026-06-24 19:06:11,withdrawal,179.47,success,,89905.89,mobile_app
4608,403,2026-06-24 19:19:20,top_up,5861.01,success,,6097.38,web
4609,436,2026-06-24 19:38:09,p2p_transfer,7067.97,success,,16718.42,web
4610,26,2026-06-24 19:38:56,merchant_payment,346.33,success,,100105.75,web
4611,304,2026-06-24 19:55:12,withdrawal,999.77,success,,18583.13,agent
4612,141,2026-06-24 20:26:53,bill_payment,226.35,success,,12319.94,agent
4613,498,2026-06-24 20:36:35,bill_payment,509.66,success,,49994.49,qr_code
4614,298,2026-06-24 20:37:15,merchant_payment,329.22,success,,11056.71,web
4615,448,2026-06-24 20:56:24,withdrawal,5685.87,success,,61910.01,agent
4616,453,2026-06-24 21:31:17,top_up,9981.39,success,,99887.28,agent
4617,40,2026-06-24 21:34:10,bill_payment,1093.47,success,,235548.6,web
4618,189,2026-06-24 21:36:50,merchant_payment,4324.49,success,,120203.69,qr_code
4619,450,2026-06-24 22:07:34,top_up,1552.45,success,,130467.69,web
4620,460,2026-06-24 22:27:44,top_up,1040.35,success,,241746.11,qr_code
4621,311,2026-06-24 22:34:50,merchant_payment,1065.93,success,,86045.14,agent
4622,96,2026-06-24 22:47:02,merchant_payment,7822.93,success,,156165.39,agent
4623,13,2026-06-24 22:50:58,merchant_payment,2856.63,success,,72261.8,agent
4624,92,2026-06-24 22:59:10,p2p_transfer,5169.78,success,,157736.48,qr_code
4625,387,2026-06-24 23:09:14,top_up,3118.67,success,,151061.91,web
4626,329,2026-06-24 23:18:57,p2p_transfer,641.13,success,,24235.1,web
4627,328,2026-06-24 23:27:29,top_up,982.06,success,,70705.84,mobile_app
4628,79,2026-06-24 23:38:24,bill_payment,934.66,success,,54448.59,mobile_app
4629,158,2026-06-24 23:52:21,merchant_payment,13157.61,success,,101160.11,web
4630,31,2026-06-24 23:53:02,p2p_transfer,4060.5,success,,198032.09,mobile_app
4631,266,2026-06-24 23:58:19,merchant_payment,1752.26,success,,64501.67,mobile_app
4632,397,2026-06-25 02:10:30,merchant_payment,1505.51,success,,11786.33,mobile_app
4633,13,2026-06-25 04:21:56,bill_payment,1457.28,success,,70804.52,agent
4634,403,2026-06-25 04:52:49,bill_payment,1679.97,success,,4417.41,web
4635,189,2026-06-25 05:44:53,merchant_payment,1812.69,success,,118391.0,agent
4636,443,2026-06-25 07:02:57,merchant_payment,2839.58,success,,160377.03,web
4637,300,2026-06-25 07:18:36,merchant_payment,984.4,success,,146902.26,qr_code
4638,165,2026-06-25 07:19:49,merchant_payment,2102.21,success,,22197.46,agent
4639,403,2026-06-25 07:38:11,bill_payment,3934.82,success,,482.59,mobile_app
4640,480,2026-06-25 08:16:45,bill_payment,773.17,success,,67497.27,agent
4641,111,2026-06-25 10:44:41,p2p_transfer,261.21,success,,54126.75,qr_code
4642,156,2026-06-25 10:46:50,top_up,15491.79,failed,network_error,257250.88,mobile_app
4643,389,2026-06-25 10:55:46,withdrawal,1202.83,success,,2696.1,agent
4644,258,2026-06-25 11:01:39,p2p_transfer,1086.49,success,,37730.61,agent
4645,94,2026-06-25 12:23:29,p2p_transfer,551.51,success,,82369.11,web
4646,269,2026-06-25 12:23:55,bill_payment,454.14,success,,38583.37,mobile_app
4647,426,2026-06-25 12:41:29,p2p_transfer,3233.84,success,,3155.4,agent
4648,211,2026-06-25 12:49:50,p2p_transfer,2715.84,success,,176059.66,qr_code
4649,475,2026-06-25 12:53:04,p2p_transfer,3434.07,success,,27066.88,agent
4650,427,2026-06-25 13:29:58,merchant_payment,832.56,success,,90213.98,qr_code
4651,127,2026-06-25 13:45:27,bill_payment,1298.97,success,,41851.49,mobile_app
4652,260,2026-06-25 13:59:03,merchant_payment,1881.14,success,,46337.8,mobile_app
4653,26,2026-06-25 14:04:56,merchant_payment,3325.99,success,,96779.76,mobile_app
4654,131,2026-06-25 14:20:12,top_up,920.69,success,,38173.82,mobile_app
4655,180,2026-06-25 14:24:21,bill_payment,373.25,failed,network_error,160469.74,mobile_app
4656,241,2026-06-25 14:25:03,merchant_payment,1822.91,success,,22845.92,web
4657,447,2026-06-25 15:40:06,bill_payment,604.65,success,,8107.4,agent
4658,438,2026-06-25 16:44:38,bill_payment,708.24,failed,card_declined,98854.8,agent
4659,380,2026-06-25 17:09:51,bill_payment,350.29,success,,2833.44,qr_code
4660,312,2026-06-25 17:26:24,withdrawal,925.57,success,,88408.98,qr_code
4661,13,2026-06-25 18:11:42,merchant_payment,1977.6,success,,68826.92,agent
4662,469,2026-06-25 18:20:30,merchant_payment,1164.92,success,,16158.6,mobile_app
4663,25,2026-06-25 18:27:39,merchant_payment,3602.08,success,,41872.97,web
4664,433,2026-06-25 19:19:22,merchant_payment,3486.48,success,,101557.93,qr_code
4665,295,2026-06-25 19:31:58,top_up,4297.97,success,,5350.46,qr_code
4666,86,2026-06-25 19:41:11,p2p_transfer,2753.67,failed,insufficient_funds,1866.65,agent
4667,300,2026-06-25 19:42:21,top_up,4857.31,failed,invalid_recipient,146902.26,mobile_app
4668,251,2026-06-25 19:57:34,top_up,1083.23,failed,network_error,195193.65,agent
4669,187,2026-06-25 20:13:03,bill_payment,2209.82,success,,29099.24,web
4670,86,2026-06-25 20:31:24,merchant_payment,1318.64,success,,548.01,mobile_app
4671,331,2026-06-25 20:48:08,bill_payment,2583.15,success,,108830.06,mobile_app
4672,208,2026-06-25 20:51:35,top_up,6183.57,success,,129105.66,web
4673,483,2026-06-25 21:01:30,withdrawal,970.64,success,,12251.9,web
4674,161,2026-06-25 21:28:57,merchant_payment,662.94,success,,96713.23,mobile_app
4675,329,2026-06-25 22:07:59,merchant_payment,7726.72,success,,16508.38,agent
4676,390,2026-06-25 22:17:56,top_up,2257.06,success,,18687.32,web
4677,142,2026-06-25 22:51:01,bill_payment,10586.26,success,,102677.51,agent
4678,251,2026-06-25 23:02:54,merchant_payment,8726.37,success,,186467.28,agent
4679,168,2026-06-25 23:10:29,p2p_transfer,5748.97,success,,12250.04,web
4680,284,2026-06-25 23:22:00,top_up,1117.58,success,,112467.36,web
4681,478,2026-06-25 23:23:30,merchant_payment,1911.7,success,,217530.77,qr_code
4682,94,2026-06-25 23:42:58,top_up,7388.7,success,,89757.81,agent
4683,394,2026-06-25 23:45:20,top_up,2278.46,success,,155609.09,qr_code
4684,418,2026-06-25 23:58:00,p2p_transfer,3473.69,success,,3566.81,agent
4685,179,2026-06-26 03:28:11,bill_payment,2890.36,failed,insufficient_funds,352.53,qr_code
4686,442,2026-06-26 04:17:56,top_up,1313.23,success,,107373.96,mobile_app
4687,371,2026-06-26 04:59:50,merchant_payment,430.94,success,,7430.14,mobile_app
4688,123,2026-06-26 07:42:37,p2p_transfer,1468.75,success,,4169.24,mobile_app
4689,156,2026-06-26 07:44:38,merchant_payment,1108.88,success,,256142.0,agent
4690,440,2026-06-26 07:57:15,p2p_transfer,3935.23,success,,200898.96,web
4691,337,2026-06-26 08:07:25,merchant_payment,421.09,success,,67077.47,mobile_app
4692,433,2026-06-26 08:33:36,merchant_payment,916.75,success,,100641.18,qr_code
4693,199,2026-06-26 09:17:54,merchant_payment,705.81,success,,71793.52,agent
4694,26,2026-06-26 10:01:17,p2p_transfer,463.92,success,,96315.84,mobile_app
4695,484,2026-06-26 10:19:55,bill_payment,669.72,success,,62505.87,qr_code
4696,433,2026-06-26 10:26:51,merchant_payment,1384.04,success,,99257.14,qr_code
4697,205,2026-06-26 10:33:08,bill_payment,760.3,success,,93899.13,web
4698,64,2026-06-26 10:41:21,p2p_transfer,997.66,success,,24009.55,web
4699,469,2026-06-26 10:55:59,top_up,10498.48,success,,26657.08,web
4700,475,2026-06-26 11:22:22,merchant_payment,936.83,success,,26130.05,web
4701,269,2026-06-26 11:38:21,p2p_transfer,687.1,success,,37896.27,web
4702,328,2026-06-26 11:54:44,top_up,2002.62,success,,72708.46,qr_code
4703,108,2026-06-26 12:53:37,merchant_payment,1348.39,success,,81234.39,qr_code
4704,122,2026-06-26 13:25:43,merchant_payment,5142.73,success,,122415.28,web
4705,33,2026-06-26 14:10:23,merchant_payment,1115.41,success,,93576.4,mobile_app
4706,284,2026-06-26 14:15:55,top_up,6496.72,success,,118964.08,qr_code
4707,229,2026-06-26 14:16:32,p2p_transfer,1253.08,success,,58003.78,web
4708,473,2026-06-26 14:47:30,p2p_transfer,2748.75,success,,4638.22,mobile_app
4709,152,2026-06-26 15:04:05,withdrawal,1262.95,success,,24199.22,qr_code
4710,173,2026-06-26 15:14:02,p2p_transfer,405.27,success,,83871.89,agent
4711,394,2026-06-26 15:33:07,p2p_transfer,1855.51,success,,153753.58,web
4712,433,2026-06-26 15:47:12,top_up,8592.82,failed,invalid_recipient,99257.14,web
4713,322,2026-06-26 15:49:57,top_up,919.12,success,,110180.67,web
4714,131,2026-06-26 15:54:49,bill_payment,1254.35,success,,36919.47,web
4715,368,2026-06-26 16:07:21,merchant_payment,2468.76,success,,156952.75,agent
4716,111,2026-06-26 16:14:28,merchant_payment,1537.81,success,,52588.94,qr_code
4717,380,2026-06-26 16:25:57,merchant_payment,3185.41,failed,insufficient_funds,2833.44,mobile_app
4718,445,2026-06-26 16:37:14,p2p_transfer,310.62,success,,108693.91,qr_code
4719,496,2026-06-26 16:39:10,top_up,921.73,success,,87859.64,agent
4720,492,2026-06-26 16:41:31,bill_payment,1095.04,success,,122753.37,mobile_app
4721,78,2026-06-26 17:47:59,top_up,2276.98,success,,63255.06,mobile_app
4722,318,2026-06-26 18:04:30,bill_payment,2580.06,success,,45985.17,qr_code
4723,440,2026-06-26 18:29:51,p2p_transfer,10978.27,success,,189920.69,mobile_app
4724,412,2026-06-26 18:43:06,merchant_payment,633.6,success,,133631.92,qr_code
4725,168,2026-06-26 18:56:03,withdrawal,1062.65,success,,11187.39,agent
4726,194,2026-06-26 20:03:03,p2p_transfer,2759.03,success,,2678.97,qr_code
4727,477,2026-06-26 20:23:08,merchant_payment,334.19,success,,79235.66,qr_code
4728,230,2026-06-26 20:24:12,top_up,4911.76,success,,22206.4,web
4729,184,2026-06-26 20:55:31,merchant_payment,1029.69,success,,43741.94,qr_code
4730,183,2026-06-26 21:24:28,merchant_payment,661.62,success,,25897.42,mobile_app
4731,315,2026-06-26 21:25:22,top_up,1122.78,success,,21980.0,mobile_app
4732,487,2026-06-26 21:55:40,p2p_transfer,652.06,success,,26864.3,agent
4733,39,2026-06-26 21:57:02,p2p_transfer,895.23,success,,64905.2,agent
4734,335,2026-06-26 21:57:23,top_up,2398.61,success,,26260.41,mobile_app
4735,28,2026-06-26 22:56:51,bill_payment,1010.49,success,,102586.01,qr_code
4736,96,2026-06-26 23:40:58,p2p_transfer,1784.19,success,,154381.2,web
4737,490,2026-06-26 23:49:31,withdrawal,2733.55,success,,117859.17,web
4738,378,2026-06-27 00:04:33,bill_payment,912.55,success,,13885.34,agent
4739,371,2026-06-27 03:28:31,merchant_payment,6432.51,failed,suspected_fraud,7430.14,mobile_app
4740,147,2026-06-27 03:32:08,p2p_transfer,345.14,success,,30622.58,mobile_app
4741,258,2026-06-27 03:49:42,merchant_payment,687.09,success,,37043.52,qr_code
4742,116,2026-06-27 04:05:30,bill_payment,1106.07,success,,16119.7,web
4743,136,2026-06-27 04:34:27,withdrawal,2529.9,success,,119717.43,mobile_app
4744,242,2026-06-27 05:54:22,withdrawal,3532.89,success,,392.32,mobile_app
4745,413,2026-06-27 07:39:45,merchant_payment,696.58,success,,94866.88,qr_code
4746,96,2026-06-27 07:40:09,merchant_payment,4503.99,success,,149877.21,qr_code
4747,475,2026-06-27 07:56:47,merchant_payment,2932.71,success,,23197.34,web
4748,268,2026-06-27 08:38:03,merchant_payment,1863.01,success,,89733.68,qr_code
4749,153,2026-06-27 08:52:59,merchant_payment,702.74,success,,36180.14,agent
4750,180,2026-06-27 09:01:59,merchant_payment,872.39,failed,card_declined,160469.74,web
4751,230,2026-06-27 09:15:29,top_up,1974.22,success,,24180.62,agent
4752,10,2026-06-27 09:36:25,p2p_transfer,662.67,success,,42553.6,agent
4753,482,2026-06-27 09:52:26,bill_payment,1117.57,success,,44073.36,qr_code
4754,195,2026-06-27 10:03:14,top_up,20463.92,success,,128184.91,qr_code
4755,258,2026-06-27 11:19:42,merchant_payment,1144.37,success,,35899.15,web
4756,189,2026-06-27 12:01:58,p2p_transfer,2121.8,failed,network_error,118391.0,qr_code
4757,163,2026-06-27 12:24:31,p2p_transfer,1392.7,success,,67214.73,mobile_app
4758,304,2026-06-27 12:54:09,merchant_payment,5424.0,success,,13159.13,agent
4759,453,2026-06-27 14:15:57,top_up,1382.59,success,,101269.87,web
4760,55,2026-06-27 14:16:21,top_up,507.15,success,,227371.86,mobile_app
4761,112,2026-06-27 14:52:25,top_up,2659.5,success,,83738.25,agent
4762,498,2026-06-27 15:22:01,p2p_transfer,781.29,success,,49213.2,web
4763,357,2026-06-27 16:00:57,p2p_transfer,1406.39,success,,878.63,web
4764,80,2026-06-27 16:14:36,p2p_transfer,770.28,success,,7738.29,web
4765,131,2026-06-27 17:39:16,bill_payment,1064.5,success,,35854.97,mobile_app
4766,295,2026-06-27 18:29:19,merchant_payment,2754.06,success,,2596.4,mobile_app
4767,427,2026-06-27 18:39:41,top_up,1382.9,success,,91596.88,agent
4768,127,2026-06-27 18:44:50,merchant_payment,1154.64,success,,40696.85,agent
4769,144,2026-06-27 19:34:01,merchant_payment,1525.64,success,,95024.15,agent
4770,222,2026-06-27 20:32:43,top_up,2798.78,success,,53603.47,agent
4771,26,2026-06-27 21:33:24,bill_payment,1172.41,success,,95143.43,web
4772,440,2026-06-27 21:57:28,top_up,11145.52,success,,201066.21,qr_code
4773,78,2026-06-27 22:19:29,merchant_payment,1096.24,success,,62158.82,agent
4774,389,2026-06-27 23:08:07,merchant_payment,209.79,success,,2486.31,agent
4775,439,2026-06-27 23:34:07,top_up,22530.18,success,,279343.21,web
4776,478,2026-06-27 23:58:20,p2p_transfer,2726.68,success,,214804.09,mobile_app
4777,326,2026-06-28 00:39:27,withdrawal,4399.78,success,,155784.04,mobile_app
4778,198,2026-06-28 01:34:04,withdrawal,1598.24,success,,43217.65,web
4779,406,2026-06-28 01:35:08,merchant_payment,21592.49,failed,insufficient_funds,3290.46,web
4780,168,2026-06-28 02:49:47,merchant_payment,2500.0,success,,8687.39,qr_code
4781,83,2026-06-28 03:31:41,merchant_payment,2215.06,success,,1583.63,agent
4782,198,2026-06-28 03:44:32,merchant_payment,2708.03,success,,40509.62,agent
4783,460,2026-06-28 04:27:36,p2p_transfer,501.7,success,,241244.41,agent
4784,50,2026-06-28 07:28:35,top_up,5124.4,success,,71345.27,qr_code
4785,487,2026-06-28 08:21:50,p2p_transfer,1827.58,success,,25036.72,qr_code
4786,72,2026-06-28 09:07:02,withdrawal,1036.08,success,,47009.44,qr_code
4787,493,2026-06-28 09:12:19,top_up,441.02,success,,180457.96,web
4788,260,2026-06-28 09:58:53,bill_payment,107.44,success,,46230.36,agent
4789,1,2026-06-28 09:59:57,p2p_transfer,2993.95,failed,insufficient_funds,1815.14,qr_code
4790,333,2026-06-28 10:58:15,top_up,3482.98,success,,85442.08,web
4791,148,2026-06-28 11:04:43,p2p_transfer,453.52,success,,98697.42,agent
4792,165,2026-06-28 12:17:47,top_up,3418.0,success,,25615.46,agent
4793,114,2026-06-28 12:22:22,p2p_transfer,725.2,success,,110165.86,agent
4794,272,2026-06-28 12:31:41,merchant_payment,466.93,success,,110603.89,agent
4795,72,2026-06-28 12:41:32,merchant_payment,987.1,success,,46022.34,mobile_app
4796,303,2026-06-28 12:44:52,withdrawal,1230.54,success,,104267.7,agent
4797,29,2026-06-28 12:53:06,merchant_payment,658.33,success,,68868.26,mobile_app
4798,272,2026-06-28 13:16:24,merchant_payment,799.8,success,,109804.09,qr_code
4799,416,2026-06-28 13:22:45,withdrawal,2058.23,success,,55559.16,mobile_app
4800,268,2026-06-28 13:49:49,p2p_transfer,330.81,success,,89402.87,web
4801,189,2026-06-28 14:01:54,merchant_payment,1094.45,success,,117296.55,mobile_app
4802,486,2026-06-28 14:31:54,merchant_payment,1323.51,success,,37526.14,mobile_app
4803,147,2026-06-28 15:01:47,merchant_payment,2144.96,success,,28477.62,web
4804,189,2026-06-28 15:15:12,merchant_payment,3439.37,success,,113857.18,web
4805,118,2026-06-28 16:11:40,withdrawal,1155.43,failed,network_error,122319.67,qr_code
4806,430,2026-06-28 17:41:40,merchant_payment,5079.85,failed,insufficient_funds,4414.19,web
4807,292,2026-06-28 17:54:27,merchant_payment,505.64,success,,48551.82,qr_code
4808,208,2026-06-28 17:56:41,merchant_payment,374.34,success,,128731.32,agent
4809,434,2026-06-28 18:41:55,bill_payment,2663.58,success,,3290.05,web
4810,87,2026-06-28 18:59:29,p2p_transfer,2232.68,success,,163292.56,web
4811,492,2026-06-28 19:26:37,bill_payment,4197.22,success,,118556.15,mobile_app
4812,72,2026-06-28 19:45:08,top_up,7348.62,success,,53370.96,web
4813,319,2026-06-28 20:02:38,top_up,3252.77,success,,111058.53,agent
4814,202,2026-06-28 20:47:38,merchant_payment,1008.82,success,,36951.6,web
4815,498,2026-06-28 20:57:44,withdrawal,360.37,success,,48852.83,qr_code
4816,156,2026-06-28 20:59:30,merchant_payment,221.47,success,,255920.53,web
4817,30,2026-06-28 21:11:31,top_up,475.28,success,,124804.42,qr_code
4818,242,2026-06-28 21:42:34,p2p_transfer,2946.61,failed,insufficient_funds,392.32,qr_code
4819,390,2026-06-28 22:03:38,top_up,6734.19,success,,25421.51,qr_code
4820,292,2026-06-28 22:04:29,withdrawal,544.18,success,,48007.64,qr_code
4821,175,2026-06-28 22:58:13,merchant_payment,835.11,success,,43642.05,web
4822,166,2026-06-28 23:09:58,bill_payment,593.6,failed,network_error,55880.52,agent
4823,201,2026-06-28 23:16:22,merchant_payment,4235.82,failed,insufficient_funds,1454.43,web
4824,349,2026-06-28 23:41:57,merchant_payment,12184.0,success,,29359.07,qr_code
4825,50,2026-06-28 23:43:31,p2p_transfer,789.43,failed,network_error,71345.27,agent
4826,30,2026-06-28 23:44:31,top_up,2078.08,success,,126882.5,web
4827,411,2026-06-28 23:59:32,bill_payment,815.03,success,,182068.95,qr_code
4828,411,2026-06-29 00:38:25,withdrawal,447.69,success,,181621.26,web
4829,263,2026-06-29 01:08:44,withdrawal,610.16,success,,51054.24,agent
4830,262,2026-06-29 02:01:31,merchant_payment,4163.61,success,,59202.58,agent
4831,433,2026-06-29 03:45:52,p2p_transfer,488.35,success,,98768.79,qr_code
4832,3,2026-06-29 03:52:44,bill_payment,3588.86,success,,12875.64,agent
4833,102,2026-06-29 04:02:42,withdrawal,2416.85,success,,112129.55,web
4834,262,2026-06-29 04:14:34,top_up,5176.35,success,,64378.93,web
4835,299,2026-06-29 04:47:23,top_up,8428.56,success,,11940.79,web
4836,315,2026-06-29 07:33:05,merchant_payment,2315.32,failed,suspected_fraud,21980.0,mobile_app
4837,198,2026-06-29 07:38:42,bill_payment,827.38,success,,39682.24,mobile_app
4838,146,2026-06-29 07:39:47,bill_payment,1247.68,success,,86996.82,agent
4839,196,2026-06-29 07:47:37,bill_payment,1674.82,success,,41977.61,qr_code
4840,272,2026-06-29 07:48:56,top_up,1288.64,success,,111092.73,mobile_app
4841,368,2026-06-29 07:53:46,merchant_payment,999.96,success,,155952.79,agent
4842,499,2026-06-29 08:04:29,top_up,3724.14,success,,80027.93,web
4843,93,2026-06-29 08:31:37,merchant_payment,1395.67,success,,29678.11,qr_code
4844,266,2026-06-29 09:19:29,merchant_payment,724.56,success,,63777.11,web
4845,309,2026-06-29 10:09:13,p2p_transfer,483.92,success,,48943.01,agent
4846,392,2026-06-29 12:36:56,top_up,1280.27,success,,74372.5,web
4847,189,2026-06-29 13:26:33,merchant_payment,5946.52,success,,107910.66,agent
4848,175,2026-06-29 13:48:33,p2p_transfer,2983.18,success,,40658.87,mobile_app
4849,485,2026-06-29 14:25:03,bill_payment,4033.72,success,,69428.06,web
4850,192,2026-06-29 14:29:53,merchant_payment,4172.63,success,,64295.43,web
4851,43,2026-06-29 14:30:07,bill_payment,5252.96,success,,30682.44,agent
4852,127,2026-06-29 14:46:19,top_up,483.12,success,,41179.97,mobile_app
4853,13,2026-06-29 14:56:18,top_up,908.8,success,,69735.72,web
4854,331,2026-06-29 15:30:02,merchant_payment,4366.0,success,,104464.06,qr_code
4855,150,2026-06-29 15:45:02,merchant_payment,601.4,success,,67490.06,mobile_app
4856,365,2026-06-29 15:49:04,merchant_payment,16651.51,success,,242329.3,web
4857,294,2026-06-29 15:54:15,merchant_payment,5476.02,success,,77727.01,agent
4858,378,2026-06-29 16:05:07,bill_payment,1029.27,success,,12856.07,agent
4859,262,2026-06-29 16:06:57,p2p_transfer,17164.66,success,,47214.27,agent
4860,337,2026-06-29 16:31:56,withdrawal,5785.4,success,,61292.07,web
4861,118,2026-06-29 16:42:40,withdrawal,2299.47,success,,120020.2,qr_code
4862,230,2026-06-29 16:53:12,top_up,633.06,success,,24813.68,web
4863,451,2026-06-29 17:48:56,merchant_payment,1708.69,success,,37746.44,qr_code
4864,139,2026-06-29 18:21:31,p2p_transfer,9698.54,failed,insufficient_funds,5573.07,mobile_app
4865,329,2026-06-29 18:57:00,merchant_payment,941.4,success,,15566.98,agent
4866,120,2026-06-29 18:59:28,bill_payment,1039.69,success,,226505.4,mobile_app
4867,87,2026-06-29 19:07:22,merchant_payment,2784.77,success,,160507.79,web
4868,173,2026-06-29 19:41:57,top_up,306.5,success,,84178.39,qr_code
4869,173,2026-06-29 20:18:53,merchant_payment,444.9,success,,83733.49,mobile_app
4870,123,2026-06-29 20:54:57,withdrawal,3417.74,success,,751.5,mobile_app
4871,78,2026-06-29 20:56:54,top_up,1029.2,success,,63188.02,agent
4872,491,2026-06-29 21:18:07,top_up,6025.63,success,,113324.48,agent
4873,440,2026-06-29 21:24:41,top_up,2968.7,success,,204034.91,agent
4874,459,2026-06-29 22:00:24,p2p_transfer,2761.86,success,,3656.97,web
4875,264,2026-06-29 22:11:09,top_up,1796.58,success,,49073.2,web
4876,399,2026-06-29 22:56:05,merchant_payment,1413.16,success,,40149.61,agent
4877,198,2026-06-29 23:03:00,merchant_payment,272.92,success,,39409.32,agent
4878,105,2026-06-29 23:04:18,top_up,13935.71,failed,suspected_fraud,727.63,web
4879,453,2026-06-29 23:19:16,top_up,1145.07,success,,102414.94,agent
4880,111,2026-06-29 23:29:57,top_up,3156.77,success,,55745.71,mobile_app
4881,494,2026-06-29 23:49:14,top_up,3184.98,success,,39030.31,web
4882,42,2026-06-30 00:13:25,p2p_transfer,1224.48,failed,insufficient_funds,752.77,web
4883,390,2026-06-30 00:22:07,p2p_transfer,893.63,success,,24527.88,agent
4884,450,2026-06-30 00:29:00,p2p_transfer,3010.75,success,,127456.94,mobile_app
4885,448,2026-06-30 00:37:31,bill_payment,2511.68,success,,59398.33,agent
4886,73,2026-06-30 01:10:52,merchant_payment,447.95,failed,insufficient_funds,212.89,mobile_app
4887,371,2026-06-30 01:31:33,top_up,397.97,success,,7828.11,agent
4888,56,2026-06-30 02:24:55,bill_payment,348.54,success,,16443.31,mobile_app
4889,105,2026-06-30 03:20:30,bill_payment,9369.43,failed,insufficient_funds,727.63,mobile_app
4890,383,2026-06-30 03:22:09,merchant_payment,2081.14,success,,227.92,agent
4891,298,2026-06-30 03:36:37,p2p_transfer,1351.91,success,,9704.8,qr_code
4892,5,2026-06-30 03:36:54,merchant_payment,552.92,success,,49024.68,qr_code
4893,345,2026-06-30 03:53:48,withdrawal,1227.82,success,,3684.57,qr_code
4894,213,2026-06-30 04:21:43,withdrawal,6965.56,failed,insufficient_funds,3943.96,agent
4895,328,2026-06-30 04:36:48,merchant_payment,1777.44,success,,70931.02,web
4896,180,2026-06-30 04:37:52,merchant_payment,832.75,success,,159636.99,agent
4897,7,2026-06-30 05:12:42,bill_payment,2198.67,failed,insufficient_funds,1461.87,mobile_app
4898,241,2026-06-30 05:49:40,bill_payment,3993.76,success,,18852.16,agent
4899,358,2026-06-30 07:11:44,p2p_transfer,1047.83,failed,insufficient_funds,50.78,mobile_app
4900,417,2026-06-30 07:43:50,bill_payment,537.67,success,,19105.99,qr_code
4901,272,2026-06-30 08:00:50,p2p_transfer,1589.3,success,,109503.43,qr_code
4902,70,2026-06-30 08:38:25,merchant_payment,627.2,success,,67797.2,web
4903,311,2026-06-30 08:41:30,merchant_payment,1216.02,success,,84829.12,agent
4904,279,2026-06-30 08:42:13,p2p_transfer,2799.48,success,,7327.55,agent
4905,273,2026-06-30 08:42:44,bill_payment,1120.81,success,,47115.79,agent
4906,399,2026-06-30 08:47:46,bill_payment,942.11,success,,39207.5,mobile_app
4907,305,2026-06-30 09:00:08,withdrawal,2573.21,success,,541.98,qr_code
4908,460,2026-06-30 10:28:56,merchant_payment,297.19,success,,240947.22,web
4909,176,2026-06-30 10:46:52,bill_payment,1894.39,success,,23502.41,mobile_app
4910,205,2026-06-30 11:26:36,p2p_transfer,2378.44,failed,limit_exceeded,93899.13,mobile_app
4911,156,2026-06-30 11:29:34,withdrawal,1336.62,success,,254583.91,web
4912,211,2026-06-30 11:40:20,p2p_transfer,11631.14,success,,164428.52,qr_code
4913,85,2026-06-30 11:52:15,merchant_payment,628.27,success,,110894.36,mobile_app
4914,156,2026-06-30 12:13:56,p2p_transfer,2206.84,success,,252377.07,mobile_app
4915,135,2026-06-30 12:38:22,p2p_transfer,1658.09,success,,94888.01,agent
4916,94,2026-06-30 12:52:46,bill_payment,4592.32,success,,85165.49,mobile_app
4917,487,2026-06-30 13:48:24,merchant_payment,3469.49,success,,21567.23,agent
4918,180,2026-06-30 13:53:52,withdrawal,769.45,success,,158867.54,mobile_app
4919,389,2026-06-30 14:07:54,merchant_payment,814.12,success,,1672.19,mobile_app
4920,208,2026-06-30 15:22:16,bill_payment,1935.58,success,,126795.74,agent
4921,493,2026-06-30 15:26:00,p2p_transfer,6146.08,success,,174311.88,mobile_app
4922,219,2026-06-30 15:45:08,top_up,494.54,success,,15819.67,web
4923,466,2026-06-30 16:06:48,bill_payment,8872.11,success,,195582.59,agent
4924,87,2026-06-30 17:06:21,top_up,5432.86,success,,165940.65,agent
4925,303,2026-06-30 17:31:03,p2p_transfer,710.28,success,,103557.42,agent
4926,475,2026-06-30 17:59:17,withdrawal,2108.73,success,,21088.61,qr_code
4927,454,2026-06-30 18:02:25,withdrawal,552.74,success,,45636.46,qr_code
4928,112,2026-06-30 18:20:38,top_up,1401.84,success,,85140.09,mobile_app
4929,344,2026-06-30 18:20:55,withdrawal,529.94,success,,90991.61,mobile_app
4930,122,2026-06-30 18:50:57,p2p_transfer,314.53,success,,122100.75,mobile_app
4931,171,2026-06-30 19:19:00,merchant_payment,855.31,success,,17449.08,agent
4932,121,2026-06-30 19:58:41,top_up,1060.51,success,,18718.94,agent
4933,291,2026-06-30 20:18:51,p2p_transfer,9176.07,failed,insufficient_funds,2237.32,qr_code
4934,368,2026-06-30 20:37:40,top_up,9838.75,success,,165791.54,mobile_app
4935,312,2026-06-30 21:12:00,merchant_payment,5069.45,success,,83339.53,mobile_app
4936,135,2026-06-30 21:18:10,bill_payment,9715.97,success,,85172.04,web
4937,156,2026-06-30 21:30:25,top_up,3203.2,failed,network_error,252377.07,mobile_app
4938,108,2026-06-30 21:50:54,p2p_transfer,1042.0,success,,80192.39,qr_code
4939,94,2026-06-30 22:00:31,p2p_transfer,889.77,success,,84275.72,web
4940,59,2026-06-30 22:35:57,p2p_transfer,679.23,success,,104173.79,qr_code
4941,479,2026-06-30 22:37:30,top_up,11831.04,success,,270830.24,web
4942,434,2026-06-30 22:46:59,top_up,4957.68,success,,8247.73,mobile_app
4943,187,2026-06-30 22:57:14,merchant_payment,1733.55,success,,27365.69,qr_code
4944,333,2026-06-30 23:00:01,withdrawal,1174.41,success,,84267.67,qr_code
4945,459,2026-06-30 23:00:20,p2p_transfer,3879.45,failed,insufficient_funds,3656.97,web
4946,314,2026-06-30 23:01:44,top_up,1541.52,success,,80539.58,mobile_app
4947,452,2026-07-01 00:40:17,merchant_payment,8947.53,failed,insufficient_funds,8525.23,mobile_app
4948,446,2026-07-01 04:14:25,bill_payment,831.93,success,,165954.11,web
4949,485,2026-07-01 04:16:06,top_up,1733.09,success,,71161.15,mobile_app
4950,281,2026-07-01 04:34:17,merchant_payment,3199.89,success,,45794.23,agent
4951,305,2026-07-01 05:19:19,merchant_payment,2734.73,failed,insufficient_funds,541.98,mobile_app
4952,467,2026-07-01 07:56:04,merchant_payment,667.3,success,,274686.36,agent
4953,158,2026-07-01 08:16:37,p2p_transfer,2668.85,success,,98491.26,agent
4954,86,2026-07-01 08:53:26,withdrawal,1270.64,failed,insufficient_funds,548.01,qr_code
4955,274,2026-07-01 09:50:28,merchant_payment,876.66,success,,80054.1,qr_code
4956,333,2026-07-01 10:04:50,merchant_payment,1178.66,success,,83089.01,mobile_app
4957,83,2026-07-01 10:05:56,merchant_payment,7434.53,failed,insufficient_funds,1583.63,web
4958,281,2026-07-01 10:12:30,merchant_payment,992.73,success,,44801.5,agent
4959,13,2026-07-01 10:38:18,merchant_payment,5985.27,success,,63750.45,mobile_app
4960,153,2026-07-01 10:41:43,bill_payment,1858.53,success,,34321.61,agent
4961,433,2026-07-01 10:42:25,p2p_transfer,137.66,success,,98631.13,mobile_app
4962,57,2026-07-01 11:47:25,bill_payment,4335.74,success,,54433.02,agent
4963,316,2026-07-01 12:25:44,bill_payment,1293.71,success,,69767.37,web
4964,157,2026-07-01 12:28:00,merchant_payment,454.36,success,,95100.6,agent
4965,380,2026-07-01 12:35:31,bill_payment,4208.26,failed,insufficient_funds,2833.44,mobile_app
4966,135,2026-07-01 12:48:03,merchant_payment,2697.3,success,,82474.74,mobile_app
4967,156,2026-07-01 12:50:03,merchant_payment,1397.69,success,,250979.38,qr_code
4968,193,2026-07-01 12:59:50,merchant_payment,920.75,success,,9116.88,mobile_app
4969,45,2026-07-01 13:10:39,bill_payment,1095.53,failed,limit_exceeded,7960.5,qr_code
4970,281,2026-07-01 13:18:20,p2p_transfer,982.12,success,,43819.38,web
4971,407,2026-07-01 14:07:13,p2p_transfer,948.13,success,,72298.19,qr_code
4972,258,2026-07-01 14:10:19,p2p_transfer,786.69,success,,35112.46,qr_code
4973,318,2026-07-01 14:17:21,p2p_transfer,3693.13,success,,42292.04,web
4974,271,2026-07-01 14:31:57,p2p_transfer,205.29,success,,75077.89,mobile_app
4975,162,2026-07-01 14:47:23,merchant_payment,1131.27,success,,12646.0,qr_code
4976,329,2026-07-01 15:04:48,top_up,7176.06,success,,22743.04,mobile_app
4977,272,2026-07-01 15:07:23,top_up,3910.13,success,,113413.56,mobile_app
4978,80,2026-07-01 15:09:37,merchant_payment,1794.11,success,,5944.18,web
4979,469,2026-07-01 15:14:24,p2p_transfer,704.46,success,,25952.62,mobile_app
4980,309,2026-07-01 15:54:14,merchant_payment,252.51,success,,48690.5,agent
4981,262,2026-07-01 16:05:40,top_up,11884.05,success,,59098.32,agent
4982,208,2026-07-01 16:24:02,merchant_payment,1678.67,success,,125117.07,mobile_app
4983,365,2026-07-01 16:34:12,p2p_transfer,356.89,success,,241972.41,web
4984,111,2026-07-01 16:54:05,withdrawal,132.0,success,,55613.71,agent
4985,189,2026-07-01 17:46:39,p2p_transfer,1088.42,success,,106822.24,mobile_app
4986,135,2026-07-01 17:54:53,bill_payment,1358.83,success,,81115.91,agent
4987,495,2026-07-01 17:56:39,top_up,5561.95,success,,25503.25,mobile_app
4988,211,2026-07-01 18:01:31,merchant_payment,7708.52,success,,156720.0,agent
4989,498,2026-07-01 18:54:15,bill_payment,1724.31,success,,47128.52,web
4990,440,2026-07-01 19:22:41,top_up,4235.22,success,,208270.13,web
4991,156,2026-07-01 19:32:19,merchant_payment,7242.45,success,,243736.93,qr_code
4992,59,2026-07-01 20:39:37,top_up,4855.57,success,,109029.36,mobile_app
4993,70,2026-07-01 20:48:26,p2p_transfer,3557.98,success,,64239.22,qr_code
4994,323,2026-07-01 20:48:55,merchant_payment,737.63,success,,17613.5,agent
4995,10,2026-07-01 20:53:41,top_up,2428.62,success,,44982.22,qr_code
4996,407,2026-07-01 21:19:21,top_up,1536.8,success,,73834.99,agent
4997,403,2026-07-01 22:13:22,merchant_payment,4559.95,failed,insufficient_funds,482.59,agent
4998,412,2026-07-01 22:45:55,merchant_payment,460.14,success,,133171.78,web
4999,103,2026-07-01 23:52:17,merchant_payment,842.94,success,,21173.89,mobile_app
5000,118,2026-07-02 01:04:59,top_up,2182.42,failed,network_error,120020.2,qr_code
5001,403,2026-07-02 02:27:24,top_up,23245.95,success,,23728.54,qr_code
5002,136,2026-07-02 03:20:07,withdrawal,535.85,success,,119181.58,agent
5003,166,2026-07-02 03:36:58,top_up,2660.43,success,,58540.95,qr_code
5004,422,2026-07-02 07:42:05,merchant_payment,1549.24,success,,36639.01,agent
5005,414,2026-07-02 07:46:01,p2p_transfer,1614.49,success,,2269.71,web
5006,76,2026-07-02 07:49:12,merchant_payment,1107.36,success,,85269.86,web
5007,116,2026-07-02 08:00:09,top_up,12012.42,success,,28132.12,qr_code
5008,310,2026-07-02 08:03:35,withdrawal,1225.04,success,,44075.43,mobile_app
5009,149,2026-07-02 08:11:29,p2p_transfer,10512.09,success,,4120.74,agent
5010,461,2026-07-02 08:19:03,top_up,1616.18,success,,86822.96,web
5011,479,2026-07-02 08:58:40,p2p_transfer,473.61,success,,270356.63,qr_code
5012,206,2026-07-02 09:13:47,p2p_transfer,599.89,success,,87136.22,mobile_app
5013,482,2026-07-02 09:40:41,merchant_payment,365.18,success,,43708.18,agent
5014,451,2026-07-02 10:07:58,bill_payment,1588.74,success,,36157.7,mobile_app
5015,368,2026-07-02 10:15:12,top_up,5438.13,success,,171229.67,qr_code
5016,475,2026-07-02 10:40:58,withdrawal,1189.38,success,,19899.23,agent
5017,493,2026-07-02 11:53:08,top_up,1427.66,success,,175739.54,mobile_app
5018,418,2026-07-02 12:33:24,merchant_payment,68.74,success,,3498.07,qr_code
5019,433,2026-07-02 12:47:25,merchant_payment,851.11,success,,97780.02,qr_code
5020,328,2026-07-02 14:04:19,merchant_payment,1586.92,success,,69344.1,mobile_app
5021,168,2026-07-02 14:07:16,top_up,40183.28,success,,48870.67,qr_code
5022,280,2026-07-02 14:19:56,withdrawal,455.43,success,,9296.8,mobile_app
5023,55,2026-07-02 14:37:07,top_up,419.92,success,,227791.78,mobile_app
5024,23,2026-07-02 14:44:23,top_up,1603.92,success,,20844.72,qr_code
5025,12,2026-07-02 14:52:07,merchant_payment,1312.72,success,,5104.74,agent
5026,281,2026-07-02 15:02:16,merchant_payment,690.76,success,,43128.62,web
5027,284,2026-07-02 15:06:16,bill_payment,3113.35,success,,115850.73,web
5028,201,2026-07-02 15:27:21,top_up,1514.21,success,,2968.64,qr_code
5029,58,2026-07-02 15:45:24,top_up,2821.36,success,,62594.04,agent
5030,378,2026-07-02 16:08:40,merchant_payment,3233.82,success,,9622.25,web
5031,407,2026-07-02 16:49:10,merchant_payment,654.66,success,,73180.33,agent
5032,20,2026-07-02 17:21:16,bill_payment,7163.89,success,,89417.37,mobile_app
5033,211,2026-07-02 17:41:58,p2p_transfer,3601.76,success,,153118.24,mobile_app
5034,78,2026-07-02 17:58:14,p2p_transfer,771.16,success,,62416.86,mobile_app
5035,478,2026-07-02 18:10:47,merchant_payment,545.81,success,,214258.28,mobile_app
5036,83,2026-07-02 18:10:57,merchant_payment,1274.22,success,,309.41,qr_code
5037,50,2026-07-02 18:13:07,p2p_transfer,2715.37,success,,68629.9,web
5038,200,2026-07-02 18:24:41,top_up,1094.03,success,,52206.85,agent
5039,262,2026-07-02 18:47:30,p2p_transfer,2608.04,success,,56490.28,web
5040,291,2026-07-02 18:53:38,withdrawal,777.62,success,,1459.7,mobile_app
5041,478,2026-07-02 19:14:30,merchant_payment,972.96,success,,213285.32,agent
5042,482,2026-07-02 19:17:56,merchant_payment,1505.41,success,,42202.77,agent
5043,150,2026-07-02 19:32:09,bill_payment,3361.13,success,,64128.93,agent
5044,489,2026-07-02 19:55:24,bill_payment,3168.34,success,,79334.19,web
5045,478,2026-07-02 20:13:37,withdrawal,3715.05,success,,209570.27,mobile_app
5046,50,2026-07-02 20:15:01,top_up,391.14,success,,69021.04,agent
5047,135,2026-07-02 20:23:06,merchant_payment,14768.3,success,,66347.61,web
5048,33,2026-07-02 20:40:55,withdrawal,1285.74,success,,92290.66,mobile_app
5049,81,2026-07-02 21:00:32,merchant_payment,252.03,success,,69243.09,mobile_app
5050,175,2026-07-02 21:21:58,top_up,2320.78,success,,42979.65,mobile_app
5051,200,2026-07-02 21:50:33,merchant_payment,486.4,success,,51720.45,web
5052,331,2026-07-02 22:17:15,p2p_transfer,4165.93,success,,100298.13,qr_code
5053,395,2026-07-02 22:28:15,top_up,3149.06,success,,54166.06,mobile_app
5054,80,2026-07-02 22:32:07,bill_payment,5787.07,success,,157.11,mobile_app
5055,355,2026-07-02 22:36:48,merchant_payment,525.84,success,,43920.21,web
5056,333,2026-07-02 23:15:56,merchant_payment,6976.01,success,,76113.0,mobile_app
5057,145,2026-07-02 23:41:10,top_up,6598.88,success,,107528.73,web
5058,139,2026-07-03 00:08:58,merchant_payment,9587.27,failed,insufficient_funds,5573.07,web
5059,262,2026-07-03 00:40:51,bill_payment,623.54,success,,55866.74,mobile_app
5060,167,2026-07-03 00:48:05,p2p_transfer,2212.9,success,,35074.22,web
5061,459,2026-07-03 01:35:16,top_up,2888.74,success,,6545.71,web
5062,241,2026-07-03 01:39:44,merchant_payment,1435.3,success,,17416.86,qr_code
5063,383,2026-07-03 01:48:41,merchant_payment,277.88,failed,insufficient_funds,227.92,qr_code
5064,466,2026-07-03 02:04:22,top_up,2156.24,success,,197738.83,web
5065,80,2026-07-03 02:53:45,withdrawal,1822.96,failed,insufficient_funds,157.11,agent
5066,102,2026-07-03 03:13:10,withdrawal,6160.1,success,,105969.45,mobile_app
5067,143,2026-07-03 04:24:43,bill_payment,447.88,success,,45739.96,mobile_app
5068,433,2026-07-03 05:43:51,top_up,4818.14,success,,102598.16,agent
5069,371,2026-07-03 07:02:20,merchant_payment,3466.89,success,,4361.22,qr_code
5070,249,2026-07-03 07:44:39,p2p_transfer,1575.14,success,,108647.74,qr_code
5071,29,2026-07-03 07:45:47,merchant_payment,428.58,success,,68439.68,web
5072,20,2026-07-03 09:17:41,merchant_payment,2372.66,success,,87044.71,agent
5073,472,2026-07-03 10:49:25,top_up,2978.83,success,,81485.66,mobile_app
5074,351,2026-07-03 11:01:38,p2p_transfer,860.12,success,,177595.06,qr_code
5075,267,2026-07-03 11:28:35,bill_payment,691.96,success,,78328.66,web
5076,28,2026-07-03 12:00:50,withdrawal,1129.94,success,,101456.07,web
5077,271,2026-07-03 12:24:27,top_up,2131.04,success,,77208.93,qr_code
5078,453,2026-07-03 12:33:48,top_up,1863.94,success,,104278.88,mobile_app
5079,478,2026-07-03 12:40:21,top_up,1976.94,success,,211547.21,qr_code
5080,411,2026-07-03 13:28:04,merchant_payment,557.69,success,,181063.57,web
5081,75,2026-07-03 14:30:19,top_up,4535.14,success,,22094.22,qr_code
5082,371,2026-07-03 14:44:14,withdrawal,1453.54,success,,2907.68,mobile_app
5083,218,2026-07-03 15:15:14,top_up,2201.57,success,,63778.48,mobile_app
5084,67,2026-07-03 15:24:01,top_up,2257.95,success,,105993.27,web
5085,402,2026-07-03 15:49:59,top_up,4040.24,success,,25521.79,web
5086,434,2026-07-03 15:50:30,p2p_transfer,6127.29,success,,2120.44,agent
5087,266,2026-07-03 15:50:37,merchant_payment,3510.98,success,,60266.13,mobile_app
5088,394,2026-07-03 15:59:29,merchant_payment,795.81,success,,152957.77,web
5089,112,2026-07-03 16:05:04,p2p_transfer,3818.75,success,,81321.34,web
5090,55,2026-07-03 16:06:28,merchant_payment,1448.19,success,,226343.59,qr_code
5091,487,2026-07-03 17:20:07,merchant_payment,1269.38,success,,20297.85,agent
5092,146,2026-07-03 18:39:24,merchant_payment,360.83,success,,86635.99,agent
5093,454,2026-07-03 19:08:02,merchant_payment,1498.58,success,,44137.88,qr_code
5094,414,2026-07-03 19:20:24,p2p_transfer,9065.12,failed,insufficient_funds,2269.71,qr_code
5095,326,2026-07-03 19:42:55,withdrawal,716.24,success,,155067.8,agent
5096,433,2026-07-03 20:08:32,p2p_transfer,1777.37,success,,100820.79,qr_code
5097,10,2026-07-03 20:36:51,withdrawal,3656.92,success,,41325.3,web
5098,425,2026-07-03 21:44:05,merchant_payment,459.53,failed,card_declined,175481.5,web
5099,398,2026-07-03 21:56:38,top_up,3806.59,success,,38825.32,qr_code
5100,474,2026-07-03 22:14:22,top_up,1079.94,success,,17296.06,agent
5101,103,2026-07-03 22:46:01,withdrawal,362.16,success,,20811.73,web
5102,107,2026-07-04 00:15:11,top_up,3385.47,success,,120153.0,web
5103,331,2026-07-04 01:00:41,top_up,3507.63,success,,103805.76,agent
5104,367,2026-07-04 02:05:47,withdrawal,1646.11,success,,55325.31,agent
5105,305,2026-07-04 02:08:12,merchant_payment,3022.79,failed,insufficient_funds,541.98,web
5106,300,2026-07-04 02:23:34,merchant_payment,1227.05,success,,145675.21,qr_code
5107,428,2026-07-04 02:49:10,p2p_transfer,2568.3,success,,66999.97,qr_code
5108,291,2026-07-04 03:20:15,top_up,16147.57,success,,17607.27,web
5109,189,2026-07-04 04:40:01,p2p_transfer,3501.8,success,,103320.44,mobile_app
5110,459,2026-07-04 05:42:01,p2p_transfer,4715.81,failed,network_error,6545.71,agent
5111,23,2026-07-04 05:54:44,merchant_payment,1288.89,success,,19555.83,agent
5112,380,2026-07-04 07:14:27,bill_payment,3663.5,failed,insufficient_funds,2833.44,web
5113,28,2026-07-04 07:21:07,merchant_payment,5163.75,success,,96292.32,mobile_app
5114,221,2026-07-04 07:42:20,p2p_transfer,721.75,success,,80145.91,web
5115,453,2026-07-04 08:17:21,bill_payment,1019.69,success,,103259.19,agent
5116,51,2026-07-04 08:31:17,p2p_transfer,3651.19,success,,63952.72,qr_code
5117,491,2026-07-04 08:46:27,withdrawal,3409.53,success,,109914.95,qr_code
5118,51,2026-07-04 09:08:24,top_up,949.92,success,,64902.64,mobile_app
5119,26,2026-07-04 09:09:19,top_up,810.78,success,,95954.21,mobile_app
5120,8,2026-07-04 09:37:12,top_up,4562.67,success,,5458.24,mobile_app
5121,403,2026-07-04 10:13:25,bill_payment,2176.74,success,,21551.8,qr_code
5122,331,2026-07-04 10:36:25,withdrawal,1729.56,success,,102076.2,agent
5123,367,2026-07-04 10:53:34,top_up,1955.7,success,,57281.01,qr_code
5124,293,2026-07-04 11:26:47,p2p_transfer,2041.51,success,,22593.53,web
5125,258,2026-07-04 12:17:40,p2p_transfer,15732.94,success,,19379.52,mobile_app
5126,320,2026-07-04 12:53:10,merchant_payment,369.3,success,,6621.4,qr_code
5127,312,2026-07-04 13:30:13,withdrawal,343.21,success,,82996.32,agent
5128,115,2026-07-04 14:02:05,p2p_transfer,520.21,success,,89150.12,agent
5129,492,2026-07-04 14:02:33,withdrawal,1333.24,success,,117222.91,mobile_app
5130,28,2026-07-04 14:10:40,merchant_payment,4720.79,success,,91571.53,mobile_app
5131,39,2026-07-04 14:33:52,top_up,3469.89,success,,68375.09,qr_code
5132,201,2026-07-04 14:48:52,merchant_payment,1971.2,success,,997.44,qr_code
5133,76,2026-07-04 14:53:51,merchant_payment,1155.49,success,,84114.37,qr_code
5134,482,2026-07-04 14:58:29,top_up,630.7,success,,42833.47,web
5135,194,2026-07-04 15:13:48,merchant_payment,1372.8,success,,1306.17,qr_code
5136,80,2026-07-04 15:33:55,bill_payment,14006.5,failed,insufficient_funds,157.11,qr_code
5137,148,2026-07-04 15:54:27,merchant_payment,668.97,success,,98028.45,qr_code
5138,112,2026-07-04 16:13:22,merchant_payment,4485.49,success,,76835.85,mobile_app
5139,72,2026-07-04 16:29:56,merchant_payment,1076.66,success,,52294.3,web
5140,135,2026-07-04 16:34:20,merchant_payment,1219.04,success,,65128.57,qr_code
5141,118,2026-07-04 16:47:12,bill_payment,2695.99,success,,117324.21,qr_code
5142,453,2026-07-04 16:51:41,merchant_payment,1731.39,success,,101527.8,qr_code
5143,72,2026-07-04 17:07:05,p2p_transfer,1173.94,success,,51120.36,agent
5144,193,2026-07-04 17:41:11,top_up,4625.23,success,,13742.11,mobile_app
5145,180,2026-07-04 17:43:23,merchant_payment,198.09,success,,158669.45,mobile_app
5146,86,2026-07-04 17:56:21,p2p_transfer,968.45,failed,insufficient_funds,548.01,web
5147,187,2026-07-04 18:19:31,p2p_transfer,2748.64,success,,24617.05,mobile_app
5148,466,2026-07-04 18:39:50,bill_payment,2430.83,success,,195308.0,agent
5149,21,2026-07-04 19:12:06,bill_payment,4418.39,failed,insufficient_funds,2790.35,qr_code
5150,430,2026-07-04 20:10:58,merchant_payment,10159.43,failed,insufficient_funds,4414.19,web
5151,197,2026-07-04 20:23:04,top_up,1702.02,success,,44932.26,mobile_app
5152,112,2026-07-04 20:35:44,top_up,2783.06,success,,79618.91,mobile_app
5153,43,2026-07-04 20:55:09,p2p_transfer,1485.97,success,,29196.47,mobile_app
5154,87,2026-07-04 20:58:59,merchant_payment,2838.91,success,,163101.74,agent
5155,382,2026-07-04 21:22:15,merchant_payment,1069.61,success,,14226.89,qr_code
5156,245,2026-07-04 22:12:13,bill_payment,1052.53,success,,260865.27,web
5157,78,2026-07-04 22:25:54,top_up,1736.75,success,,64153.61,web
5158,493,2026-07-04 22:29:33,withdrawal,959.01,success,,174780.53,qr_code
5159,478,2026-07-04 22:41:25,merchant_payment,1309.12,success,,210238.09,qr_code
5160,230,2026-07-04 22:42:35,withdrawal,1302.04,success,,23511.64,agent
5161,117,2026-07-04 23:19:08,bill_payment,6533.95,failed,insufficient_funds,3159.31,qr_code
5162,77,2026-07-04 23:53:05,merchant_payment,554.46,success,,89159.37,web
5163,99,2026-07-05 02:34:55,top_up,536.56,failed,card_declined,101205.92,web
5164,76,2026-07-05 07:23:17,withdrawal,487.74,success,,83626.63,agent
5165,433,2026-07-05 07:35:17,top_up,1006.08,success,,101826.87,agent
5166,187,2026-07-05 07:37:29,merchant_payment,493.85,success,,24123.2,agent
5167,390,2026-07-05 07:39:35,top_up,988.83,success,,25516.71,agent
5168,438,2026-07-05 07:57:44,bill_payment,2174.53,success,,96680.27,agent
5169,152,2026-07-05 08:01:56,top_up,1273.74,failed,card_declined,24199.22,mobile_app
5170,453,2026-07-05 08:12:04,merchant_payment,3603.48,success,,97924.32,web
5171,355,2026-07-05 08:31:13,top_up,493.92,success,,44414.13,qr_code
5172,283,2026-07-05 09:05:50,merchant_payment,8646.0,success,,88519.65,web
5173,66,2026-07-05 09:30:30,top_up,2663.78,success,,13566.21,mobile_app
5174,454,2026-07-05 10:13:49,merchant_payment,517.27,success,,43620.61,mobile_app
5175,15,2026-07-05 10:17:12,top_up,1035.63,success,,85170.17,agent
5176,129,2026-07-05 10:41:44,bill_payment,3472.91,success,,19123.0,agent
5177,10,2026-07-05 10:56:51,p2p_transfer,2827.59,success,,38497.71,qr_code
5178,433,2026-07-05 11:01:54,merchant_payment,1757.08,success,,100069.79,qr_code
5179,179,2026-07-05 11:32:21,p2p_transfer,200.89,success,,151.64,agent
5180,459,2026-07-05 12:03:06,merchant_payment,632.36,success,,5913.35,web
5181,287,2026-07-05 12:06:54,bill_payment,1236.75,success,,113897.54,qr_code
5182,13,2026-07-05 12:20:25,top_up,836.99,success,,64587.44,agent
5183,478,2026-07-05 12:41:54,withdrawal,566.17,success,,209671.92,mobile_app
5184,336,2026-07-05 12:46:12,merchant_payment,673.22,success,,279583.41,mobile_app
5185,189,2026-07-05 13:04:48,merchant_payment,3540.51,success,,99779.93,mobile_app
5186,44,2026-07-05 13:34:12,bill_payment,1045.38,success,,49902.51,mobile_app
5187,439,2026-07-05 13:43:13,p2p_transfer,4115.52,success,,275227.69,mobile_app
5188,87,2026-07-05 13:47:15,merchant_payment,7884.99,success,,155216.75,web
5189,241,2026-07-05 14:19:27,bill_payment,1340.25,success,,16076.61,qr_code
5190,11,2026-07-05 15:07:19,bill_payment,736.4,success,,125239.29,qr_code
5191,283,2026-07-05 15:17:45,withdrawal,770.76,success,,87748.89,mobile_app
5192,462,2026-07-05 16:18:20,bill_payment,1950.46,success,,32089.37,qr_code
5193,363,2026-07-05 16:43:42,merchant_payment,1005.52,success,,92214.74,web
5194,439,2026-07-05 16:46:16,merchant_payment,683.54,success,,274544.15,qr_code
5195,115,2026-07-05 17:25:44,p2p_transfer,1900.2,success,,87249.92,agent
5196,79,2026-07-05 17:31:21,merchant_payment,2366.46,success,,52082.13,web
5197,479,2026-07-05 18:49:49,p2p_transfer,2375.89,success,,267980.74,web
5198,253,2026-07-05 19:16:24,bill_payment,1674.75,success,,62650.85,agent
5199,434,2026-07-05 20:03:39,bill_payment,2339.07,failed,insufficient_funds,2120.44,qr_code
5200,438,2026-07-05 20:32:52,merchant_payment,2348.55,success,,94331.72,mobile_app
5201,392,2026-07-05 22:03:48,p2p_transfer,1296.04,success,,73076.46,web
5202,433,2026-07-05 22:31:13,bill_payment,1133.79,success,,98936.0,web
5203,241,2026-07-05 23:16:49,withdrawal,4142.46,success,,11934.15,agent
5204,493,2026-07-05 23:29:10,p2p_transfer,3554.18,success,,171226.35,mobile_app
5205,307,2026-07-05 23:52:53,p2p_transfer,325.33,success,,18802.65,mobile_app
5206,386,2026-07-05 23:54:28,top_up,4941.26,success,,43244.87,qr_code
5207,343,2026-07-06 00:19:56,top_up,2484.14,success,,59138.51,mobile_app
5208,421,2026-07-06 00:20:58,p2p_transfer,1697.7,success,,220531.93,mobile_app
5209,147,2026-07-06 01:32:05,bill_payment,4819.97,success,,23657.65,agent
5210,298,2026-07-06 02:20:05,merchant_payment,1094.64,success,,8610.16,web
5211,299,2026-07-06 02:59:45,merchant_payment,545.21,success,,11395.58,agent
5212,310,2026-07-06 03:26:09,p2p_transfer,999.72,success,,43075.71,web
5213,367,2026-07-06 04:08:46,merchant_payment,3558.46,success,,53722.55,qr_code
5214,275,2026-07-06 04:23:52,merchant_payment,702.64,success,,154066.95,web
5215,279,2026-07-06 05:07:33,p2p_transfer,2308.05,success,,5019.5,mobile_app
5216,29,2026-07-06 07:05:41,merchant_payment,643.01,success,,67796.67,qr_code
5217,57,2026-07-06 07:11:16,merchant_payment,1561.71,success,,52871.31,qr_code
5218,319,2026-07-06 08:16:07,bill_payment,3679.04,success,,107379.49,mobile_app
5219,161,2026-07-06 08:37:08,merchant_payment,3226.93,success,,93486.3,mobile_app
5220,194,2026-07-06 08:40:57,merchant_payment,1801.4,failed,insufficient_funds,1306.17,web
5221,10,2026-07-06 09:06:08,top_up,2644.98,success,,41142.69,qr_code
5222,257,2026-07-06 10:34:25,top_up,2575.47,success,,2738.68,qr_code
5223,82,2026-07-06 10:42:14,top_up,2869.81,success,,103813.35,qr_code
5224,333,2026-07-06 10:43:16,top_up,2748.74,success,,78861.74,mobile_app
5225,266,2026-07-06 10:53:52,withdrawal,5763.27,success,,54502.86,mobile_app
5226,380,2026-07-06 12:18:22,bill_payment,2143.91,success,,689.53,mobile_app
5227,79,2026-07-06 12:44:40,merchant_payment,363.69,success,,51718.44,agent
5228,189,2026-07-06 13:25:29,p2p_transfer,2484.61,success,,97295.32,qr_code
5229,167,2026-07-06 13:38:09,merchant_payment,3080.31,success,,31993.91,mobile_app
5230,327,2026-07-06 13:43:27,merchant_payment,799.18,success,,9700.88,qr_code
5231,319,2026-07-06 13:46:55,p2p_transfer,1736.81,success,,105642.68,mobile_app
5232,188,2026-07-06 14:08:56,merchant_payment,1328.24,success,,14003.42,agent
5233,282,2026-07-06 14:10:40,top_up,2787.68,success,,123964.66,qr_code
5234,237,2026-07-06 15:06:10,merchant_payment,1151.58,success,,59210.21,mobile_app
5235,254,2026-07-06 15:07:14,merchant_payment,678.23,success,,69158.21,agent
5236,187,2026-07-06 15:20:27,top_up,2097.89,success,,26221.09,web
5237,269,2026-07-06 15:36:44,top_up,3509.22,success,,41405.49,agent
5238,333,2026-07-06 15:40:08,p2p_transfer,1045.01,success,,77816.73,agent
5239,64,2026-07-06 15:56:51,merchant_payment,4526.97,success,,19482.58,qr_code
5240,281,2026-07-06 16:22:07,top_up,1084.91,success,,44213.53,qr_code
5241,428,2026-07-06 16:30:42,top_up,1130.22,success,,68130.19,web
5242,450,2026-07-06 16:59:26,withdrawal,5695.51,success,,121761.43,mobile_app
5243,411,2026-07-06 17:15:07,merchant_payment,12333.91,success,,168729.66,agent
5244,478,2026-07-06 17:17:24,merchant_payment,1991.94,success,,207679.98,agent
5245,282,2026-07-06 17:27:46,withdrawal,305.35,failed,card_declined,123964.66,qr_code
5246,193,2026-07-06 18:02:08,merchant_payment,368.07,success,,13374.04,qr_code
5247,433,2026-07-06 18:19:20,merchant_payment,341.87,success,,98594.13,web
5248,334,2026-07-06 18:44:36,merchant_payment,2034.98,success,,1850.71,agent
5249,431,2026-07-06 19:05:04,merchant_payment,419.94,success,,25013.08,web
5250,120,2026-07-06 19:11:23,top_up,686.7,success,,227192.1,web
5251,201,2026-07-06 19:25:45,merchant_payment,1525.62,failed,insufficient_funds,997.44,mobile_app
5252,178,2026-07-06 20:43:50,top_up,1199.39,success,,6130.31,web
5253,30,2026-07-06 20:46:25,merchant_payment,3623.63,success,,123258.87,mobile_app
5254,358,2026-07-06 21:11:39,p2p_transfer,830.59,failed,insufficient_funds,50.78,qr_code
5255,180,2026-07-06 21:44:34,merchant_payment,10835.44,success,,147834.01,mobile_app
5256,295,2026-07-06 21:51:03,top_up,5703.06,success,,8299.46,agent
5257,167,2026-07-06 22:03:38,merchant_payment,5044.98,success,,26948.93,qr_code
5258,326,2026-07-06 22:24:25,merchant_payment,1909.66,success,,153158.14,qr_code
5259,42,2026-07-06 22:55:42,merchant_payment,636.17,success,,116.6,agent
5260,164,2026-07-06 23:03:58,merchant_payment,1038.57,success,,65158.06,mobile_app
5261,105,2026-07-07 02:10:23,bill_payment,4579.7,failed,insufficient_funds,727.63,mobile_app
5262,349,2026-07-07 03:36:17,top_up,906.43,success,,30265.5,agent
5263,201,2026-07-07 04:24:49,p2p_transfer,4104.01,failed,insufficient_funds,997.44,agent
5264,439,2026-07-07 04:43:05,top_up,292.59,success,,274836.74,agent
5265,352,2026-07-07 05:56:55,p2p_transfer,872.19,success,,43350.31,agent
5266,333,2026-07-07 07:02:11,p2p_transfer,604.8,success,,77211.93,mobile_app
5267,99,2026-07-07 07:57:02,p2p_transfer,1609.67,success,,99596.25,web
5268,281,2026-07-07 08:04:59,bill_payment,2597.59,success,,41615.94,qr_code
5269,237,2026-07-07 08:06:45,merchant_payment,518.98,success,,58691.23,mobile_app
5270,426,2026-07-07 08:27:53,merchant_payment,1830.86,success,,1324.54,agent
5271,141,2026-07-07 08:59:24,top_up,6570.77,success,,18890.71,web
5272,434,2026-07-07 09:03:37,merchant_payment,8503.91,failed,insufficient_funds,2120.44,web
5273,238,2026-07-07 09:28:32,top_up,400.35,success,,12728.54,web
5274,43,2026-07-07 09:45:25,merchant_payment,346.02,success,,28850.45,web
5275,440,2026-07-07 10:05:59,merchant_payment,2276.74,success,,205993.39,agent
5276,30,2026-07-07 10:44:05,withdrawal,1120.65,success,,122138.22,mobile_app
5277,174,2026-07-07 11:10:45,top_up,1816.69,success,,27071.35,agent
5278,469,2026-07-07 11:50:10,merchant_payment,299.37,success,,25653.25,web
5279,301,2026-07-07 12:12:55,merchant_payment,675.7,failed,insufficient_funds,436.89,agent
5280,489,2026-07-07 12:32:25,p2p_transfer,1363.5,success,,77970.69,qr_code
5281,368,2026-07-07 12:47:02,top_up,1309.47,success,,172539.14,mobile_app
5282,29,2026-07-07 13:00:30,merchant_payment,1116.2,success,,66680.47,mobile_app
5283,413,2026-07-07 13:01:10,top_up,761.44,success,,95628.32,web
5284,284,2026-07-07 13:38:34,merchant_payment,891.94,success,,114958.79,web
5285,394,2026-07-07 13:59:31,top_up,936.74,success,,153894.51,web
5286,460,2026-07-07 14:00:41,withdrawal,2876.96,success,,238070.26,mobile_app
5287,272,2026-07-07 14:02:08,top_up,5242.54,success,,118656.1,qr_code
5288,43,2026-07-07 14:21:38,top_up,11768.77,success,,40619.22,qr_code
5289,421,2026-07-07 14:45:54,merchant_payment,663.89,success,,219868.04,qr_code
5290,80,2026-07-07 15:04:38,merchant_payment,866.98,failed,insufficient_funds,157.11,mobile_app
5291,166,2026-07-07 15:22:43,bill_payment,3856.33,success,,54684.62,web
5292,309,2026-07-07 15:57:12,merchant_payment,496.36,success,,48194.14,agent
5293,246,2026-07-07 16:26:49,withdrawal,1883.76,success,,599.85,web
5294,179,2026-07-07 16:26:53,withdrawal,388.86,failed,insufficient_funds,151.64,web
5295,168,2026-07-07 16:55:42,merchant_payment,2974.76,success,,45895.91,qr_code
5296,371,2026-07-07 17:15:50,p2p_transfer,4131.37,failed,insufficient_funds,2907.68,qr_code
5297,92,2026-07-07 17:38:32,merchant_payment,2438.89,success,,155297.59,qr_code
5298,201,2026-07-07 17:44:08,top_up,3117.41,failed,limit_exceeded,997.44,web
5299,161,2026-07-07 18:05:15,withdrawal,509.98,success,,92976.32,agent
5300,283,2026-07-07 18:56:25,p2p_transfer,787.7,failed,limit_exceeded,87748.89,qr_code
5301,336,2026-07-07 19:29:21,merchant_payment,1190.64,success,,278392.77,web
5302,490,2026-07-07 19:54:47,top_up,7393.58,success,,125252.75,web
5303,194,2026-07-07 20:56:12,bill_payment,8018.95,failed,insufficient_funds,1306.17,web
5304,356,2026-07-07 21:36:31,merchant_payment,362.2,success,,3337.66,qr_code
5305,434,2026-07-07 21:40:38,merchant_payment,242.03,success,,1878.41,qr_code
5306,25,2026-07-07 21:50:17,merchant_payment,9350.61,success,,32522.36,web
5307,265,2026-07-07 22:09:26,merchant_payment,498.28,success,,5304.64,agent
5308,301,2026-07-07 22:50:52,merchant_payment,21741.99,failed,insufficient_funds,436.89,qr_code
5309,304,2026-07-07 23:02:04,p2p_transfer,4140.75,success,,9018.38,web
5310,26,2026-07-07 23:07:04,top_up,1072.99,success,,97027.2,agent
5311,434,2026-07-08 00:24:37,p2p_transfer,961.05,failed,card_declined,1878.41,web
5312,175,2026-07-08 01:13:39,merchant_payment,1153.79,success,,41825.86,mobile_app
5313,444,2026-07-08 02:50:31,merchant_payment,1117.02,success,,13972.23,mobile_app
5314,152,2026-07-08 04:13:49,p2p_transfer,5509.59,success,,18689.63,qr_code
5315,116,2026-07-08 04:14:58,p2p_transfer,3681.5,success,,24450.62,web
5316,53,2026-07-08 05:18:52,p2p_transfer,176.82,success,,5348.77,qr_code
5317,357,2026-07-08 07:02:56,p2p_transfer,7800.36,failed,insufficient_funds,878.63,mobile_app
5318,460,2026-07-08 07:06:32,withdrawal,11186.42,success,,226883.84,web
5319,198,2026-07-08 07:07:17,merchant_payment,426.68,failed,network_error,39409.32,qr_code
5320,20,2026-07-08 07:31:32,bill_payment,4123.99,success,,82920.72,agent
5321,465,2026-07-08 07:48:53,bill_payment,215.21,success,,14061.93,web
5322,478,2026-07-08 08:01:15,top_up,889.66,success,,208569.64,qr_code
5323,301,2026-07-08 08:17:29,p2p_transfer,33922.57,failed,insufficient_funds,436.89,qr_code
5324,61,2026-07-08 08:30:40,p2p_transfer,1481.63,success,,147070.99,qr_code
5325,411,2026-07-08 08:46:19,merchant_payment,33826.58,success,,134903.08,web
5326,89,2026-07-08 09:25:39,merchant_payment,1090.17,success,,88219.09,qr_code
5327,380,2026-07-08 09:50:15,bill_payment,2428.17,failed,insufficient_funds,689.53,web
5328,213,2026-07-08 09:50:26,p2p_transfer,1374.99,success,,2568.97,mobile_app
5329,300,2026-07-08 09:51:05,merchant_payment,349.0,success,,145326.21,qr_code
5330,319,2026-07-08 10:26:05,p2p_transfer,1175.45,failed,network_error,105642.68,agent
5331,434,2026-07-08 10:26:44,p2p_transfer,1589.1,failed,card_declined,1878.41,qr_code
5332,9,2026-07-08 10:58:00,withdrawal,320.22,success,,47965.62,qr_code
5333,102,2026-07-08 11:37:26,p2p_transfer,247.47,success,,105721.98,agent
5334,338,2026-07-08 11:48:40,merchant_payment,2445.65,success,,117110.44,agent
5335,33,2026-07-08 11:54:22,merchant_payment,709.88,success,,91580.78,web
5336,251,2026-07-08 12:49:14,p2p_transfer,3455.8,success,,183011.48,qr_code
5337,66,2026-07-08 13:05:29,withdrawal,1781.34,success,,11784.87,web
5338,272,2026-07-08 13:22:32,merchant_payment,609.86,success,,118046.24,web
5339,235,2026-07-08 13:23:29,merchant_payment,1222.16,success,,23024.32,web
5340,298,2026-07-08 13:32:06,merchant_payment,173.5,success,,8436.66,qr_code
5341,230,2026-07-08 13:43:01,withdrawal,376.48,success,,23135.16,mobile_app
5342,354,2026-07-08 14:04:40,top_up,1526.9,success,,101281.88,agent
5343,272,2026-07-08 14:35:28,withdrawal,1516.08,success,,116530.16,agent
5344,92,2026-07-08 15:39:07,bill_payment,4482.15,success,,150815.44,mobile_app
5345,246,2026-07-08 16:25:43,top_up,849.55,success,,1449.4,web
5346,469,2026-07-08 16:37:22,top_up,11602.3,success,,37255.55,qr_code
5347,329,2026-07-08 17:25:21,p2p_transfer,1043.84,success,,21699.2,agent
5348,453,2026-07-08 17:43:03,top_up,9372.66,success,,107296.98,mobile_app
5349,58,2026-07-08 17:46:55,top_up,3841.86,success,,66435.9,qr_code
5350,286,2026-07-08 17:53:57,top_up,1831.84,success,,2922.45,agent
5351,208,2026-07-08 18:24:54,merchant_payment,4459.02,success,,120658.05,mobile_app
5352,51,2026-07-08 18:27:15,p2p_transfer,3467.03,success,,61435.61,qr_code
5353,217,2026-07-08 18:41:47,bill_payment,1206.49,success,,25715.5,qr_code
5354,86,2026-07-08 18:51:34,top_up,7984.06,success,,8532.07,mobile_app
5355,284,2026-07-08 19:13:00,p2p_transfer,460.47,success,,114498.32,agent
5356,244,2026-07-08 21:42:07,merchant_payment,2869.26,success,,59073.82,agent
5357,312,2026-07-08 21:47:26,bill_payment,622.19,success,,82374.13,web
5358,307,2026-07-08 21:50:29,bill_payment,451.37,success,,18351.28,mobile_app
5359,187,2026-07-08 22:14:06,merchant_payment,966.17,success,,25254.92,agent
5360,152,2026-07-08 22:24:15,top_up,9693.09,success,,28382.72,qr_code
5361,471,2026-07-08 23:07:48,p2p_transfer,3442.69,success,,20938.01,web
5362,213,2026-07-08 23:20:05,merchant_payment,969.42,success,,1599.55,agent
5363,208,2026-07-08 23:40:17,withdrawal,652.67,success,,120005.38,agent
5364,78,2026-07-08 23:47:07,top_up,7061.84,success,,71215.45,agent
5365,40,2026-07-08 23:55:54,merchant_payment,772.87,success,,234775.73,agent
5366,55,2026-07-09 00:06:45,p2p_transfer,1324.46,success,,225019.13,agent
5367,272,2026-07-09 02:13:16,withdrawal,408.16,success,,116122.0,web
5368,243,2026-07-09 03:09:19,p2p_transfer,521.87,success,,79165.88,mobile_app
5369,262,2026-07-09 03:39:50,merchant_payment,888.38,success,,54978.36,qr_code
5370,242,2026-07-09 04:30:02,bill_payment,3205.36,failed,insufficient_funds,392.32,qr_code
5371,407,2026-07-09 05:33:52,merchant_payment,1240.31,success,,71940.02,mobile_app
5372,262,2026-07-09 05:37:51,p2p_transfer,359.82,success,,54618.54,mobile_app
5373,350,2026-07-09 07:39:54,merchant_payment,1314.51,success,,101235.89,web
5374,102,2026-07-09 08:03:16,top_up,2070.42,success,,107792.4,qr_code
5375,365,2026-07-09 09:02:01,merchant_payment,382.58,success,,241589.83,qr_code
5376,334,2026-07-09 09:04:58,merchant_payment,9771.05,failed,insufficient_funds,1850.71,qr_code
5377,434,2026-07-09 09:14:09,withdrawal,897.87,success,,980.54,web
5378,104,2026-07-09 09:31:50,top_up,1141.54,success,,14015.58,agent
5379,493,2026-07-09 09:39:38,merchant_payment,2165.54,success,,169060.81,web
5380,42,2026-07-09 10:16:54,top_up,14799.84,success,,14916.44,mobile_app
5381,473,2026-07-09 10:29:25,p2p_transfer,1179.8,success,,3458.42,qr_code
5382,412,2026-07-09 11:21:07,merchant_payment,1481.45,success,,131690.33,agent
5383,172,2026-07-09 11:38:16,bill_payment,3392.73,success,,37945.86,mobile_app
5384,481,2026-07-09 11:57:52,p2p_transfer,938.07,success,,86949.66,agent
5385,208,2026-07-09 12:19:56,merchant_payment,727.92,success,,119277.46,qr_code
5386,273,2026-07-09 12:43:32,top_up,2975.71,success,,50091.5,mobile_app
5387,192,2026-07-09 12:53:01,merchant_payment,2558.82,success,,61736.61,web
5388,372,2026-07-09 13:10:15,bill_payment,3453.66,success,,67943.15,qr_code
5389,411,2026-07-09 13:46:47,merchant_payment,12104.44,success,,122798.64,qr_code
5390,127,2026-07-09 13:50:10,merchant_payment,5153.49,success,,36026.48,agent
5391,447,2026-07-09 14:20:13,merchant_payment,428.41,success,,7678.99,qr_code
5392,172,2026-07-09 14:28:51,merchant_payment,530.19,success,,37415.67,web
5393,284,2026-07-09 14:38:04,top_up,1708.19,success,,116206.51,qr_code
5394,433,2026-07-09 15:09:10,withdrawal,1164.04,success,,97430.09,agent
5395,11,2026-07-09 15:10:49,top_up,4494.29,success,,129733.58,qr_code
5396,461,2026-07-09 15:12:09,p2p_transfer,1513.34,success,,85309.62,mobile_app
5397,232,2026-07-09 15:28:59,top_up,1751.17,success,,26149.9,web
5398,120,2026-07-09 15:46:02,bill_payment,2480.43,success,,224711.67,agent
5399,407,2026-07-09 15:53:34,bill_payment,1786.0,success,,70154.02,agent
5400,171,2026-07-09 16:18:41,top_up,1693.97,success,,19143.05,agent
5401,189,2026-07-09 16:37:02,p2p_transfer,8752.15,success,,88543.17,qr_code
5402,189,2026-07-09 16:58:33,top_up,1265.87,success,,89809.04,qr_code
5403,381,2026-07-09 17:18:41,bill_payment,563.77,success,,76578.46,web
5404,81,2026-07-09 17:33:09,top_up,5056.06,success,,74299.15,mobile_app
5405,118,2026-07-09 18:06:05,merchant_payment,1557.37,success,,115766.84,mobile_app
5406,258,2026-07-09 18:58:49,top_up,1088.29,success,,20467.81,agent
5407,451,2026-07-09 19:23:18,p2p_transfer,2349.21,success,,33808.49,agent
5408,231,2026-07-09 19:30:32,bill_payment,1565.77,success,,15735.8,qr_code
5409,141,2026-07-09 19:49:35,p2p_transfer,849.36,success,,18041.35,agent
5410,327,2026-07-09 19:52:05,merchant_payment,3253.28,success,,6447.6,agent
5411,120,2026-07-09 19:55:46,merchant_payment,9525.96,success,,215185.71,agent
5412,44,2026-07-09 20:01:54,p2p_transfer,10176.91,success,,39725.6,mobile_app
5413,300,2026-07-09 20:21:08,p2p_transfer,4117.07,success,,141209.14,agent
5414,207,2026-07-09 20:22:08,p2p_transfer,724.76,failed,network_error,81777.8,web
5415,451,2026-07-09 20:42:49,p2p_transfer,445.12,success,,33363.37,qr_code
5416,429,2026-07-09 21:56:49,merchant_payment,155.66,success,,41668.74,agent
5417,282,2026-07-09 21:59:29,merchant_payment,3860.37,success,,120104.29,agent
5418,78,2026-07-09 22:28:59,top_up,7801.44,success,,79016.89,web
5419,106,2026-07-09 22:44:01,bill_payment,2150.89,success,,196639.2,agent
5420,343,2026-07-09 22:51:45,merchant_payment,3845.32,success,,55293.19,mobile_app
5421,493,2026-07-09 23:29:00,merchant_payment,1075.43,success,,167985.38,qr_code
5422,157,2026-07-09 23:29:14,bill_payment,567.8,success,,94532.8,mobile_app
5423,328,2026-07-09 23:48:35,merchant_payment,1977.56,success,,67366.54,qr_code
5424,383,2026-07-10 01:15:45,p2p_transfer,53619.7,failed,insufficient_funds,227.92,mobile_app
5425,187,2026-07-10 02:58:32,p2p_transfer,1974.98,success,,23279.94,mobile_app
5426,262,2026-07-10 03:24:02,bill_payment,2401.9,success,,52216.64,qr_code
5427,390,2026-07-10 03:35:57,top_up,610.86,success,,26127.57,qr_code
5428,325,2026-07-10 04:07:01,bill_payment,2240.27,failed,insufficient_funds,823.81,agent
5429,167,2026-07-10 04:25:19,p2p_transfer,5852.71,success,,21096.22,web
5430,262,2026-07-10 04:52:55,p2p_transfer,2973.92,success,,49242.72,mobile_app
5431,125,2026-07-10 07:28:50,top_up,875.33,success,,113062.76,mobile_app
5432,304,2026-07-10 07:49:34,merchant_payment,2537.96,success,,6480.42,web
5433,308,2026-07-10 08:00:47,withdrawal,869.61,success,,262933.04,web
5434,263,2026-07-10 08:08:47,merchant_payment,810.24,success,,50244.0,web
5435,453,2026-07-10 08:22:48,top_up,5770.64,success,,113067.62,web
5436,134,2026-07-10 09:27:22,top_up,3259.55,success,,38543.29,web
5437,20,2026-07-10 10:54:58,merchant_payment,1215.43,success,,81705.29,mobile_app
5438,390,2026-07-10 10:59:04,bill_payment,1556.28,success,,24571.29,mobile_app
5439,237,2026-07-10 11:53:10,top_up,1281.02,success,,59972.25,mobile_app
5440,96,2026-07-10 11:59:07,withdrawal,2714.78,success,,147162.43,agent
5441,477,2026-07-10 13:14:31,top_up,2109.87,success,,81345.53,agent
5442,136,2026-07-10 13:43:08,merchant_payment,1351.32,success,,117830.26,mobile_app
5443,125,2026-07-10 14:17:46,top_up,311.54,success,,113374.3,mobile_app
5444,333,2026-07-10 14:31:31,p2p_transfer,1995.23,success,,75216.7,agent
5445,478,2026-07-10 14:35:38,merchant_payment,2358.48,success,,206211.16,qr_code
5446,434,2026-07-10 15:08:11,bill_payment,250.05,success,,730.49,web
5447,399,2026-07-10 15:40:26,top_up,5576.29,success,,44783.79,web
5448,189,2026-07-10 15:53:43,merchant_payment,1073.26,success,,88735.78,qr_code
5449,367,2026-07-10 15:56:41,bill_payment,434.81,success,,53287.74,qr_code
5450,304,2026-07-10 16:24:06,bill_payment,462.31,success,,6018.11,mobile_app
5451,389,2026-07-10 17:14:58,bill_payment,4960.21,failed,insufficient_funds,1672.19,qr_code
5452,314,2026-07-10 17:32:31,merchant_payment,1088.4,success,,79451.18,web
5453,407,2026-07-10 17:49:40,merchant_payment,2480.21,success,,67673.81,web
5454,451,2026-07-10 17:50:52,withdrawal,539.4,success,,32823.97,mobile_app
5455,403,2026-07-10 18:02:03,withdrawal,782.89,success,,20768.91,qr_code
5456,497,2026-07-10 18:05:10,withdrawal,1589.16,success,,72276.81,agent
5457,117,2026-07-10 18:12:53,top_up,5793.41,success,,8952.72,web
5458,160,2026-07-10 18:18:28,top_up,25449.06,success,,29315.13,mobile_app
5459,441,2026-07-10 18:24:10,p2p_transfer,429.13,failed,insufficient_funds,205.9,agent
5460,29,2026-07-10 18:46:18,p2p_transfer,540.42,success,,66140.05,agent
5461,367,2026-07-10 19:01:07,merchant_payment,1636.93,success,,51650.81,qr_code
5462,367,2026-07-10 19:18:37,merchant_payment,391.92,success,,51258.89,mobile_app
5463,433,2026-07-10 20:10:19,p2p_transfer,3445.04,success,,93985.05,agent
5464,20,2026-07-10 20:27:48,merchant_payment,1014.07,success,,80691.22,mobile_app
5465,422,2026-07-10 21:24:53,withdrawal,251.26,success,,36387.75,qr_code
5466,211,2026-07-10 21:47:53,bill_payment,147.36,success,,152970.88,agent
5467,388,2026-07-10 21:49:48,top_up,499.7,failed,network_error,36047.65,web
5468,42,2026-07-10 21:50:07,bill_payment,3837.93,success,,11078.51,qr_code
5469,180,2026-07-10 22:07:43,top_up,1089.76,success,,148923.77,agent
5470,6,2026-07-10 22:14:45,top_up,633.39,success,,22609.27,agent
5471,111,2026-07-10 23:10:10,withdrawal,1308.41,success,,54305.3,web
5472,299,2026-07-10 23:30:37,merchant_payment,1962.56,success,,9433.02,web
5473,238,2026-07-11 01:25:30,merchant_payment,5134.75,success,,7593.79,mobile_app
5474,179,2026-07-11 01:45:05,withdrawal,1075.65,failed,insufficient_funds,151.64,web
5475,357,2026-07-11 02:12:59,p2p_transfer,981.57,failed,insufficient_funds,878.63,agent
5476,291,2026-07-11 05:32:53,merchant_payment,769.71,success,,16837.56,mobile_app
5477,148,2026-07-11 07:14:20,merchant_payment,622.68,success,,97405.77,mobile_app
5478,291,2026-07-11 07:50:10,p2p_transfer,807.85,success,,16029.71,mobile_app
5479,189,2026-07-11 09:08:46,merchant_payment,752.23,success,,87983.55,agent
5480,262,2026-07-11 09:18:26,top_up,9334.75,success,,58577.47,mobile_app
5481,306,2026-07-11 09:36:36,merchant_payment,1892.03,success,,90713.61,mobile_app
5482,411,2026-07-11 10:06:24,p2p_transfer,350.68,success,,122447.96,web
5483,211,2026-07-11 10:13:51,bill_payment,253.52,success,,152717.36,qr_code
5484,487,2026-07-11 11:18:16,top_up,4261.17,success,,24559.02,agent
5485,133,2026-07-11 12:39:41,p2p_transfer,540.89,success,,86487.77,agent
5486,478,2026-07-11 12:41:50,bill_payment,606.16,success,,205605.0,web
5487,453,2026-07-11 12:53:05,top_up,1019.66,success,,114087.28,agent
5488,187,2026-07-11 13:14:00,withdrawal,1380.54,success,,21899.4,qr_code
5489,444,2026-07-11 13:14:15,bill_payment,838.44,success,,13133.79,mobile_app
5490,473,2026-07-11 13:22:07,merchant_payment,6265.11,failed,insufficient_funds,3458.42,mobile_app
5491,460,2026-07-11 13:52:10,bill_payment,993.08,success,,225890.76,mobile_app
5492,428,2026-07-11 14:14:31,merchant_payment,5037.39,success,,63092.8,qr_code
5493,266,2026-07-11 14:41:31,top_up,310.27,success,,54813.13,web
5494,290,2026-07-11 14:44:53,withdrawal,2293.39,success,,21351.71,agent
5495,271,2026-07-11 15:11:54,withdrawal,605.16,success,,76603.77,qr_code
5496,111,2026-07-11 15:24:40,withdrawal,2049.08,success,,52256.22,agent
5497,311,2026-07-11 16:08:24,p2p_transfer,731.82,success,,84097.3,mobile_app
5498,141,2026-07-11 16:12:54,bill_payment,657.75,success,,17383.6,web
5499,394,2026-07-11 16:30:46,bill_payment,659.36,success,,153235.15,qr_code
5500,479,2026-07-11 16:36:11,bill_payment,6100.15,success,,261880.59,qr_code
5501,396,2026-07-11 16:36:34,bill_payment,1232.34,success,,28391.07,mobile_app
5502,115,2026-07-11 17:26:59,top_up,5451.42,success,,92701.34,web
5503,493,2026-07-11 17:27:08,top_up,1052.94,success,,169038.32,qr_code
5504,433,2026-07-11 18:15:22,merchant_payment,1239.06,failed,invalid_recipient,93985.05,mobile_app
5505,310,2026-07-11 18:28:31,top_up,2412.93,success,,45488.64,qr_code
5506,160,2026-07-11 18:58:06,p2p_transfer,2630.08,failed,card_declined,29315.13,qr_code
5507,279,2026-07-11 19:08:02,withdrawal,10247.44,failed,insufficient_funds,5019.5,web
5508,310,2026-07-11 19:16:58,p2p_transfer,2747.73,success,,42740.91,mobile_app
5509,61,2026-07-11 19:29:52,top_up,2020.72,success,,149091.71,mobile_app
5510,98,2026-07-11 19:34:08,merchant_payment,695.38,success,,18903.94,qr_code
5511,368,2026-07-11 20:02:04,top_up,1779.33,success,,174318.47,mobile_app
5512,489,2026-07-11 20:14:30,p2p_transfer,2807.31,success,,75163.38,web
5513,460,2026-07-11 21:22:34,merchant_payment,696.47,success,,225194.29,mobile_app
5514,298,2026-07-11 22:05:52,p2p_transfer,561.48,success,,7875.18,mobile_app
5515,87,2026-07-11 22:33:06,p2p_transfer,4434.05,success,,150782.7,qr_code
5516,300,2026-07-11 22:33:50,merchant_payment,1577.78,success,,139631.36,qr_code
5517,474,2026-07-11 22:34:22,p2p_transfer,1049.06,success,,16247.0,web
5518,208,2026-07-11 22:58:16,merchant_payment,405.66,success,,118871.8,web
5519,87,2026-07-11 23:02:49,merchant_payment,23856.89,success,,126925.81,web
5520,349,2026-07-11 23:04:55,merchant_payment,1177.27,success,,29088.23,mobile_app
5521,355,2026-07-11 23:33:59,p2p_transfer,4165.66,success,,40248.47,qr_code
5522,161,2026-07-11 23:55:37,bill_payment,2005.51,success,,90970.81,qr_code
5523,201,2026-07-12 00:18:58,bill_payment,11254.48,failed,insufficient_funds,997.44,web
5524,208,2026-07-12 01:00:15,top_up,1485.15,success,,120356.95,agent
5525,434,2026-07-12 02:39:24,top_up,9233.9,success,,9964.39,mobile_app
5526,87,2026-07-12 05:07:33,top_up,58142.42,success,,185068.23,agent
5527,394,2026-07-12 07:04:06,p2p_transfer,2481.43,success,,150753.72,qr_code
5528,166,2026-07-12 07:08:17,bill_payment,1931.61,success,,52753.01,qr_code
5529,301,2026-07-12 07:18:17,bill_payment,18758.77,failed,insufficient_funds,436.89,web
5530,371,2026-07-12 07:39:36,bill_payment,8098.4,failed,insufficient_funds,2907.68,agent
5531,394,2026-07-12 07:46:51,bill_payment,1567.34,success,,149186.38,agent
5532,428,2026-07-12 07:57:21,top_up,2125.6,success,,65218.4,mobile_app
5533,22,2026-07-12 08:09:29,top_up,6407.15,success,,119424.32,agent
5534,252,2026-07-12 08:27:59,top_up,42063.58,success,,87351.66,qr_code
5535,453,2026-07-12 08:58:34,p2p_transfer,1466.98,success,,112620.3,mobile_app
5536,86,2026-07-12 09:01:36,bill_payment,577.13,success,,7954.94,qr_code
5537,246,2026-07-12 09:06:24,withdrawal,2330.04,failed,insufficient_funds,1449.4,mobile_app
5538,20,2026-07-12 09:07:41,bill_payment,2627.19,success,,78064.03,mobile_app
5539,330,2026-07-12 09:18:53,p2p_transfer,242.8,success,,115205.03,mobile_app
5540,107,2026-07-12 09:50:29,p2p_transfer,2178.65,success,,117974.35,web
5541,49,2026-07-12 10:47:15,top_up,3400.75,success,,131959.59,agent
5542,23,2026-07-12 10:52:35,merchant_payment,709.58,success,,18846.25,mobile_app
5543,325,2026-07-12 10:54:59,p2p_transfer,4837.6,failed,insufficient_funds,823.81,qr_code
5544,168,2026-07-12 10:58:24,p2p_transfer,136.04,success,,45759.87,qr_code
5545,337,2026-07-12 11:13:33,withdrawal,1594.64,success,,59697.43,qr_code
5546,69,2026-07-12 11:41:24,merchant_payment,2636.53,success,,30392.45,web
5547,43,2026-07-12 11:42:10,withdrawal,5058.5,success,,35560.72,mobile_app
5548,462,2026-07-12 12:10:45,bill_payment,6901.35,success,,25188.02,qr_code
5549,203,2026-07-12 12:26:50,top_up,4039.81,success,,85785.66,agent
5550,440,2026-07-12 12:49:20,bill_payment,939.83,success,,205053.56,web
5551,199,2026-07-12 13:07:18,merchant_payment,2859.33,success,,68934.19,mobile_app
5552,436,2026-07-12 13:26:26,p2p_transfer,1366.63,success,,15351.79,web
5553,252,2026-07-12 13:28:44,top_up,10503.57,success,,97855.23,web
5554,38,2026-07-12 13:33:37,p2p_transfer,155.25,success,,94695.32,agent
5555,61,2026-07-12 14:20:08,merchant_payment,2195.67,success,,146896.04,mobile_app
5556,309,2026-07-12 14:30:57,top_up,318.64,success,,48512.78,qr_code
5557,199,2026-07-12 15:01:56,merchant_payment,3057.37,failed,network_error,68934.19,qr_code
5558,142,2026-07-12 16:30:30,p2p_transfer,8758.58,success,,93918.93,agent
5559,407,2026-07-12 17:25:11,merchant_payment,488.81,success,,67185.0,web
5560,118,2026-07-12 17:38:54,merchant_payment,1458.8,success,,114308.04,mobile_app
5561,168,2026-07-12 17:53:25,merchant_payment,368.02,success,,45391.85,qr_code
5562,479,2026-07-12 18:15:51,merchant_payment,981.52,success,,260899.07,mobile_app
5563,67,2026-07-12 18:57:42,top_up,6364.29,success,,112357.56,mobile_app
5564,78,2026-07-12 19:05:47,p2p_transfer,646.7,success,,78370.19,mobile_app
5565,169,2026-07-12 19:42:43,merchant_payment,8348.24,success,,25513.72,qr_code
5566,92,2026-07-12 19:50:20,merchant_payment,3495.85,success,,147319.59,agent
5567,20,2026-07-12 20:06:22,p2p_transfer,1111.57,success,,76952.46,qr_code
5568,433,2026-07-12 20:07:31,merchant_payment,360.33,success,,93624.72,agent
5569,82,2026-07-12 21:00:57,merchant_payment,1592.55,success,,102220.8,web
5570,333,2026-07-12 21:01:34,merchant_payment,934.72,success,,74281.98,mobile_app
5571,443,2026-07-12 22:11:17,p2p_transfer,2884.58,success,,157492.45,agent
5572,315,2026-07-12 23:10:21,bill_payment,1186.63,success,,20793.37,web
5573,49,2026-07-13 01:22:10,bill_payment,424.28,success,,131535.31,qr_code
5574,116,2026-07-13 01:29:57,top_up,29382.64,success,,53833.26,web
5575,416,2026-07-13 01:33:19,merchant_payment,1300.44,success,,54258.72,web
5576,367,2026-07-13 01:52:19,withdrawal,12751.05,success,,38507.84,web
5577,479,2026-07-13 02:25:56,withdrawal,1048.15,success,,259850.92,qr_code
5578,359,2026-07-13 03:04:17,top_up,2418.11,success,,43594.68,qr_code
5579,434,2026-07-13 03:14:54,merchant_payment,529.34,success,,9435.05,web
5580,201,2026-07-13 03:33:02,merchant_payment,6550.62,failed,insufficient_funds,997.44,qr_code
5581,168,2026-07-13 04:08:12,bill_payment,1478.52,failed,suspected_fraud,45391.85,agent
5582,168,2026-07-13 05:08:19,top_up,1218.54,success,,46610.39,web
5583,189,2026-07-13 07:18:38,bill_payment,3377.94,success,,84605.61,qr_code
5584,383,2026-07-13 07:21:02,withdrawal,1111.84,failed,insufficient_funds,227.92,agent
5585,316,2026-07-13 07:25:25,p2p_transfer,1312.04,success,,68455.33,qr_code
5586,492,2026-07-13 07:26:02,merchant_payment,2922.4,success,,114300.51,web
5587,41,2026-07-13 07:36:10,merchant_payment,1088.56,success,,107882.2,web
5588,189,2026-07-13 08:21:16,merchant_payment,1245.78,success,,83359.83,qr_code
5589,163,2026-07-13 08:26:18,top_up,985.18,success,,68199.91,mobile_app
5590,298,2026-07-13 09:03:06,p2p_transfer,456.48,success,,7418.7,mobile_app
5591,411,2026-07-13 09:13:32,p2p_transfer,412.84,failed,limit_exceeded,122447.96,web
5592,466,2026-07-13 09:18:59,merchant_payment,1510.89,success,,193797.11,web
5593,384,2026-07-13 09:53:55,top_up,728.61,success,,43021.89,agent
5594,482,2026-07-13 10:02:30,merchant_payment,789.73,success,,42043.74,mobile_app
5595,111,2026-07-13 10:15:09,top_up,2959.55,success,,55215.77,web
5596,31,2026-07-13 10:21:23,top_up,2119.73,success,,200151.82,agent
5597,149,2026-07-13 11:05:23,merchant_payment,2746.77,success,,1373.97,web
5598,168,2026-07-13 11:38:29,top_up,3619.39,success,,50229.78,web
5599,61,2026-07-13 11:54:16,merchant_payment,2755.01,failed,network_error,146896.04,agent
5600,254,2026-07-13 12:25:46,bill_payment,2592.91,success,,66565.3,web
5601,407,2026-07-13 12:35:40,p2p_transfer,357.23,success,,66827.77,agent
5602,76,2026-07-13 12:43:02,merchant_payment,1395.39,success,,82231.24,agent
5603,158,2026-07-13 12:54:40,bill_payment,1941.36,success,,96549.9,web
5604,238,2026-07-13 13:52:05,bill_payment,3222.87,success,,4370.92,qr_code
5605,79,2026-07-13 14:39:20,p2p_transfer,1845.86,success,,49872.58,agent
5606,353,2026-07-13 14:43:54,p2p_transfer,571.18,success,,23179.94,qr_code
5607,102,2026-07-13 15:33:55,p2p_transfer,2296.61,success,,105495.79,web
5608,45,2026-07-13 16:24:31,withdrawal,1280.62,success,,6679.88,mobile_app
5609,116,2026-07-13 16:46:49,p2p_transfer,15448.34,success,,38384.92,agent
5610,366,2026-07-13 16:59:06,withdrawal,1002.78,success,,89967.56,web
5611,119,2026-07-13 17:01:09,bill_payment,1297.67,success,,109188.41,agent
5612,194,2026-07-13 17:17:51,top_up,5862.82,success,,7168.99,agent
5613,185,2026-07-13 17:18:23,top_up,64048.05,success,,69267.31,qr_code
5614,192,2026-07-13 17:54:29,p2p_transfer,2010.27,success,,59726.34,qr_code
5615,19,2026-07-13 17:56:36,merchant_payment,750.06,success,,21.28,web
5616,493,2026-07-13 18:48:40,merchant_payment,364.57,success,,168673.75,web
5617,462,2026-07-13 19:16:04,merchant_payment,335.62,success,,24852.4,agent
5618,355,2026-07-13 19:51:20,top_up,632.96,success,,40881.43,qr_code
5619,355,2026-07-13 19:55:54,top_up,3334.46,success,,44215.89,web
5620,238,2026-07-13 19:56:38,merchant_payment,2383.14,success,,1987.78,agent
5621,4,2026-07-13 20:29:47,merchant_payment,1811.34,success,,34256.78,mobile_app
5622,485,2026-07-13 20:29:50,withdrawal,2420.71,success,,68740.44,web
5623,10,2026-07-13 20:33:08,top_up,529.28,success,,41671.97,mobile_app
5624,493,2026-07-13 21:01:32,merchant_payment,188.07,success,,168485.68,mobile_app
5625,318,2026-07-13 21:47:13,merchant_payment,563.76,failed,network_error,42292.04,web
5626,257,2026-07-13 22:25:05,merchant_payment,3119.03,failed,insufficient_funds,2738.68,agent
5627,444,2026-07-13 22:49:50,bill_payment,673.26,success,,12460.53,agent
5628,180,2026-07-13 23:04:11,merchant_payment,732.2,success,,148191.57,agent
5629,284,2026-07-13 23:23:50,withdrawal,972.29,success,,115234.22,agent
5630,395,2026-07-13 23:37:09,bill_payment,362.17,success,,53803.89,agent
5631,371,2026-07-14 00:35:11,bill_payment,1927.68,failed,network_error,2907.68,qr_code
5632,87,2026-07-14 01:06:39,top_up,451.2,success,,185519.43,mobile_app
5633,83,2026-07-14 01:20:36,bill_payment,353.25,failed,insufficient_funds,309.41,web
5634,329,2026-07-14 05:20:00,p2p_transfer,2490.57,success,,19208.63,web
5635,489,2026-07-14 07:57:20,p2p_transfer,646.56,success,,74516.82,web
5636,19,2026-07-14 09:01:01,p2p_transfer,5814.05,failed,insufficient_funds,21.28,mobile_app
5637,429,2026-07-14 09:44:53,merchant_payment,1180.75,success,,40487.99,web
5638,284,2026-07-14 10:06:30,merchant_payment,1036.39,success,,114197.83,qr_code
5639,2,2026-07-14 10:30:10,p2p_transfer,780.96,success,,68374.39,mobile_app
5640,424,2026-07-14 10:30:32,merchant_payment,1213.66,success,,55420.67,web
5641,167,2026-07-14 11:01:05,p2p_transfer,13807.43,success,,7288.79,agent
5642,299,2026-07-14 11:11:19,bill_payment,1177.54,success,,8255.48,web
5643,31,2026-07-14 11:11:49,top_up,1686.16,success,,201837.98,mobile_app
5644,278,2026-07-14 11:12:56,top_up,479.15,success,,22098.33,qr_code
5645,289,2026-07-14 11:15:42,merchant_payment,1172.51,success,,73545.95,web
5646,25,2026-07-14 11:21:07,withdrawal,1551.54,success,,30970.82,agent
5647,87,2026-07-14 11:31:03,merchant_payment,181.79,success,,185337.64,agent
5648,380,2026-07-14 11:48:38,top_up,1754.26,success,,2443.79,qr_code
5649,94,2026-07-14 11:52:08,withdrawal,1679.41,success,,82596.31,mobile_app
5650,451,2026-07-14 12:40:00,bill_payment,3596.5,success,,29227.47,agent
5651,189,2026-07-14 12:41:41,merchant_payment,815.87,success,,82543.96,mobile_app
5652,26,2026-07-14 13:06:24,top_up,6684.45,success,,103711.65,mobile_app
5653,492,2026-07-14 13:19:09,bill_payment,434.35,success,,113866.16,agent
5654,273,2026-07-14 13:27:56,merchant_payment,1112.78,success,,48978.72,mobile_app
5655,272,2026-07-14 13:28:48,merchant_payment,992.65,success,,115129.35,qr_code
5656,305,2026-07-14 13:30:08,p2p_transfer,4614.15,failed,insufficient_funds,541.98,web
5657,491,2026-07-14 13:32:35,merchant_payment,875.68,success,,109039.27,agent
5658,75,2026-07-14 14:52:04,top_up,1011.89,success,,23106.11,mobile_app
5659,297,2026-07-14 15:00:51,top_up,3125.65,success,,20907.39,agent
5660,3,2026-07-14 15:08:17,merchant_payment,547.44,success,,12328.2,agent
5661,433,2026-07-14 15:46:19,top_up,14703.25,success,,108327.97,web
5662,94,2026-07-14 15:52:01,p2p_transfer,3349.81,success,,79246.5,agent
5663,478,2026-07-14 16:42:18,withdrawal,1326.9,success,,204278.1,mobile_app
5664,148,2026-07-14 16:48:04,merchant_payment,698.93,success,,96706.84,web
5665,478,2026-07-14 16:57:25,p2p_transfer,7903.19,success,,196374.91,qr_code
5666,72,2026-07-14 17:25:00,bill_payment,1695.62,success,,49424.74,agent
5667,43,2026-07-14 17:57:07,merchant_payment,1585.51,success,,33975.21,qr_code
5668,40,2026-07-14 17:59:16,top_up,1964.34,success,,236740.07,agent
5669,461,2026-07-14 19:17:14,merchant_payment,1052.01,success,,84257.61,mobile_app
5670,352,2026-07-14 19:40:39,bill_payment,3088.16,success,,40262.15,web
5671,475,2026-07-14 20:41:53,merchant_payment,2177.05,success,,17722.18,web
5672,375,2026-07-14 21:07:23,p2p_transfer,844.06,success,,56802.04,web
5673,404,2026-07-14 21:22:36,merchant_payment,2506.44,success,,55785.0,agent
5674,213,2026-07-14 21:43:33,merchant_payment,1091.07,success,,508.48,mobile_app
5675,47,2026-07-14 21:56:00,p2p_transfer,3889.39,success,,9173.78,agent
5676,57,2026-07-14 22:14:13,top_up,1981.49,success,,54852.8,web
5677,57,2026-07-14 23:17:46,p2p_transfer,271.39,success,,54581.41,web
5678,252,2026-07-14 23:27:40,merchant_payment,519.73,success,,97335.5,agent
5679,8,2026-07-14 23:30:20,merchant_payment,1111.63,success,,4346.61,qr_code
5680,326,2026-07-15 00:06:40,bill_payment,5847.68,success,,147310.46,agent
5681,417,2026-07-15 00:24:59,merchant_payment,3519.23,success,,15586.76,agent
5682,124,2026-07-15 01:04:24,merchant_payment,1803.53,success,,53634.24,agent
5683,8,2026-07-15 01:14:06,merchant_payment,10806.88,failed,insufficient_funds,4346.61,web
5684,198,2026-07-15 01:38:25,p2p_transfer,12085.11,success,,27324.21,agent
5685,305,2026-07-15 03:26:23,merchant_payment,795.47,failed,insufficient_funds,541.98,mobile_app
5686,336,2026-07-15 03:37:58,withdrawal,355.76,success,,278037.01,web
5687,168,2026-07-15 03:49:23,merchant_payment,1403.2,success,,48826.58,web
5688,408,2026-07-15 05:37:59,top_up,2550.29,success,,14260.67,mobile_app
5689,115,2026-07-15 07:23:35,p2p_transfer,614.61,success,,92086.73,mobile_app
5690,489,2026-07-15 07:49:06,top_up,1490.37,success,,76007.19,mobile_app
5691,155,2026-07-15 08:04:24,p2p_transfer,262.04,success,,42442.73,qr_code
5692,128,2026-07-15 08:06:31,p2p_transfer,929.48,success,,17130.2,qr_code
5693,408,2026-07-15 09:25:01,p2p_transfer,2947.44,success,,11313.23,web
5694,439,2026-07-15 10:18:39,top_up,3042.34,success,,277879.08,web
5695,156,2026-07-15 10:46:15,bill_payment,1874.72,success,,241862.21,mobile_app
5696,50,2026-07-15 11:01:07,merchant_payment,729.03,success,,68292.01,agent
5697,254,2026-07-15 11:23:14,merchant_payment,1703.19,success,,64862.11,agent
5698,433,2026-07-15 11:36:13,bill_payment,605.94,success,,107722.03,mobile_app
5699,262,2026-07-15 12:27:55,merchant_payment,2753.92,failed,limit_exceeded,58577.47,qr_code
5700,446,2026-07-15 12:51:27,top_up,3453.58,success,,169407.69,web
5701,426,2026-07-15 13:09:34,bill_payment,236.43,success,,1088.11,mobile_app
5702,102,2026-07-15 13:43:40,withdrawal,1593.54,success,,103902.25,qr_code
5703,172,2026-07-15 16:06:12,bill_payment,1078.61,success,,36337.06,qr_code
5704,135,2026-07-15 16:27:21,bill_payment,1851.28,success,,63277.29,mobile_app
5705,236,2026-07-15 16:41:03,merchant_payment,812.7,success,,35682.55,mobile_app
5706,482,2026-07-15 16:41:37,merchant_payment,3838.87,success,,38204.87,web
5707,122,2026-07-15 17:12:03,merchant_payment,1502.56,success,,120598.19,mobile_app
5708,252,2026-07-15 17:22:52,top_up,51706.66,success,,149042.16,web
5709,403,2026-07-15 18:24:37,withdrawal,886.11,success,,19882.8,agent
5710,144,2026-07-15 18:43:17,withdrawal,10458.93,success,,84565.22,web
5711,338,2026-07-15 18:57:15,p2p_transfer,2098.23,success,,115012.21,agent
5712,108,2026-07-15 19:20:32,p2p_transfer,399.8,success,,79792.59,web
5713,331,2026-07-15 20:24:57,top_up,1892.24,success,,103968.44,web
5714,189,2026-07-15 20:44:02,merchant_payment,8631.28,success,,73912.68,web
5715,275,2026-07-15 20:50:45,p2p_transfer,772.59,success,,153294.36,mobile_app
5716,15,2026-07-15 21:19:15,merchant_payment,2169.54,success,,83000.63,mobile_app
5717,283,2026-07-15 21:23:48,top_up,2632.38,success,,90381.27,qr_code
5718,47,2026-07-15 21:26:14,top_up,2244.56,success,,11418.34,mobile_app
5719,11,2026-07-15 21:32:49,merchant_payment,1677.08,success,,128056.5,qr_code
5720,387,2026-07-15 22:03:53,bill_payment,538.77,success,,150523.14,mobile_app
5721,318,2026-07-15 22:36:33,bill_payment,2574.47,success,,39717.57,mobile_app
5722,450,2026-07-16 00:30:03,merchant_payment,2840.74,success,,118920.69,mobile_app
5723,83,2026-07-16 02:47:36,withdrawal,3542.06,failed,insufficient_funds,309.41,web
5724,428,2026-07-16 03:12:24,merchant_payment,407.61,success,,64810.79,agent
5725,252,2026-07-16 03:18:55,top_up,1049.33,success,,150091.49,web
5726,167,2026-07-16 04:19:03,top_up,4277.95,success,,11566.74,qr_code
5727,230,2026-07-16 04:23:16,bill_payment,1893.97,success,,21241.19,agent
5728,307,2026-07-16 05:52:54,p2p_transfer,3102.87,success,,15248.41,qr_code
5729,86,2026-07-16 07:33:11,p2p_transfer,820.24,success,,7134.7,web
5730,271,2026-07-16 08:03:03,p2p_transfer,1096.8,success,,75506.97,agent
5731,196,2026-07-16 08:13:43,p2p_transfer,3163.35,success,,38814.26,mobile_app
5732,211,2026-07-16 08:16:57,top_up,7586.82,success,,160304.18,web
5733,51,2026-07-16 08:40:30,merchant_payment,2137.58,success,,59298.03,qr_code
5734,168,2026-07-16 09:25:38,bill_payment,8097.3,success,,40729.28,mobile_app
5735,155,2026-07-16 09:57:06,bill_payment,809.34,success,,41633.39,web
5736,365,2026-07-16 10:09:08,merchant_payment,330.52,success,,241259.31,agent
5737,275,2026-07-16 10:11:32,merchant_payment,1879.1,success,,151415.26,qr_code
5738,290,2026-07-16 10:54:50,withdrawal,1007.26,success,,20344.45,agent
5739,439,2026-07-16 10:58:53,top_up,1293.17,success,,279172.25,web
5740,173,2026-07-16 11:00:00,top_up,3690.88,success,,87424.37,qr_code
5741,344,2026-07-16 12:27:29,p2p_transfer,1706.96,success,,89284.65,mobile_app
5742,325,2026-07-16 12:32:22,top_up,771.41,success,,1595.22,agent
5743,92,2026-07-16 12:52:51,top_up,23153.31,success,,170472.9,web
5744,480,2026-07-16 13:30:20,top_up,1948.56,success,,69445.83,qr_code
5745,193,2026-07-16 13:40:28,merchant_payment,1980.01,success,,11394.03,web
5746,380,2026-07-16 14:02:55,merchant_payment,531.15,success,,1912.64,agent
5747,329,2026-07-16 14:50:48,bill_payment,1467.75,success,,17740.88,agent
5748,156,2026-07-16 15:03:19,withdrawal,1473.22,failed,invalid_recipient,241862.21,qr_code
5749,193,2026-07-16 15:11:06,p2p_transfer,2780.28,success,,8613.75,qr_code
5750,158,2026-07-16 16:15:07,bill_payment,508.79,failed,network_error,96549.9,mobile_app
5751,127,2026-07-16 17:08:17,bill_payment,2786.96,success,,33239.52,qr_code
5752,272,2026-07-16 17:22:34,merchant_payment,1139.64,success,,113989.71,agent
5753,486,2026-07-16 18:15:19,p2p_transfer,413.12,success,,37113.02,qr_code
5754,201,2026-07-16 18:16:40,top_up,1231.04,failed,limit_exceeded,997.44,qr_code
5755,444,2026-07-16 18:41:36,merchant_payment,3159.62,success,,9300.91,mobile_app
5756,255,2026-07-16 18:53:46,merchant_payment,3126.04,success,,45802.43,web
5757,32,2026-07-16 20:17:44,top_up,835.3,success,,26455.84,qr_code
5758,283,2026-07-16 20:21:02,merchant_payment,673.99,success,,89707.28,agent
5759,154,2026-07-16 20:22:54,p2p_transfer,228.75,success,,94877.33,web
5760,318,2026-07-16 20:23:41,withdrawal,4026.14,failed,limit_exceeded,39717.57,mobile_app
5761,41,2026-07-16 20:48:53,withdrawal,2009.91,success,,105872.29,qr_code
5762,439,2026-07-16 22:03:28,p2p_transfer,1006.48,success,,278165.77,web
5763,332,2026-07-16 22:31:56,p2p_transfer,1878.92,success,,18418.37,web
5764,215,2026-07-16 23:02:11,bill_payment,34576.3,success,,183325.82,agent
5765,329,2026-07-16 23:56:37,top_up,2581.74,success,,20322.62,web
5766,129,2026-07-17 00:52:55,p2p_transfer,1025.93,success,,18097.07,web
5767,479,2026-07-17 01:19:37,top_up,10422.69,success,,270273.61,mobile_app
5768,198,2026-07-17 02:05:01,merchant_payment,478.3,success,,26845.91,mobile_app
5769,262,2026-07-17 04:10:08,merchant_payment,7078.28,success,,51499.19,qr_code
5770,434,2026-07-17 04:54:49,top_up,1423.42,success,,10858.47,qr_code
5771,227,2026-07-17 05:12:02,bill_payment,255.7,success,,72236.29,web
5772,250,2026-07-17 07:13:36,top_up,3976.91,success,,56393.3,qr_code
5773,281,2026-07-17 07:34:19,top_up,4322.29,success,,45938.23,web
5774,350,2026-07-17 07:36:27,bill_payment,2223.25,success,,99012.64,web
5775,228,2026-07-17 08:02:40,top_up,4187.78,success,,43034.78,qr_code
5776,329,2026-07-17 08:05:32,bill_payment,2283.88,success,,18038.74,agent
5777,460,2026-07-17 08:22:37,top_up,8764.54,success,,233958.83,agent
5778,346,2026-07-17 10:05:17,merchant_payment,7397.41,failed,insufficient_funds,3350.67,web
5779,453,2026-07-17 10:21:32,p2p_transfer,1816.51,success,,110803.79,mobile_app
5780,16,2026-07-17 10:29:23,top_up,650.72,success,,36118.36,web
5781,266,2026-07-17 11:12:58,merchant_payment,776.2,success,,54036.93,mobile_app
5782,263,2026-07-17 11:46:35,withdrawal,270.93,success,,49973.07,web
5783,61,2026-07-17 11:48:59,bill_payment,5189.48,success,,141706.56,agent
5784,478,2026-07-17 12:01:45,withdrawal,2358.5,success,,194016.41,qr_code
5785,120,2026-07-17 12:02:10,merchant_payment,2132.44,success,,213053.27,mobile_app
5786,425,2026-07-17 12:03:18,p2p_transfer,3001.84,success,,172479.66,agent
5787,290,2026-07-17 12:54:28,merchant_payment,193.7,success,,20150.75,qr_code
5788,404,2026-07-17 13:00:21,top_up,2688.85,success,,58473.85,agent
5789,87,2026-07-17 13:10:59,top_up,2598.3,success,,187935.94,qr_code
5790,472,2026-07-17 14:16:06,top_up,594.54,success,,82080.2,mobile_app
5791,238,2026-07-17 14:30:52,withdrawal,1132.75,success,,855.03,agent
5792,455,2026-07-17 14:32:23,p2p_transfer,1095.98,success,,13702.32,web
5793,89,2026-07-17 14:36:00,merchant_payment,1380.6,success,,86838.49,mobile_app
5794,313,2026-07-17 14:51:25,top_up,2080.43,success,,64587.76,mobile_app
5795,118,2026-07-17 15:08:53,merchant_payment,18271.15,success,,96036.89,web
5796,318,2026-07-17 15:30:37,top_up,1313.76,success,,41031.33,agent
5797,189,2026-07-17 15:34:58,merchant_payment,9991.66,success,,63921.02,agent
5798,461,2026-07-17 15:35:25,merchant_payment,1757.82,success,,82499.79,agent
5799,119,2026-07-17 15:51:21,p2p_transfer,2979.79,success,,106208.62,agent
5800,258,2026-07-17 16:06:43,merchant_payment,1472.32,success,,18995.49,mobile_app
5801,375,2026-07-17 17:27:34,top_up,357.39,success,,57159.43,qr_code
5802,271,2026-07-17 17:37:31,merchant_payment,370.45,success,,75136.52,mobile_app
5803,273,2026-07-17 17:39:09,bill_payment,930.68,success,,48048.04,mobile_app
5804,168,2026-07-17 17:58:12,p2p_transfer,539.37,success,,40189.91,agent
5805,150,2026-07-17 18:05:23,merchant_payment,822.19,success,,63306.74,mobile_app
5806,407,2026-07-17 19:02:21,bill_payment,2432.05,success,,64395.72,qr_code
5807,163,2026-07-17 19:06:33,withdrawal,3402.58,success,,64797.33,mobile_app
5808,160,2026-07-17 19:09:25,merchant_payment,3129.1,success,,26186.03,mobile_app
5809,31,2026-07-17 20:18:57,top_up,13084.3,success,,214922.28,mobile_app
5810,201,2026-07-17 20:40:54,top_up,16454.61,success,,17452.05,qr_code
5811,11,2026-07-17 20:45:37,top_up,2926.53,success,,130983.03,web
5812,211,2026-07-17 21:05:43,merchant_payment,8261.6,failed,network_error,160304.18,qr_code
5813,251,2026-07-17 22:05:12,bill_payment,745.16,success,,182266.32,qr_code
5814,329,2026-07-17 22:05:27,top_up,6565.02,success,,24603.76,qr_code
5815,281,2026-07-17 22:10:04,merchant_payment,382.77,success,,45555.46,agent
5816,392,2026-07-17 22:18:01,bill_payment,3110.65,success,,69965.81,web
5817,82,2026-07-17 22:24:23,merchant_payment,258.2,success,,101962.6,mobile_app
5818,252,2026-07-18 00:30:12,p2p_transfer,1370.32,success,,148721.17,web
5819,433,2026-07-18 01:29:02,top_up,3800.42,success,,111522.45,agent
5820,80,2026-07-18 03:12:18,merchant_payment,2519.29,failed,insufficient_funds,157.11,agent
5821,318,2026-07-18 03:13:18,merchant_payment,120.83,success,,40910.5,qr_code
5822,433,2026-07-18 03:50:32,p2p_transfer,3771.11,success,,107751.34,web
5823,485,2026-07-18 03:58:41,top_up,1204.8,success,,69945.24,agent
5824,353,2026-07-18 04:08:30,bill_payment,1817.22,success,,21362.72,mobile_app
5825,421,2026-07-18 04:44:54,merchant_payment,898.88,success,,218969.16,web
5826,160,2026-07-18 05:42:14,p2p_transfer,1225.73,success,,24960.3,agent
5827,407,2026-07-18 07:52:53,merchant_payment,681.22,success,,63714.5,agent
5828,98,2026-07-18 08:29:09,withdrawal,676.49,success,,18227.45,mobile_app
5829,189,2026-07-18 08:37:41,bill_payment,1177.69,success,,62743.33,agent
5830,20,2026-07-18 08:37:57,merchant_payment,2141.34,success,,74811.12,qr_code
5831,193,2026-07-18 09:13:09,top_up,4052.91,success,,12666.66,mobile_app
5832,118,2026-07-18 09:17:25,withdrawal,967.58,success,,95069.31,agent
5833,380,2026-07-18 09:44:53,p2p_transfer,2100.05,failed,insufficient_funds,1912.64,web
5834,201,2026-07-18 10:02:41,withdrawal,2931.55,success,,14520.5,web
5835,102,2026-07-18 10:58:50,merchant_payment,639.59,success,,103262.66,agent
5836,194,2026-07-18 11:03:42,p2p_transfer,1007.3,success,,6161.69,web
5837,430,2026-07-18 11:22:05,bill_payment,5516.32,failed,insufficient_funds,4414.19,web
5838,40,2026-07-18 11:37:13,p2p_transfer,2785.64,success,,233954.43,web
5839,211,2026-07-18 12:01:05,top_up,4553.89,success,,164858.07,qr_code
5840,492,2026-07-18 12:31:21,p2p_transfer,4078.94,success,,109787.22,mobile_app
5841,20,2026-07-18 13:23:42,p2p_transfer,566.12,success,,74245.0,agent
5842,413,2026-07-18 13:37:44,merchant_payment,680.91,success,,94947.41,mobile_app
5843,50,2026-07-18 14:06:18,p2p_transfer,2819.07,success,,65472.94,agent
5844,413,2026-07-18 14:07:07,merchant_payment,1546.18,success,,93401.23,qr_code
5845,3,2026-07-18 14:51:47,withdrawal,283.26,success,,12044.94,agent
5846,331,2026-07-18 15:16:07,withdrawal,1277.17,success,,102691.27,mobile_app
5847,61,2026-07-18 15:33:20,bill_payment,2227.98,success,,139478.58,qr_code
5848,43,2026-07-18 16:06:37,top_up,768.78,success,,34743.99,web
5849,26,2026-07-18 16:09:06,merchant_payment,1203.65,failed,invalid_recipient,103711.65,qr_code
5850,371,2026-07-18 16:16:36,p2p_transfer,7789.09,failed,insufficient_funds,2907.68,qr_code
5851,460,2026-07-18 16:19:44,top_up,2932.19,success,,236891.02,mobile_app
5852,375,2026-07-18 16:25:13,top_up,5993.23,success,,63152.66,agent
5853,201,2026-07-18 16:59:44,merchant_payment,2450.04,success,,12070.46,qr_code
5854,478,2026-07-18 17:01:08,top_up,1851.12,success,,195867.53,mobile_app
5855,93,2026-07-18 17:03:54,top_up,401.78,success,,30079.89,web
5856,79,2026-07-18 17:27:47,p2p_transfer,595.73,success,,49276.85,web
5857,28,2026-07-18 17:44:57,merchant_payment,1088.59,failed,limit_exceeded,91571.53,web
5858,88,2026-07-18 17:50:40,merchant_payment,301.24,success,,108110.73,qr_code
5859,389,2026-07-18 17:58:38,merchant_payment,307.94,success,,1364.25,qr_code
5860,258,2026-07-18 18:54:29,bill_payment,3508.77,success,,15486.72,agent
5861,87,2026-07-18 19:28:52,merchant_payment,2708.72,success,,185227.22,agent
5862,148,2026-07-18 19:53:23,withdrawal,796.92,success,,95909.92,qr_code
5863,168,2026-07-18 20:01:47,merchant_payment,1557.75,success,,38632.16,mobile_app
5864,344,2026-07-18 21:19:09,withdrawal,3813.58,success,,85471.07,agent
5865,326,2026-07-18 21:32:25,merchant_payment,788.29,success,,146522.17,web
5866,225,2026-07-18 21:33:26,p2p_transfer,5558.05,success,,68956.77,mobile_app
5867,475,2026-07-18 21:41:03,p2p_transfer,3601.32,success,,14120.86,agent
5868,30,2026-07-18 21:45:47,withdrawal,1306.71,success,,120831.51,web
5869,79,2026-07-18 22:08:34,p2p_transfer,1363.56,success,,47913.29,web
5870,319,2026-07-18 22:21:22,top_up,2817.09,success,,108459.77,agent
5871,267,2026-07-18 22:41:22,p2p_transfer,726.97,success,,77601.69,web
5872,446,2026-07-18 23:51:34,p2p_transfer,6949.16,success,,162458.53,agent
5873,390,2026-07-19 00:37:44,top_up,22115.97,failed,card_declined,24571.29,qr_code
5874,301,2026-07-19 00:54:21,merchant_payment,2311.61,failed,insufficient_funds,436.89,mobile_app
5875,292,2026-07-19 03:57:55,top_up,1652.75,success,,49660.39,qr_code
5876,13,2026-07-19 04:03:10,merchant_payment,1061.98,success,,63525.46,mobile_app
5877,325,2026-07-19 04:52:34,p2p_transfer,179.5,success,,1415.72,web
5878,198,2026-07-19 05:19:25,merchant_payment,2115.56,failed,limit_exceeded,26845.91,web
5879,466,2026-07-19 05:20:51,bill_payment,3447.95,success,,190349.16,mobile_app
5880,53,2026-07-19 07:14:44,bill_payment,807.45,success,,4541.32,web
5881,350,2026-07-19 07:22:37,merchant_payment,906.56,success,,98106.08,agent
5882,242,2026-07-19 08:00:39,withdrawal,9725.8,failed,insufficient_funds,392.32,qr_code
5883,119,2026-07-19 08:15:46,top_up,2537.38,success,,108746.0,agent
5884,479,2026-07-19 08:48:10,merchant_payment,1146.09,success,,269127.52,qr_code
5885,25,2026-07-19 09:33:57,withdrawal,1685.58,success,,29285.24,mobile_app
5886,115,2026-07-19 09:49:35,merchant_payment,560.5,success,,91526.23,qr_code
5887,350,2026-07-19 10:04:29,bill_payment,1132.53,success,,96973.55,agent
5888,76,2026-07-19 10:11:49,merchant_payment,1387.57,success,,80843.67,web
5889,333,2026-07-19 10:24:17,merchant_payment,1131.92,success,,73150.06,web
5890,10,2026-07-19 10:40:21,merchant_payment,331.91,success,,41340.06,mobile_app
5891,165,2026-07-19 10:51:28,bill_payment,569.73,success,,25045.73,web
5892,180,2026-07-19 11:17:30,top_up,375.52,success,,148567.09,mobile_app
5893,10,2026-07-19 11:24:43,top_up,2835.38,success,,44175.44,web
5894,401,2026-07-19 11:31:24,merchant_payment,265.04,success,,87837.3,agent
5895,213,2026-07-19 11:39:08,merchant_payment,727.79,failed,insufficient_funds,508.48,mobile_app
5896,129,2026-07-19 11:44:42,merchant_payment,1714.17,success,,16382.9,qr_code
5897,466,2026-07-19 11:55:06,p2p_transfer,1218.8,success,,189130.36,mobile_app
5898,247,2026-07-19 12:55:23,merchant_payment,816.6,success,,217373.62,web
5899,333,2026-07-19 13:23:29,merchant_payment,698.18,success,,72451.88,mobile_app
5900,394,2026-07-19 13:33:50,bill_payment,998.71,success,,148187.67,web
5901,157,2026-07-19 13:43:16,p2p_transfer,1335.4,success,,93197.4,mobile_app
5902,465,2026-07-19 14:27:40,merchant_payment,344.01,success,,13717.92,web
5903,350,2026-07-19 15:36:27,bill_payment,1724.12,success,,95249.43,web
5904,180,2026-07-19 15:37:45,p2p_transfer,3891.03,success,,144676.06,qr_code
5905,87,2026-07-19 15:57:03,p2p_transfer,1516.43,success,,183710.79,mobile_app
5906,10,2026-07-19 16:06:14,top_up,522.74,success,,44698.18,mobile_app
5907,242,2026-07-19 16:11:31,top_up,6352.74,success,,6745.06,agent
5908,451,2026-07-19 16:40:26,top_up,2596.61,success,,31824.08,agent
5909,338,2026-07-19 16:43:04,merchant_payment,1346.26,success,,113665.95,qr_code
5910,484,2026-07-19 16:44:22,p2p_transfer,3233.35,success,,59272.52,agent
5911,201,2026-07-19 17:12:27,bill_payment,5529.49,success,,6540.97,web
5912,156,2026-07-19 17:35:55,top_up,1202.67,success,,243064.88,web
5913,380,2026-07-19 18:15:44,merchant_payment,1752.82,success,,159.82,web
5914,40,2026-07-19 19:21:52,top_up,2322.77,success,,236277.2,mobile_app
5915,489,2026-07-19 19:24:24,merchant_payment,3425.42,success,,72581.77,mobile_app
5916,222,2026-07-19 19:26:07,merchant_payment,3607.65,success,,49995.82,agent
5917,435,2026-07-19 19:35:12,merchant_payment,2178.26,success,,15942.36,web
5918,478,2026-07-19 19:35:48,p2p_transfer,3853.83,success,,192013.7,qr_code
5919,187,2026-07-19 19:38:16,p2p_transfer,631.04,success,,21268.36,mobile_app
5920,440,2026-07-19 19:56:20,p2p_transfer,626.94,success,,204426.62,mobile_app
5921,336,2026-07-19 20:15:36,p2p_transfer,677.45,success,,277359.56,mobile_app
5922,283,2026-07-19 20:40:37,merchant_payment,1244.4,success,,88462.88,qr_code
5923,13,2026-07-19 20:58:46,p2p_transfer,1803.7,success,,61721.76,qr_code
5924,466,2026-07-19 21:20:43,bill_payment,1519.77,success,,187610.59,qr_code
5925,180,2026-07-19 22:39:34,withdrawal,1493.88,failed,network_error,144676.06,qr_code
5926,165,2026-07-19 22:45:22,merchant_payment,1772.22,success,,23273.51,qr_code
5927,441,2026-07-19 23:05:50,top_up,2227.92,success,,2433.82,web
5928,478,2026-07-19 23:20:57,p2p_transfer,793.54,success,,191220.16,web
5929,88,2026-07-19 23:33:31,top_up,2007.06,success,,110117.79,mobile_app
5930,312,2026-07-19 23:56:14,bill_payment,2468.89,success,,79905.24,qr_code
5931,29,2026-07-20 00:36:39,merchant_payment,1195.66,success,,64944.39,agent
5932,358,2026-07-20 00:57:05,p2p_transfer,3696.63,failed,insufficient_funds,50.78,mobile_app
5933,279,2026-07-20 01:37:46,merchant_payment,3906.87,success,,1112.63,mobile_app
5934,459,2026-07-20 01:49:51,merchant_payment,21837.11,failed,insufficient_funds,5913.35,agent
5935,403,2026-07-20 02:10:43,merchant_payment,34252.2,failed,insufficient_funds,19882.8,qr_code
5936,257,2026-07-20 02:52:24,top_up,19131.57,success,,21870.25,agent
5937,411,2026-07-20 03:01:16,top_up,902.26,success,,123350.22,web
5938,428,2026-07-20 03:21:48,merchant_payment,9867.2,success,,54943.59,agent
5939,81,2026-07-20 07:00:08,top_up,1239.26,success,,75538.41,web
5940,122,2026-07-20 07:05:46,withdrawal,1877.15,success,,118721.04,agent
5941,411,2026-07-20 08:00:56,p2p_transfer,3548.03,success,,119802.19,mobile_app
5942,322,2026-07-20 08:11:19,merchant_payment,366.86,success,,109813.81,mobile_app
5943,112,2026-07-20 08:35:24,merchant_payment,545.81,success,,79073.1,agent
5944,492,2026-07-20 09:32:16,merchant_payment,797.87,success,,108989.35,agent
5945,312,2026-07-20 09:34:40,bill_payment,4597.78,success,,75307.46,mobile_app
5946,444,2026-07-20 09:45:33,top_up,1095.94,success,,10396.85,web
5947,22,2026-07-20 10:00:51,merchant_payment,2120.57,success,,117303.75,agent
5948,482,2026-07-20 10:29:00,withdrawal,268.29,success,,37936.58,agent
5949,46,2026-07-20 10:35:45,bill_payment,12203.81,failed,insufficient_funds,2714.77,mobile_app
5950,313,2026-07-20 11:26:32,bill_payment,286.53,success,,64301.23,web
5951,272,2026-07-20 11:27:26,top_up,764.88,success,,114754.59,web
5952,394,2026-07-20 11:48:07,merchant_payment,3175.87,success,,145011.8,mobile_app
5953,331,2026-07-20 11:48:33,merchant_payment,749.73,success,,101941.54,web
5954,291,2026-07-20 12:12:12,merchant_payment,863.96,success,,15165.75,agent
5955,417,2026-07-20 13:44:57,p2p_transfer,151.7,success,,15435.06,mobile_app
5956,261,2026-07-20 13:58:33,top_up,3229.81,success,,57056.95,qr_code
5957,426,2026-07-20 13:59:17,top_up,409.18,success,,1497.29,web
5958,80,2026-07-20 14:14:27,bill_payment,1306.16,failed,insufficient_funds,157.11,agent
5959,188,2026-07-20 14:17:14,top_up,1113.28,success,,15116.7,qr_code
5960,273,2026-07-20 14:28:05,merchant_payment,1123.97,success,,46924.07,agent
5961,362,2026-07-20 14:46:52,p2p_transfer,425.06,success,,93271.25,agent
5962,80,2026-07-20 14:49:59,merchant_payment,4046.28,failed,insufficient_funds,157.11,web
5963,55,2026-07-20 15:04:30,top_up,3436.83,success,,228455.96,qr_code
5964,394,2026-07-20 15:14:19,p2p_transfer,7029.2,success,,137982.6,mobile_app
5965,135,2026-07-20 15:16:51,top_up,755.52,success,,64032.81,mobile_app
5966,460,2026-07-20 15:46:44,p2p_transfer,5735.12,success,,231155.9,mobile_app
5967,489,2026-07-20 16:00:16,bill_payment,1049.05,failed,network_error,72581.77,web
5968,333,2026-07-20 16:27:36,top_up,3187.22,success,,75639.1,qr_code
5969,111,2026-07-20 16:53:39,merchant_payment,2257.93,success,,52957.84,mobile_app
5970,220,2026-07-20 17:20:00,p2p_transfer,650.66,success,,47310.07,mobile_app
5971,445,2026-07-20 17:23:43,bill_payment,647.95,success,,108045.96,mobile_app
5972,230,2026-07-20 17:26:53,p2p_transfer,909.6,success,,20331.59,mobile_app
5973,329,2026-07-20 17:50:23,p2p_transfer,1466.57,success,,23137.19,web
5974,87,2026-07-20 18:09:10,withdrawal,3306.28,success,,180404.51,agent
5975,451,2026-07-20 18:10:39,withdrawal,727.72,success,,31096.36,agent
5976,62,2026-07-20 18:18:46,top_up,1605.57,success,,109060.91,qr_code
5977,220,2026-07-20 18:45:30,withdrawal,249.83,success,,47060.24,mobile_app
5978,150,2026-07-20 18:52:33,p2p_transfer,3933.23,failed,network_error,63306.74,qr_code
5979,303,2026-07-20 18:55:04,merchant_payment,6134.71,success,,97422.71,web
5980,445,2026-07-20 19:09:31,merchant_payment,1055.55,failed,limit_exceeded,108045.96,qr_code
5981,450,2026-07-20 19:24:12,top_up,1049.58,success,,119970.27,web
5982,156,2026-07-20 19:29:53,merchant_payment,285.23,success,,242779.65,qr_code
5983,7,2026-07-20 19:34:44,merchant_payment,934.58,success,,527.29,qr_code
5984,450,2026-07-20 19:37:04,merchant_payment,3608.44,success,,116361.83,qr_code
5985,434,2026-07-20 20:09:05,top_up,7909.57,success,,18768.04,qr_code
5986,105,2026-07-20 20:50:23,withdrawal,1996.68,failed,insufficient_funds,727.63,web
5987,228,2026-07-20 21:27:26,top_up,1469.3,success,,44504.08,qr_code
5988,498,2026-07-20 22:01:21,bill_payment,1824.6,success,,45303.92,mobile_app
5989,172,2026-07-20 22:47:37,p2p_transfer,1777.9,success,,34559.16,web
5990,278,2026-07-20 23:04:45,bill_payment,1291.78,success,,20806.55,web
5991,357,2026-07-20 23:49:04,bill_payment,737.48,success,,141.15,mobile_app
5992,83,2026-07-20 23:49:30,merchant_payment,2325.42,failed,insufficient_funds,309.41,qr_code
5993,152,2026-07-21 01:47:33,merchant_payment,4358.73,success,,24023.99,mobile_app
5994,301,2026-07-21 04:15:21,top_up,4831.58,failed,card_declined,436.89,qr_code
5995,334,2026-07-21 04:17:05,merchant_payment,2668.2,failed,insufficient_funds,1850.71,agent
5996,459,2026-07-21 04:34:16,top_up,6247.18,success,,12160.53,agent
5997,148,2026-07-21 05:50:00,merchant_payment,336.25,success,,95573.67,mobile_app
5998,78,2026-07-21 07:01:44,p2p_transfer,974.5,success,,77395.69,agent
5999,450,2026-07-21 07:50:15,top_up,4788.64,success,,121150.47,qr_code
6000,403,2026-07-21 08:18:02,top_up,335.06,success,,20217.86,web
6001,374,2026-07-21 08:35:25,merchant_payment,358.47,success,,55064.26,mobile_app
6002,331,2026-07-21 08:37:40,p2p_transfer,1065.86,success,,100875.68,agent
6003,298,2026-07-21 08:37:59,p2p_transfer,564.22,failed,suspected_fraud,7418.7,qr_code
6004,359,2026-07-21 09:08:27,bill_payment,549.67,success,,43045.01,web
6005,31,2026-07-21 09:42:12,withdrawal,2882.47,success,,212039.81,web
6006,357,2026-07-21 10:05:50,p2p_transfer,16691.93,failed,insufficient_funds,141.15,qr_code
6007,31,2026-07-21 10:17:33,withdrawal,4328.56,success,,207711.25,web
6008,150,2026-07-21 10:24:47,top_up,1309.49,success,,64616.23,qr_code
6009,478,2026-07-21 10:28:49,top_up,976.32,success,,192196.48,mobile_app
6010,411,2026-07-21 10:38:53,bill_payment,13465.22,success,,106336.97,web
6011,485,2026-07-21 10:47:08,merchant_payment,6957.51,success,,62987.73,mobile_app
6012,70,2026-07-21 11:02:58,top_up,2149.57,success,,66388.79,qr_code
6013,371,2026-07-21 11:10:53,merchant_payment,12833.65,failed,insufficient_funds,2907.68,qr_code
6014,404,2026-07-21 11:13:23,top_up,5390.61,success,,63864.46,web
6015,258,2026-07-21 12:30:29,top_up,5589.74,success,,21076.46,agent
6016,172,2026-07-21 12:39:57,p2p_transfer,2048.39,success,,32510.77,web
6017,201,2026-07-21 12:48:17,bill_payment,572.85,failed,card_declined,6540.97,mobile_app
6018,237,2026-07-21 13:03:35,p2p_transfer,1554.17,success,,58418.08,qr_code
6019,160,2026-07-21 13:38:23,merchant_payment,4557.19,success,,20403.11,qr_code
6020,329,2026-07-21 13:58:02,p2p_transfer,3989.26,success,,19147.93,mobile_app
6021,450,2026-07-21 14:22:50,p2p_transfer,87.08,success,,121063.39,web
6022,156,2026-07-21 14:32:45,withdrawal,2273.86,success,,240505.79,qr_code
6023,50,2026-07-21 15:02:47,p2p_transfer,4506.06,success,,60966.88,agent
6024,105,2026-07-21 16:05:49,withdrawal,1850.39,failed,insufficient_funds,727.63,web
6025,30,2026-07-21 16:31:07,merchant_payment,1924.47,success,,118907.04,qr_code
6026,466,2026-07-21 16:32:56,bill_payment,8418.27,success,,179192.32,mobile_app
6027,333,2026-07-21 16:43:35,merchant_payment,444.38,success,,75194.72,qr_code
6028,126,2026-07-21 16:52:01,top_up,1025.04,success,,20800.51,qr_code
6029,404,2026-07-21 17:12:35,top_up,1941.09,success,,65805.55,mobile_app
6030,413,2026-07-21 17:13:37,top_up,3985.09,success,,97386.32,agent
6031,318,2026-07-21 17:32:31,merchant_payment,1898.86,success,,39011.64,mobile_app
6032,445,2026-07-21 17:48:48,merchant_payment,3335.39,success,,104710.57,agent
6033,185,2026-07-21 18:34:49,top_up,3982.83,failed,suspected_fraud,69267.31,mobile_app
6034,118,2026-07-21 18:35:55,top_up,13493.33,success,,108562.64,web
6035,150,2026-07-21 18:53:56,withdrawal,1080.69,success,,63535.54,mobile_app
6036,83,2026-07-21 18:58:15,merchant_payment,3627.57,failed,insufficient_funds,309.41,web
6037,432,2026-07-21 18:58:22,withdrawal,1164.04,success,,3752.54,web
6038,380,2026-07-21 19:16:06,merchant_payment,4120.32,failed,insufficient_funds,159.82,web
6039,333,2026-07-21 19:30:46,merchant_payment,2468.75,success,,72725.97,agent
6040,261,2026-07-21 19:53:15,withdrawal,5245.7,success,,51811.25,web
6041,42,2026-07-21 20:24:47,p2p_transfer,2964.02,success,,8114.49,web
6042,208,2026-07-21 20:44:43,merchant_payment,2112.06,success,,118244.89,qr_code
6043,94,2026-07-21 21:41:37,p2p_transfer,1039.99,success,,78206.51,web
6044,252,2026-07-21 22:20:35,top_up,674.58,success,,149395.75,qr_code
6045,185,2026-07-21 22:50:24,p2p_transfer,2085.7,success,,67181.61,agent
6046,102,2026-07-21 23:39:07,bill_payment,446.14,success,,102816.52,web
6047,19,2026-07-22 01:02:54,merchant_payment,1266.63,failed,insufficient_funds,21.28,agent
6048,403,2026-07-22 01:37:22,merchant_payment,479.18,failed,limit_exceeded,20217.86,web
6049,434,2026-07-22 01:43:58,merchant_payment,8684.13,success,,10083.91,mobile_app
6050,167,2026-07-22 02:02:09,merchant_payment,16400.08,failed,insufficient_funds,11566.74,agent
6051,116,2026-07-22 02:05:37,merchant_payment,2862.67,success,,35522.25,qr_code
6052,252,2026-07-22 02:12:19,p2p_transfer,1676.15,success,,147719.6,web
6053,21,2026-07-22 03:20:39,withdrawal,235.55,success,,2554.8,mobile_app
6054,387,2026-07-22 03:42:03,p2p_transfer,1483.62,success,,149039.52,qr_code
6055,390,2026-07-22 03:48:04,merchant_payment,1056.35,success,,23514.94,web
6056,65,2026-07-22 03:55:06,top_up,862.35,success,,138065.62,mobile_app
6057,105,2026-07-22 04:02:09,top_up,2385.25,success,,3112.88,agent
6058,20,2026-07-22 04:02:28,merchant_payment,677.47,success,,73567.53,web
6059,7,2026-07-22 04:58:29,top_up,6272.02,success,,6799.31,qr_code
6060,346,2026-07-22 05:08:12,p2p_transfer,1684.62,success,,1666.05,mobile_app
6061,127,2026-07-22 05:20:54,top_up,3452.18,success,,36691.7,agent
6062,464,2026-07-22 07:11:01,merchant_payment,2567.98,success,,55385.24,mobile_app
6063,440,2026-07-22 07:37:56,p2p_transfer,2097.04,success,,202329.58,web
6064,82,2026-07-22 07:56:07,top_up,1598.7,success,,103561.3,web
6065,494,2026-07-22 08:00:10,merchant_payment,3306.37,success,,35723.94,mobile_app
6066,478,2026-07-22 08:23:19,p2p_transfer,1136.04,success,,191060.44,agent
6067,303,2026-07-22 08:24:13,merchant_payment,354.97,success,,97067.74,mobile_app
6068,430,2026-07-22 08:26:34,top_up,6567.47,success,,10981.66,mobile_app
6069,30,2026-07-22 08:45:59,merchant_payment,1442.37,success,,117464.67,qr_code
6070,396,2026-07-22 08:53:11,withdrawal,2907.27,success,,25483.8,agent
6071,116,2026-07-22 09:03:35,top_up,2362.86,success,,37885.11,mobile_app
6072,24,2026-07-22 09:20:30,merchant_payment,2617.93,success,,4286.27,qr_code
6073,189,2026-07-22 09:28:11,merchant_payment,416.79,success,,62326.54,qr_code
6074,155,2026-07-22 09:37:50,merchant_payment,934.73,success,,40698.66,mobile_app
6075,316,2026-07-22 09:47:20,merchant_payment,513.86,success,,67941.47,mobile_app
6076,392,2026-07-22 10:06:56,merchant_payment,409.83,success,,69555.98,web
6077,493,2026-07-22 10:14:50,top_up,11306.83,success,,179792.51,web
6078,160,2026-07-22 10:31:07,bill_payment,1905.36,failed,suspected_fraud,20403.11,web
6079,477,2026-07-22 10:32:08,merchant_payment,1006.45,success,,80339.08,mobile_app
6080,79,2026-07-22 10:40:03,merchant_payment,659.91,success,,47253.38,agent
6081,380,2026-07-22 11:11:24,withdrawal,1420.44,failed,insufficient_funds,159.82,mobile_app
6082,294,2026-07-22 11:24:54,merchant_payment,10167.24,success,,67559.77,web
6083,261,2026-07-22 11:29:59,top_up,1286.8,success,,53098.05,agent
6084,475,2026-07-22 12:16:39,merchant_payment,1301.28,success,,12819.58,qr_code
6085,258,2026-07-22 12:39:35,p2p_transfer,2940.66,success,,18135.8,qr_code
6086,96,2026-07-22 13:01:15,top_up,11052.35,success,,158214.78,web
6087,427,2026-07-22 13:04:35,merchant_payment,830.29,success,,90766.59,agent
6088,491,2026-07-22 13:05:45,withdrawal,1083.24,success,,107956.03,qr_code
6089,116,2026-07-22 13:07:23,merchant_payment,632.62,success,,37252.49,qr_code
6090,498,2026-07-22 13:16:08,top_up,7186.78,success,,52490.7,qr_code
6091,429,2026-07-22 14:17:29,merchant_payment,8323.7,success,,32164.29,web
6092,94,2026-07-22 14:20:18,bill_payment,969.95,success,,77236.56,qr_code
6093,273,2026-07-22 14:36:47,bill_payment,847.02,success,,46077.05,qr_code
6094,487,2026-07-22 14:44:33,p2p_transfer,1002.2,success,,23556.82,qr_code
6095,50,2026-07-22 15:24:14,bill_payment,546.77,success,,60420.11,mobile_app
6096,329,2026-07-22 15:32:05,merchant_payment,4618.54,success,,14529.39,mobile_app
6097,428,2026-07-22 15:35:34,bill_payment,168.05,failed,card_declined,54943.59,mobile_app
6098,81,2026-07-22 16:01:07,merchant_payment,3265.95,success,,72272.46,qr_code
6099,434,2026-07-22 16:01:39,merchant_payment,1013.7,success,,9070.21,web
6100,433,2026-07-22 16:25:09,p2p_transfer,2494.21,success,,105257.13,mobile_app
6101,337,2026-07-22 16:30:44,merchant_payment,5571.82,success,,54125.61,mobile_app
6102,329,2026-07-22 16:45:56,withdrawal,1078.03,success,,13451.36,web
6103,310,2026-07-22 16:49:50,top_up,2675.02,success,,45415.93,agent
6104,20,2026-07-22 17:03:18,top_up,4941.44,success,,78508.97,agent
6105,140,2026-07-22 17:23:58,p2p_transfer,3973.29,success,,62571.93,qr_code
6106,82,2026-07-22 17:30:05,merchant_payment,380.11,success,,103181.19,mobile_app
6107,148,2026-07-22 17:30:20,p2p_transfer,583.0,success,,94990.67,mobile_app
6108,493,2026-07-22 18:02:58,p2p_transfer,1317.43,success,,178475.08,agent
6109,381,2026-07-22 18:14:38,merchant_payment,939.68,success,,75638.78,mobile_app
6110,86,2026-07-22 18:21:37,p2p_transfer,360.11,success,,6774.59,qr_code
6111,263,2026-07-22 18:22:24,merchant_payment,575.23,success,,49397.84,agent
6112,460,2026-07-22 18:41:55,top_up,986.5,success,,232142.4,qr_code
6113,448,2026-07-22 19:00:39,merchant_payment,1901.44,success,,57496.89,web
6114,392,2026-07-22 19:16:52,p2p_transfer,522.09,success,,69033.89,agent
6115,448,2026-07-22 19:52:31,p2p_transfer,3464.52,success,,54032.37,agent
6116,50,2026-07-22 20:11:23,merchant_payment,492.34,success,,59927.77,qr_code
6117,123,2026-07-22 21:14:08,p2p_transfer,657.55,success,,93.95,web
6118,344,2026-07-22 21:22:49,withdrawal,250.52,success,,85220.55,agent
6119,433,2026-07-22 21:23:53,merchant_payment,1296.74,success,,103960.39,mobile_app
6120,448,2026-07-22 21:58:40,p2p_transfer,5768.42,success,,48263.95,qr_code
6121,127,2026-07-22 21:59:01,p2p_transfer,141.56,success,,36550.14,agent
6122,440,2026-07-22 21:59:13,top_up,2344.62,success,,204674.2,web
6123,358,2026-07-22 22:25:03,merchant_payment,595.12,failed,insufficient_funds,50.78,mobile_app
6124,10,2026-07-22 23:05:35,bill_payment,895.15,success,,43803.03,qr_code
6125,478,2026-07-22 23:24:32,merchant_payment,4908.27,success,,186152.17,agent
6126,407,2026-07-22 23:25:36,top_up,722.96,success,,64437.46,mobile_app
6127,102,2026-07-22 23:26:39,merchant_payment,3664.04,success,,99152.48,agent
6128,156,2026-07-22 23:28:19,p2p_transfer,2091.04,success,,238414.75,mobile_app
6129,92,2026-07-22 23:41:14,merchant_payment,4988.91,success,,165483.99,qr_code
6130,453,2026-07-22 23:55:53,top_up,3558.91,success,,114362.7,agent
6131,19,2026-07-23 00:33:06,merchant_payment,1462.51,failed,insufficient_funds,21.28,agent
6132,158,2026-07-23 01:39:40,merchant_payment,1662.73,success,,94887.17,mobile_app
6133,160,2026-07-23 02:45:32,p2p_transfer,221.73,success,,20181.38,web
6134,445,2026-07-23 04:42:54,withdrawal,982.91,success,,103727.66,qr_code
6135,42,2026-07-23 05:24:59,merchant_payment,934.15,success,,7180.34,web
6136,348,2026-07-23 07:02:37,merchant_payment,244.79,success,,18740.84,agent
6137,217,2026-07-23 07:35:00,p2p_transfer,310.67,success,,25404.83,qr_code
6138,89,2026-07-23 07:49:45,merchant_payment,606.6,success,,86231.89,web
6139,192,2026-07-23 07:52:13,top_up,2400.66,success,,62127.0,web
6140,92,2026-07-23 07:54:46,top_up,1268.93,success,,166752.92,web
6141,307,2026-07-23 08:00:12,merchant_payment,3673.19,success,,11575.22,agent
6142,250,2026-07-23 08:16:36,merchant_payment,2812.74,success,,53580.56,qr_code
6143,149,2026-07-23 08:51:54,p2p_transfer,1275.5,success,,98.47,mobile_app
6144,86,2026-07-23 08:54:12,merchant_payment,2109.19,success,,4665.4,qr_code
6145,359,2026-07-23 08:59:05,top_up,1496.88,success,,44541.89,qr_code
6146,451,2026-07-23 09:34:19,merchant_payment,224.25,success,,30872.11,agent
6147,312,2026-07-23 09:49:00,top_up,2601.04,success,,77908.5,web
6148,490,2026-07-23 10:46:25,withdrawal,1258.9,success,,123993.85,agent
6149,163,2026-07-23 11:06:56,top_up,3327.82,success,,68125.15,qr_code
6150,338,2026-07-23 11:51:03,bill_payment,3241.28,success,,110424.67,qr_code
6151,86,2026-07-23 11:56:43,top_up,1039.06,success,,5704.46,agent
6152,313,2026-07-23 12:00:25,merchant_payment,11013.64,success,,53287.59,agent
6153,333,2026-07-23 12:04:20,bill_payment,947.22,failed,network_error,72725.97,agent
6154,265,2026-07-23 12:12:07,top_up,786.32,success,,6090.96,qr_code
6155,266,2026-07-23 13:21:59,merchant_payment,140.66,success,,53896.27,qr_code
6156,474,2026-07-23 13:38:31,merchant_payment,1169.28,success,,15077.72,qr_code
6157,24,2026-07-23 13:41:12,merchant_payment,1874.3,success,,2411.97,web
6158,461,2026-07-23 13:43:07,top_up,1667.22,success,,84167.01,agent
6159,141,2026-07-23 13:55:54,bill_payment,1758.43,success,,15625.17,qr_code
6160,172,2026-07-23 15:11:42,merchant_payment,348.87,success,,32161.9,agent
6161,211,2026-07-23 15:26:31,p2p_transfer,1205.22,success,,163652.85,agent
6162,87,2026-07-23 15:43:23,p2p_transfer,1248.57,success,,179155.94,mobile_app
6163,172,2026-07-23 16:27:44,top_up,804.06,success,,32965.96,mobile_app
6164,462,2026-07-23 16:30:38,merchant_payment,906.99,success,,23945.41,qr_code
6165,498,2026-07-23 17:34:45,merchant_payment,567.59,success,,51923.11,web
6166,314,2026-07-23 18:09:05,top_up,1830.94,success,,81282.12,agent
6167,405,2026-07-23 18:18:32,merchant_payment,2978.6,success,,28015.79,web
6168,389,2026-07-23 18:40:13,merchant_payment,522.3,success,,841.95,agent
6169,83,2026-07-23 18:54:19,merchant_payment,438.19,failed,insufficient_funds,309.41,web
6170,281,2026-07-23 19:36:36,p2p_transfer,1524.9,success,,44030.56,mobile_app
6171,349,2026-07-23 19:57:28,merchant_payment,552.95,success,,28535.28,agent
6172,415,2026-07-23 19:57:43,merchant_payment,273.42,failed,limit_exceeded,77626.01,mobile_app
6173,407,2026-07-23 19:59:51,top_up,331.92,success,,64769.38,qr_code
6174,20,2026-07-23 20:12:34,withdrawal,3970.67,success,,74538.3,agent
6175,336,2026-07-23 20:26:14,top_up,7567.17,success,,284926.73,qr_code
6176,263,2026-07-23 20:38:10,merchant_payment,1099.7,success,,48298.14,mobile_app
6177,356,2026-07-23 21:08:06,merchant_payment,3527.39,failed,insufficient_funds,3337.66,mobile_app
6178,313,2026-07-23 21:45:18,merchant_payment,505.06,success,,52782.53,mobile_app
6179,94,2026-07-23 22:19:43,top_up,997.65,success,,78234.21,agent
6180,180,2026-07-23 22:54:15,merchant_payment,1151.81,success,,143524.25,web
6181,259,2026-07-23 23:09:23,top_up,874.37,success,,53367.85,mobile_app
6182,7,2026-07-23 23:13:12,top_up,3767.38,success,,10566.69,mobile_app
6183,82,2026-07-23 23:14:50,p2p_transfer,1060.85,success,,102120.34,agent
6184,359,2026-07-23 23:28:30,merchant_payment,1060.48,success,,43481.41,qr_code
6185,115,2026-07-23 23:45:38,merchant_payment,846.86,success,,90679.37,mobile_app
6186,13,2026-07-24 00:26:02,top_up,19167.87,success,,80889.63,web
6187,93,2026-07-24 02:02:57,p2p_transfer,453.32,success,,29626.57,agent
6188,8,2026-07-24 02:08:36,merchant_payment,2946.76,success,,1399.85,agent
6189,326,2026-07-24 03:05:07,p2p_transfer,1475.11,success,,145047.06,mobile_app
6190,102,2026-07-24 03:32:41,withdrawal,767.45,success,,98385.03,mobile_app
6191,168,2026-07-24 04:03:21,merchant_payment,2593.36,success,,36038.8,web
6192,201,2026-07-24 04:16:04,merchant_payment,381.71,success,,6159.26,agent
6193,116,2026-07-24 04:27:16,withdrawal,1128.93,success,,36123.56,mobile_app
6194,414,2026-07-24 04:30:33,merchant_payment,5372.92,failed,insufficient_funds,2269.71,qr_code
6195,403,2026-07-24 05:15:07,p2p_transfer,2061.44,success,,18156.42,web
6196,434,2026-07-24 05:37:45,p2p_transfer,575.89,success,,8494.32,web
6197,262,2026-07-24 07:16:19,merchant_payment,7254.66,failed,card_declined,51499.19,web
6198,89,2026-07-24 08:20:31,top_up,3492.88,success,,89724.77,qr_code
6199,367,2026-07-24 08:22:42,merchant_payment,6533.18,failed,network_error,38507.84,agent
6200,164,2026-07-24 09:18:04,p2p_transfer,818.56,success,,64339.5,web
6201,492,2026-07-24 10:13:40,top_up,5143.14,success,,114132.49,agent
6202,150,2026-07-24 11:00:02,merchant_payment,967.9,success,,62567.64,agent
6203,381,2026-07-24 11:11:40,bill_payment,440.71,success,,75198.07,agent
6204,23,2026-07-24 11:13:12,merchant_payment,739.52,success,,18106.73,mobile_app
6205,92,2026-07-24 11:35:39,bill_payment,2618.27,success,,164134.65,mobile_app
6206,112,2026-07-24 11:46:04,p2p_transfer,668.31,success,,78404.79,mobile_app
6207,10,2026-07-24 12:04:14,p2p_transfer,1441.93,success,,42361.1,agent
6208,460,2026-07-24 12:10:41,merchant_payment,3141.9,success,,229000.5,web
6209,230,2026-07-24 12:37:01,p2p_transfer,2367.67,success,,17963.92,mobile_app
6210,116,2026-07-24 12:41:04,merchant_payment,1224.27,success,,34899.29,agent
6211,477,2026-07-24 12:54:38,p2p_transfer,11378.87,success,,68960.21,web
6212,460,2026-07-24 13:26:45,top_up,16077.6,success,,245078.1,agent
6213,275,2026-07-24 13:33:59,merchant_payment,1407.82,failed,network_error,151415.26,agent
6214,50,2026-07-24 13:40:13,merchant_payment,1827.5,success,,58100.27,agent
6215,180,2026-07-24 13:42:07,withdrawal,1214.39,success,,142309.86,qr_code
6216,380,2026-07-24 13:49:11,p2p_transfer,1917.83,failed,insufficient_funds,159.82,web
6217,357,2026-07-24 14:04:15,merchant_payment,2004.58,failed,insufficient_funds,141.15,mobile_app
6218,380,2026-07-24 14:04:30,top_up,3489.2,success,,3649.02,web
6219,10,2026-07-24 14:08:02,top_up,630.29,failed,card_declined,42361.1,agent
6220,311,2026-07-24 14:19:13,top_up,2765.73,success,,86863.03,agent
6221,189,2026-07-24 14:20:12,merchant_payment,10546.16,success,,51780.38,agent
6222,189,2026-07-24 14:26:32,p2p_transfer,2619.48,success,,49160.9,qr_code
6223,102,2026-07-24 14:44:11,p2p_transfer,282.9,success,,98102.13,web
6224,383,2026-07-24 14:59:35,withdrawal,405.4,failed,insufficient_funds,227.92,web
6225,493,2026-07-24 15:02:42,merchant_payment,672.66,success,,177802.42,agent
6226,92,2026-07-24 15:03:37,top_up,1498.94,success,,165633.59,web
6227,201,2026-07-24 15:54:03,merchant_payment,2058.91,success,,4100.35,mobile_app
6228,299,2026-07-24 15:59:07,withdrawal,1415.17,failed,limit_exceeded,8255.48,qr_code
6229,208,2026-07-24 16:54:28,bill_payment,271.01,success,,117973.88,mobile_app
6230,492,2026-07-24 18:02:31,merchant_payment,5889.11,success,,108243.38,web
6231,325,2026-07-24 18:19:05,p2p_transfer,24634.5,failed,insufficient_funds,1415.72,web
6232,211,2026-07-24 19:09:10,merchant_payment,6325.23,success,,157327.62,qr_code
6233,441,2026-07-24 19:23:54,top_up,853.89,failed,limit_exceeded,2433.82,mobile_app
6234,107,2026-07-24 19:28:24,merchant_payment,153.77,success,,117820.58,qr_code
6235,281,2026-07-24 19:44:18,p2p_transfer,2981.0,success,,41049.56,qr_code
6236,435,2026-07-24 19:44:36,top_up,1962.98,success,,17905.34,mobile_app
6237,332,2026-07-24 19:53:29,top_up,1754.16,success,,20172.53,mobile_app
6238,166,2026-07-24 20:07:37,p2p_transfer,5782.96,success,,46970.05,web
6239,411,2026-07-24 20:11:35,top_up,6469.15,success,,112806.12,agent
6240,355,2026-07-24 20:56:39,bill_payment,303.73,success,,43912.16,mobile_app
6241,281,2026-07-24 21:16:47,p2p_transfer,800.18,success,,40249.38,agent
6242,440,2026-07-24 21:20:59,p2p_transfer,3786.85,success,,200887.35,qr_code
6243,187,2026-07-24 21:27:30,bill_payment,809.05,success,,20459.31,web
6244,433,2026-07-24 21:33:02,merchant_payment,266.04,success,,103694.35,mobile_app
6245,78,2026-07-24 21:38:32,p2p_transfer,999.65,success,,76396.04,agent
6246,469,2026-07-24 22:11:01,p2p_transfer,1433.22,success,,35822.33,agent
6247,95,2026-07-24 22:24:18,withdrawal,1720.93,success,,83484.33,mobile_app
6248,453,2026-07-24 22:43:59,top_up,4269.62,success,,118632.32,web
6249,13,2026-07-24 23:19:51,top_up,1715.26,success,,82604.89,web
6250,479,2026-07-24 23:23:20,p2p_transfer,6858.4,success,,262269.12,web
6251,479,2026-07-24 23:23:21,bill_payment,371.86,success,,261897.26,mobile_app
6252,136,2026-07-24 23:34:06,p2p_transfer,544.07,success,,117286.19,qr_code
6253,193,2026-07-24 23:42:27,bill_payment,377.47,success,,12289.19,agent
6254,180,2026-07-25 00:11:32,withdrawal,2944.82,success,,139365.04,agent
6255,198,2026-07-25 00:26:10,bill_payment,1656.39,success,,25189.52,mobile_app
6256,327,2026-07-25 00:48:36,top_up,6322.05,success,,12769.65,qr_code
6257,246,2026-07-25 01:46:17,merchant_payment,1813.4,failed,insufficient_funds,1449.4,qr_code
6258,100,2026-07-25 02:13:01,merchant_payment,3584.67,success,,12999.06,mobile_app
6259,81,2026-07-25 02:24:25,p2p_transfer,820.5,success,,71451.96,mobile_app
6260,167,2026-07-25 02:27:38,bill_payment,7110.07,success,,4456.67,web
6261,105,2026-07-25 03:45:18,p2p_transfer,148.37,success,,2964.51,mobile_app
6262,298,2026-07-25 04:37:07,p2p_transfer,9896.85,failed,insufficient_funds,7418.7,agent
6263,80,2026-07-25 07:02:16,p2p_transfer,782.19,failed,insufficient_funds,157.11,mobile_app
6264,266,2026-07-25 07:05:14,withdrawal,1988.05,success,,51908.22,mobile_app
6265,205,2026-07-25 07:34:16,top_up,1370.9,success,,95270.03,qr_code
6266,201,2026-07-25 07:46:57,p2p_transfer,965.3,success,,3135.05,web
6267,451,2026-07-25 09:21:50,bill_payment,357.87,success,,30514.24,qr_code
6268,92,2026-07-25 09:25:59,top_up,1662.16,success,,167295.75,web
6269,411,2026-07-25 11:28:30,withdrawal,1978.24,success,,110827.88,agent
6270,494,2026-07-25 11:49:43,p2p_transfer,169.16,success,,35554.78,agent
6271,116,2026-07-25 12:42:05,top_up,1568.86,success,,36468.15,mobile_app
6272,269,2026-07-25 13:32:49,merchant_payment,13359.69,success,,28045.8,agent
6273,450,2026-07-25 13:34:18,bill_payment,5652.8,success,,115410.59,web
6274,403,2026-07-25 13:38:17,top_up,1528.19,success,,19684.61,qr_code
6275,325,2026-07-25 13:48:44,top_up,3021.71,success,,4437.43,web
6276,89,2026-07-25 14:55:23,bill_payment,1631.18,success,,88093.59,mobile_app
6277,141,2026-07-25 15:35:37,top_up,708.3,success,,16333.47,web
6278,380,2026-07-25 15:52:43,p2p_transfer,2899.79,success,,749.23,agent
6279,30,2026-07-25 16:37:45,top_up,934.02,success,,118398.69,agent
6280,92,2026-07-25 16:38:43,merchant_payment,398.42,success,,166897.33,agent
6281,156,2026-07-25 16:39:12,bill_payment,567.18,success,,237847.57,web
6282,495,2026-07-25 16:45:43,p2p_transfer,6408.11,success,,19095.14,mobile_app
6283,229,2026-07-25 18:50:59,merchant_payment,1793.65,success,,56210.13,mobile_app
6284,139,2026-07-25 18:51:52,top_up,2748.98,success,,8322.05,web
6285,281,2026-07-25 18:57:41,withdrawal,906.53,success,,39342.85,qr_code
6286,78,2026-07-25 19:00:39,p2p_transfer,3675.87,success,,72720.17,web
6287,281,2026-07-25 19:12:56,merchant_payment,2051.62,success,,37291.23,web
6288,301,2026-07-25 19:29:38,top_up,19134.48,success,,19571.37,web
6289,211,2026-07-25 19:42:42,withdrawal,3475.85,success,,153851.77,agent
6290,275,2026-07-25 19:56:19,merchant_payment,234.96,success,,151180.3,agent
6291,381,2026-07-25 20:58:27,p2p_transfer,213.49,success,,74984.58,mobile_app
6292,50,2026-07-25 21:31:54,p2p_transfer,625.95,success,,57474.32,qr_code
6293,185,2026-07-25 21:54:42,bill_payment,1806.23,success,,65375.38,web
6294,460,2026-07-25 22:02:07,top_up,916.06,success,,245994.16,mobile_app
6295,416,2026-07-25 22:04:11,bill_payment,3274.54,success,,50984.18,qr_code
6296,43,2026-07-25 22:39:19,top_up,1456.51,success,,36200.5,mobile_app
6297,403,2026-07-25 22:44:24,merchant_payment,5338.14,success,,14346.47,qr_code
6298,135,2026-07-25 23:01:27,top_up,388.69,success,,64421.5,web
6299,83,2026-07-25 23:07:10,withdrawal,17136.32,failed,insufficient_funds,309.41,mobile_app
6300,189,2026-07-25 23:14:14,p2p_transfer,2491.7,success,,46669.2,web
6301,433,2026-07-25 23:15:30,merchant_payment,5283.66,success,,98410.69,mobile_app
6302,349,2026-07-25 23:25:31,withdrawal,706.31,success,,27828.97,mobile_app
6303,319,2026-07-25 23:30:58,merchant_payment,1685.1,success,,106774.67,web
6304,246,2026-07-26 00:14:25,top_up,5303.89,success,,6753.29,web
6305,408,2026-07-26 01:54:33,merchant_payment,2285.83,success,,9027.4,agent
6306,92,2026-07-26 02:48:39,top_up,1966.26,success,,168863.59,agent
6307,152,2026-07-26 05:15:16,merchant_payment,793.66,success,,23230.33,mobile_app
6308,478,2026-07-26 05:33:39,p2p_transfer,4640.09,success,,181512.08,mobile_app
6309,187,2026-07-26 07:47:51,top_up,7736.13,success,,28195.44,web
6310,295,2026-07-26 07:56:14,merchant_payment,967.58,success,,7331.88,agent
6311,307,2026-07-26 07:58:57,p2p_transfer,627.23,success,,10947.99,agent
6312,120,2026-07-26 09:58:05,top_up,302.06,success,,213355.33,web
6313,387,2026-07-26 10:07:03,top_up,339.9,success,,149379.42,qr_code
6314,448,2026-07-26 10:21:53,top_up,17571.97,success,,65835.92,agent
6315,493,2026-07-26 10:35:49,top_up,5549.84,success,,183352.26,web
6316,189,2026-07-26 10:58:45,withdrawal,1817.11,success,,44852.09,qr_code
6317,20,2026-07-26 11:01:33,merchant_payment,610.54,success,,73927.76,agent
6318,309,2026-07-26 11:13:31,top_up,519.38,success,,49032.16,agent
6319,164,2026-07-26 11:36:06,bill_payment,3573.93,success,,60765.57,mobile_app
6320,281,2026-07-26 11:54:57,top_up,3367.68,success,,40658.91,mobile_app
6321,434,2026-07-26 12:12:54,p2p_transfer,753.0,failed,network_error,8494.32,web
6322,156,2026-07-26 14:09:20,merchant_payment,1564.98,failed,limit_exceeded,237847.57,agent
6323,478,2026-07-26 14:38:01,bill_payment,995.59,success,,180516.49,mobile_app
6324,258,2026-07-26 14:47:03,bill_payment,747.62,success,,17388.18,qr_code
6325,299,2026-07-26 14:50:40,merchant_payment,1328.75,success,,6926.73,web
6326,269,2026-07-26 15:50:14,withdrawal,1440.55,success,,26605.25,agent
6327,325,2026-07-26 15:51:51,top_up,6067.38,success,,10504.81,agent
6328,497,2026-07-26 16:01:29,merchant_payment,901.83,success,,71374.98,web
6329,30,2026-07-26 16:19:00,merchant_payment,1577.59,success,,116821.1,agent
6330,497,2026-07-26 17:24:21,p2p_transfer,815.94,success,,70559.04,web
6331,492,2026-07-26 17:36:36,top_up,3944.3,success,,112187.68,agent
6332,307,2026-07-26 17:53:20,p2p_transfer,1282.53,success,,9665.46,qr_code
6333,179,2026-07-26 18:06:45,merchant_payment,534.96,failed,insufficient_funds,151.64,mobile_app
6334,394,2026-07-26 18:16:02,withdrawal,997.48,success,,136985.12,qr_code
6335,325,2026-07-26 18:41:35,p2p_transfer,69.26,success,,10435.55,web
6336,91,2026-07-26 18:51:48,merchant_payment,913.26,success,,88978.97,web
6337,55,2026-07-26 19:09:16,merchant_payment,854.48,success,,227601.48,mobile_app
6338,458,2026-07-26 19:24:44,bill_payment,2190.28,failed,limit_exceeded,40812.06,mobile_app
6339,489,2026-07-26 19:31:57,merchant_payment,2304.22,success,,70277.55,web
6340,489,2026-07-26 20:03:03,p2p_transfer,645.74,success,,69631.81,agent
6341,118,2026-07-26 20:03:42,bill_payment,6952.55,success,,101610.09,agent
6342,207,2026-07-26 21:41:55,top_up,949.54,success,,82727.34,mobile_app
6343,71,2026-07-26 22:01:37,merchant_payment,625.81,success,,32651.31,mobile_app
6344,160,2026-07-26 22:23:45,bill_payment,1304.69,success,,18876.69,mobile_app
6345,8,2026-07-26 22:25:45,p2p_transfer,8803.81,failed,insufficient_funds,1399.85,mobile_app
6346,443,2026-07-26 22:30:32,merchant_payment,1381.95,success,,156110.5,web
6347,460,2026-07-26 22:35:30,merchant_payment,1187.06,success,,244807.1,web
6348,141,2026-07-26 22:43:23,merchant_payment,1722.96,success,,14610.51,mobile_app
6349,42,2026-07-26 22:57:52,bill_payment,3330.23,failed,card_declined,7180.34,web
6350,261,2026-07-26 23:13:56,top_up,1286.75,success,,54384.8,qr_code
6351,299,2026-07-26 23:56:55,top_up,18082.67,success,,25009.4,web
6352,168,2026-07-27 00:30:23,withdrawal,3008.99,failed,invalid_recipient,36038.8,qr_code
6353,434,2026-07-27 01:22:54,merchant_payment,7613.11,success,,881.21,agent
6354,301,2026-07-27 02:04:08,merchant_payment,1496.82,success,,18074.55,agent
6355,35,2026-07-27 02:56:46,merchant_payment,814.21,success,,19421.07,agent
6356,434,2026-07-27 03:51:59,bill_payment,8148.28,failed,insufficient_funds,881.21,web
6357,116,2026-07-27 04:10:39,withdrawal,663.81,success,,35804.34,agent
6358,246,2026-07-27 04:29:19,p2p_transfer,1328.99,success,,5424.3,mobile_app
6359,411,2026-07-27 05:26:20,merchant_payment,649.06,success,,110178.82,qr_code
6360,20,2026-07-27 07:08:36,p2p_transfer,3199.07,success,,70728.69,agent
6361,164,2026-07-27 08:49:54,bill_payment,991.37,success,,59774.2,web
6362,20,2026-07-27 09:24:43,p2p_transfer,960.32,success,,69768.37,agent
6363,460,2026-07-27 10:29:38,merchant_payment,1139.57,success,,243667.53,web
6364,88,2026-07-27 10:37:51,p2p_transfer,1006.21,success,,109111.58,mobile_app
6365,491,2026-07-27 10:54:57,top_up,1006.53,success,,108962.56,agent
6366,453,2026-07-27 11:15:09,bill_payment,1768.34,success,,116863.98,qr_code
6367,451,2026-07-27 11:15:59,merchant_payment,463.26,failed,network_error,30514.24,agent
6368,246,2026-07-27 11:22:11,merchant_payment,2913.5,success,,2510.8,web
6369,432,2026-07-27 11:24:04,p2p_transfer,1192.34,success,,2560.2,mobile_app
6370,487,2026-07-27 12:09:40,withdrawal,3580.45,success,,19976.37,web
6371,422,2026-07-27 12:19:02,bill_payment,3336.83,success,,33050.92,agent
6372,262,2026-07-27 13:12:52,merchant_payment,581.89,success,,50917.3,web
6373,44,2026-07-27 13:13:06,top_up,1472.5,success,,41198.1,agent
6374,42,2026-07-27 13:22:26,merchant_payment,543.3,success,,6637.04,qr_code
6375,135,2026-07-27 13:28:13,top_up,1354.22,success,,65775.72,qr_code
6376,492,2026-07-27 14:31:37,merchant_payment,5180.21,success,,107007.47,mobile_app
6377,450,2026-07-27 15:05:47,top_up,2991.5,success,,118402.09,web
6378,446,2026-07-27 15:43:27,merchant_payment,3201.15,success,,159257.38,agent
6379,230,2026-07-27 17:10:00,p2p_transfer,3984.6,success,,13979.32,mobile_app
6380,92,2026-07-27 17:38:42,merchant_payment,2821.53,success,,166042.06,mobile_app
6381,198,2026-07-27 18:06:41,p2p_transfer,1661.48,success,,23528.04,web
6382,333,2026-07-27 19:17:22,top_up,5359.58,success,,78085.55,mobile_app
6383,460,2026-07-27 20:01:20,top_up,5538.8,success,,249206.33,agent
6384,411,2026-07-27 20:21:59,merchant_payment,1229.48,success,,108949.34,mobile_app
6385,1,2026-07-27 21:15:21,merchant_payment,725.91,success,,1089.23,mobile_app
6386,286,2026-07-27 21:16:22,merchant_payment,3767.49,failed,insufficient_funds,2922.45,web
6387,192,2026-07-27 21:22:40,top_up,220.56,success,,62347.56,mobile_app
6388,72,2026-07-27 21:27:13,top_up,1606.77,success,,51031.51,qr_code
6389,433,2026-07-27 22:23:29,bill_payment,509.49,success,,97901.2,web
6390,422,2026-07-27 22:36:58,bill_payment,586.32,success,,32464.6,mobile_app
6391,201,2026-07-27 22:37:01,bill_payment,24063.76,failed,insufficient_funds,3135.05,mobile_app
6392,105,2026-07-27 23:32:05,merchant_payment,4734.2,failed,insufficient_funds,2964.51,mobile_app
6393,78,2026-07-27 23:51:11,withdrawal,1892.22,success,,70827.95,agent
6394,189,2026-07-27 23:57:39,p2p_transfer,734.86,success,,44117.23,qr_code
6395,252,2026-07-28 00:26:03,withdrawal,1875.75,success,,145843.85,web
6396,102,2026-07-28 04:26:34,top_up,6164.59,success,,104266.72,mobile_app
6397,80,2026-07-28 04:34:02,bill_payment,20188.68,failed,insufficient_funds,157.11,web
6398,257,2026-07-28 05:05:10,bill_payment,573.79,success,,21296.46,web
6399,478,2026-07-28 07:11:54,merchant_payment,1231.59,success,,179284.9,qr_code
6400,453,2026-07-28 07:38:15,merchant_payment,1500.53,success,,115363.45,agent
6401,394,2026-07-28 08:05:43,merchant_payment,553.36,success,,136431.76,qr_code
6402,153,2026-07-28 08:06:47,top_up,2258.43,success,,36580.04,agent
6403,189,2026-07-28 08:27:16,merchant_payment,1082.16,success,,43035.07,web
6404,111,2026-07-28 08:33:42,bill_payment,816.63,success,,52141.21,qr_code
6405,85,2026-07-28 08:57:32,merchant_payment,1294.13,success,,109600.23,qr_code
6406,379,2026-07-28 09:19:43,top_up,2243.86,success,,110498.85,mobile_app
6407,168,2026-07-28 09:35:59,bill_payment,2383.12,success,,33655.68,web
6408,318,2026-07-28 09:40:17,p2p_transfer,1319.58,success,,37692.06,mobile_app
6409,315,2026-07-28 09:53:48,bill_payment,723.73,success,,20069.64,web
6410,4,2026-07-28 10:25:45,bill_payment,398.36,success,,33858.42,agent
6411,67,2026-07-28 12:29:43,merchant_payment,612.15,success,,111745.41,agent
6412,73,2026-07-28 12:42:33,merchant_payment,3732.23,failed,insufficient_funds,212.89,agent
6413,19,2026-07-28 12:53:28,top_up,6637.9,success,,6659.18,web
6414,92,2026-07-28 13:11:10,merchant_payment,1531.46,success,,164510.6,qr_code
6415,106,2026-07-28 13:28:45,withdrawal,205.72,success,,196433.48,qr_code
6416,268,2026-07-28 13:39:02,top_up,2017.47,success,,91420.34,mobile_app
6417,94,2026-07-28 14:21:45,p2p_transfer,131.1,success,,78103.11,agent
6418,69,2026-07-28 14:37:53,merchant_payment,1436.41,success,,28956.04,qr_code
6419,221,2026-07-28 14:44:27,p2p_transfer,1600.6,success,,78545.31,web
6420,333,2026-07-28 15:35:56,p2p_transfer,2657.82,success,,75427.73,mobile_app
6421,105,2026-07-28 17:06:39,top_up,4287.09,success,,7251.6,qr_code
6422,285,2026-07-28 17:07:10,p2p_transfer,1101.15,success,,74564.9,mobile_app
6423,403,2026-07-28 17:10:55,withdrawal,4806.35,success,,9540.12,web
6424,43,2026-07-28 17:18:22,bill_payment,264.77,success,,35935.73,agent
6425,285,2026-07-28 17:37:39,merchant_payment,1789.98,success,,72774.92,mobile_app
6426,264,2026-07-28 17:57:40,merchant_payment,552.68,success,,48520.52,agent
6427,440,2026-07-28 17:58:57,p2p_transfer,151.33,failed,limit_exceeded,200887.35,agent
6428,273,2026-07-28 18:20:06,bill_payment,4422.18,success,,41654.87,mobile_app
6429,94,2026-07-28 18:31:22,merchant_payment,1168.44,success,,76934.67,web
6430,453,2026-07-28 18:31:58,top_up,6507.68,success,,121871.13,mobile_app
6431,475,2026-07-28 18:56:10,merchant_payment,1040.29,success,,11779.29,agent
6432,460,2026-07-28 18:59:42,withdrawal,5771.28,success,,243435.05,web
6433,122,2026-07-28 19:03:38,p2p_transfer,2987.03,success,,115734.01,qr_code
6434,175,2026-07-28 20:01:27,top_up,1505.07,success,,43330.93,mobile_app
6435,318,2026-07-28 20:13:29,top_up,10039.23,success,,47731.29,mobile_app
6436,39,2026-07-28 20:15:23,p2p_transfer,1675.66,success,,66699.43,qr_code
6437,294,2026-07-28 20:54:52,merchant_payment,590.65,success,,66969.12,web
6438,420,2026-07-28 21:05:53,merchant_payment,898.15,success,,22657.26,agent
6439,129,2026-07-28 21:35:19,top_up,1738.1,success,,18121.0,qr_code
6440,22,2026-07-28 21:40:05,withdrawal,2606.98,success,,114696.77,qr_code
6441,188,2026-07-28 21:44:20,top_up,318.43,success,,15435.13,web
6442,272,2026-07-28 21:46:58,merchant_payment,1813.83,success,,112940.76,mobile_app
6443,260,2026-07-28 21:48:42,merchant_payment,2581.74,success,,43648.62,qr_code
6444,450,2026-07-28 23:38:45,merchant_payment,1940.42,success,,116461.67,web
6445,118,2026-07-28 23:46:16,top_up,4333.36,success,,105943.45,agent
6446,428,2026-07-29 00:52:34,p2p_transfer,2374.53,success,,52569.06,agent
6447,392,2026-07-29 01:39:30,p2p_transfer,701.11,success,,68332.78,web
6448,371,2026-07-29 03:40:30,merchant_payment,10052.88,failed,insufficient_funds,2907.68,mobile_app
6449,198,2026-07-29 03:47:00,bill_payment,1361.26,success,,22166.78,qr_code
6450,139,2026-07-29 05:03:48,top_up,9698.78,success,,18020.83,mobile_app
6451,434,2026-07-29 05:34:02,bill_payment,2992.33,failed,insufficient_funds,881.21,web
6452,30,2026-07-29 07:23:59,p2p_transfer,4420.79,success,,112400.31,web
6453,66,2026-07-29 07:38:43,top_up,2821.01,success,,14605.88,agent
6454,153,2026-07-29 07:43:23,merchant_payment,1558.85,success,,35021.19,mobile_app
6455,407,2026-07-29 08:14:59,top_up,6227.06,success,,70996.44,qr_code
6456,193,2026-07-29 09:02:09,withdrawal,911.21,success,,11377.98,mobile_app
6457,106,2026-07-29 09:08:16,top_up,789.47,success,,197222.95,agent
6458,333,2026-07-29 09:22:08,top_up,2904.48,success,,78332.21,qr_code
6459,50,2026-07-29 10:04:11,merchant_payment,861.16,success,,56613.16,agent
6460,42,2026-07-29 10:09:36,bill_payment,4276.43,success,,2360.61,qr_code
6461,92,2026-07-29 10:38:15,withdrawal,544.92,success,,163965.68,qr_code
6462,329,2026-07-29 11:04:52,merchant_payment,10777.25,success,,2674.11,web
6463,189,2026-07-29 11:09:29,top_up,5155.01,success,,48190.08,qr_code
6464,396,2026-07-29 12:23:19,merchant_payment,2649.16,success,,22834.64,web
6465,477,2026-07-29 12:39:19,top_up,3438.94,success,,72399.15,agent
6466,371,2026-07-29 14:18:09,top_up,1427.07,success,,4334.75,agent
6467,187,2026-07-29 14:21:57,bill_payment,238.67,success,,27956.77,web
6468,371,2026-07-29 14:45:26,bill_payment,188.04,success,,4146.71,mobile_app
6469,106,2026-07-29 15:26:10,p2p_transfer,1123.98,success,,196098.97,web
6470,465,2026-07-29 15:33:18,withdrawal,1857.77,success,,11860.15,agent
6471,20,2026-07-29 15:36:15,merchant_payment,1663.21,success,,68105.16,qr_code
6472,362,2026-07-29 15:54:51,merchant_payment,217.49,success,,93053.76,mobile_app
6473,175,2026-07-29 15:56:10,top_up,2283.39,success,,45614.32,mobile_app
6474,300,2026-07-29 16:06:58,top_up,1919.28,success,,141550.64,qr_code
6475,13,2026-07-29 16:07:26,top_up,1344.78,success,,83949.67,web
6476,188,2026-07-29 16:22:57,top_up,4896.05,success,,20331.18,qr_code
6477,276,2026-07-29 16:30:03,merchant_payment,363.62,failed,network_error,63253.76,mobile_app
6478,216,2026-07-29 16:38:56,merchant_payment,2432.32,success,,103898.86,web
6479,112,2026-07-29 16:50:44,p2p_transfer,298.25,success,,78106.54,agent
6480,300,2026-07-29 17:26:36,top_up,3467.87,success,,145018.51,qr_code
6481,159,2026-07-29 17:34:31,merchant_payment,2039.0,success,,188966.77,agent
6482,498,2026-07-29 18:38:55,merchant_payment,1849.8,success,,50073.31,mobile_app
6483,417,2026-07-29 18:45:15,merchant_payment,855.92,failed,network_error,15435.06,mobile_app
6484,104,2026-07-29 18:47:47,top_up,2427.47,success,,16443.05,mobile_app
6485,477,2026-07-29 19:03:38,withdrawal,512.83,success,,71886.32,web
6486,275,2026-07-29 19:42:27,p2p_transfer,8899.58,success,,142280.72,mobile_app
6487,420,2026-07-29 20:03:41,withdrawal,2487.39,success,,20169.87,mobile_app
6488,94,2026-07-29 20:48:00,p2p_transfer,578.89,success,,76355.78,agent
6489,180,2026-07-29 20:52:24,bill_payment,1012.3,success,,138352.74,qr_code
6490,498,2026-07-29 21:44:34,bill_payment,2286.91,success,,47786.4,web
6491,104,2026-07-29 21:55:34,p2p_transfer,1243.51,success,,15199.54,qr_code
6492,333,2026-07-29 22:03:09,top_up,6100.62,success,,84432.83,mobile_app
6493,475,2026-07-29 22:35:22,top_up,3564.74,success,,15344.03,mobile_app
6494,332,2026-07-29 23:13:13,bill_payment,1240.97,success,,18931.56,qr_code
6495,407,2026-07-29 23:45:03,top_up,2248.69,success,,73245.13,mobile_app
6496,12,2026-07-29 23:53:03,bill_payment,516.15,success,,4588.59,agent
6497,180,2026-07-29 23:57:06,p2p_transfer,223.88,success,,138128.86,agent
6498,205,2026-07-30 00:55:38,bill_payment,3441.91,success,,91828.12,qr_code
6499,365,2026-07-30 01:23:28,withdrawal,1642.36,success,,239616.95,agent
6500,440,2026-07-30 03:44:57,merchant_payment,1375.35,success,,199512.0,mobile_app
6501,120,2026-07-30 07:24:15,top_up,3482.83,success,,216838.16,qr_code
6502,336,2026-07-30 07:25:48,bill_payment,703.25,success,,284223.48,web
6503,387,2026-07-30 07:32:43,top_up,4087.58,success,,153467.0,mobile_app
6504,73,2026-07-30 07:45:27,merchant_payment,1219.61,failed,insufficient_funds,212.89,web
6505,289,2026-07-30 07:56:55,top_up,467.78,success,,74013.73,mobile_app
6506,323,2026-07-30 07:57:48,p2p_transfer,681.38,success,,16932.12,mobile_app
6507,303,2026-07-30 08:20:47,p2p_transfer,582.47,success,,96485.27,mobile_app
6508,262,2026-07-30 08:23:42,withdrawal,1073.12,success,,49844.18,mobile_app
6509,451,2026-07-30 08:25:14,top_up,1058.82,success,,31573.06,agent
6510,240,2026-07-30 08:27:43,top_up,14486.21,success,,15090.15,agent
6511,115,2026-07-30 09:00:37,p2p_transfer,1468.89,success,,89210.48,agent
6512,498,2026-07-30 09:22:09,p2p_transfer,347.94,success,,47438.46,web
6513,80,2026-07-30 09:25:38,merchant_payment,262.77,failed,insufficient_funds,157.11,web
6514,116,2026-07-30 09:31:59,top_up,5176.56,success,,40980.9,web
6515,135,2026-07-30 09:37:48,merchant_payment,1135.2,success,,64640.52,agent
6516,23,2026-07-30 09:49:24,merchant_payment,3518.85,success,,14587.88,mobile_app
6517,251,2026-07-30 09:59:49,merchant_payment,2744.22,success,,179522.1,mobile_app
6518,450,2026-07-30 11:01:49,p2p_transfer,286.31,success,,116175.36,web
6519,88,2026-07-30 11:14:10,p2p_transfer,3178.03,success,,105933.55,web
6520,213,2026-07-30 11:21:54,top_up,1273.78,success,,1782.26,mobile_app
6521,145,2026-07-30 11:33:58,p2p_transfer,3701.67,success,,103827.06,qr_code
6522,211,2026-07-30 11:44:36,p2p_transfer,5102.29,success,,148749.48,agent
6523,451,2026-07-30 12:39:03,p2p_transfer,1443.67,success,,30129.39,agent
6524,411,2026-07-30 13:27:00,merchant_payment,1787.61,success,,107161.73,mobile_app
6525,253,2026-07-30 13:41:48,bill_payment,6360.82,success,,56290.03,qr_code
6526,434,2026-07-30 14:52:41,p2p_transfer,2687.67,failed,insufficient_funds,881.21,web
6527,78,2026-07-30 15:03:29,merchant_payment,1795.05,success,,69032.9,agent
6528,82,2026-07-30 15:04:14,merchant_payment,136.49,success,,101983.85,qr_code
6529,387,2026-07-30 15:17:04,p2p_transfer,1075.24,success,,152391.76,agent
6530,268,2026-07-30 15:23:27,withdrawal,518.23,success,,90902.11,qr_code
6531,403,2026-07-30 15:26:38,top_up,1683.15,success,,11223.27,agent
6532,298,2026-07-30 15:34:13,p2p_transfer,3693.49,success,,3725.21,mobile_app
6533,300,2026-07-30 15:49:16,p2p_transfer,386.0,success,,144632.51,agent
6534,25,2026-07-30 16:28:09,p2p_transfer,2450.52,success,,26834.72,qr_code
6535,128,2026-07-30 16:42:55,merchant_payment,2050.76,success,,15079.44,qr_code
6536,175,2026-07-30 16:51:51,bill_payment,2258.91,success,,43355.41,agent
6537,115,2026-07-30 16:57:34,top_up,493.04,success,,89703.52,agent
6538,493,2026-07-30 17:01:35,merchant_payment,750.49,success,,182601.77,qr_code
6539,459,2026-07-30 17:15:56,withdrawal,662.22,success,,11498.31,qr_code
6540,397,2026-07-30 17:43:18,merchant_payment,148.07,success,,11638.26,mobile_app
6541,494,2026-07-30 17:47:21,withdrawal,1025.91,success,,34528.87,web
6542,135,2026-07-30 17:48:09,p2p_transfer,1474.89,success,,63165.63,mobile_app
6543,478,2026-07-30 18:10:59,top_up,3985.1,success,,183270.0,web
6544,391,2026-07-30 18:31:27,bill_payment,189.09,success,,129922.43,agent
6545,300,2026-07-30 18:49:03,merchant_payment,2516.75,success,,142115.76,web
6546,120,2026-07-30 19:02:19,merchant_payment,1346.63,success,,215491.53,agent
6547,451,2026-07-30 19:09:47,p2p_transfer,320.78,success,,29808.61,agent
6548,294,2026-07-30 19:22:21,merchant_payment,647.03,success,,66322.09,agent
6549,56,2026-07-30 19:31:06,merchant_payment,3955.04,failed,suspected_fraud,16443.31,agent
6550,207,2026-07-30 19:38:29,merchant_payment,1513.65,success,,81213.69,mobile_app
6551,118,2026-07-30 19:39:00,p2p_transfer,238.38,success,,105705.07,agent
6552,460,2026-07-30 19:43:35,p2p_transfer,827.35,success,,242607.7,web
6553,94,2026-07-30 20:04:22,top_up,666.59,success,,77022.37,agent
6554,175,2026-07-30 20:29:56,withdrawal,1773.07,success,,41582.34,agent
6555,265,2026-07-30 21:12:57,merchant_payment,3526.96,success,,2564.0,agent
6556,285,2026-07-30 21:18:09,merchant_payment,4796.0,success,,67978.92,qr_code
6557,287,2026-07-30 21:27:54,merchant_payment,601.69,success,,113295.85,qr_code
6558,368,2026-07-30 21:49:08,bill_payment,43015.39,success,,131303.08,qr_code
6559,487,2026-07-30 21:51:59,p2p_transfer,552.85,success,,19423.52,mobile_app
6560,280,2026-07-30 22:01:12,bill_payment,830.6,success,,8466.2,mobile_app
6561,111,2026-07-30 22:18:47,p2p_transfer,430.13,success,,51711.08,web
6562,387,2026-07-30 22:46:04,merchant_payment,884.23,success,,151507.53,web
6563,368,2026-07-30 22:56:12,merchant_payment,463.61,success,,130839.47,qr_code
6564,55,2026-07-30 22:58:18,p2p_transfer,10782.63,success,,216818.85,qr_code
6565,105,2026-07-31 00:52:08,top_up,8609.6,success,,15861.2,web
6566,252,2026-07-31 01:52:37,merchant_payment,5410.18,success,,140433.67,mobile_app
6567,390,2026-07-31 02:14:14,top_up,9145.36,failed,card_declined,23514.94,qr_code
6568,394,2026-07-31 03:34:23,merchant_payment,4209.61,success,,132222.15,web
6569,399,2026-07-31 03:55:33,p2p_transfer,710.51,success,,44073.28,qr_code
6570,167,2026-07-31 03:56:29,top_up,2974.54,success,,7431.21,agent
6571,130,2026-07-31 04:07:15,p2p_transfer,874.38,success,,87310.36,mobile_app
6572,387,2026-07-31 04:16:07,bill_payment,3151.1,success,,148356.43,qr_code
6573,333,2026-07-31 04:25:33,merchant_payment,7761.65,success,,76671.18,agent
6574,367,2026-07-31 04:26:38,top_up,1271.81,success,,39779.65,agent
6575,35,2026-07-31 04:36:58,p2p_transfer,943.94,success,,18477.13,mobile_app
6576,305,2026-07-31 05:55:59,bill_payment,8257.6,failed,insufficient_funds,541.98,agent
6577,301,2026-07-31 07:10:14,p2p_transfer,3825.95,success,,14248.6,mobile_app
6578,169,2026-07-31 07:12:03,bill_payment,619.15,success,,24894.57,agent
6579,343,2026-07-31 07:41:49,bill_payment,1199.57,success,,54093.62,qr_code
6580,338,2026-07-31 08:03:31,top_up,168.34,success,,110593.01,mobile_app
6581,337,2026-07-31 08:38:37,withdrawal,856.4,success,,53269.21,web
6582,148,2026-07-31 08:43:37,p2p_transfer,2746.14,success,,92244.53,agent
6583,411,2026-07-31 08:47:13,top_up,6327.58,success,,113489.31,qr_code
6584,48,2026-07-31 08:52:20,withdrawal,732.05,success,,71787.81,web
6585,453,2026-07-31 08:55:12,p2p_transfer,1432.55,success,,120438.58,web
6586,215,2026-07-31 09:12:03,top_up,7244.46,success,,190570.28,qr_code
6587,112,2026-07-31 09:22:42,merchant_payment,1055.56,success,,77050.98,web
6588,355,2026-07-31 09:52:52,withdrawal,10953.14,success,,32959.02,mobile_app
6589,194,2026-07-31 10:08:52,withdrawal,1671.21,success,,4490.48,web
6590,172,2026-07-31 10:18:13,top_up,3042.11,success,,36008.07,web
6591,452,2026-07-31 10:53:19,top_up,594.64,success,,9119.87,web
6592,433,2026-07-31 11:06:36,withdrawal,4324.77,success,,93576.43,mobile_app
6593,453,2026-07-31 11:37:17,bill_payment,4259.64,success,,116178.94,qr_code
6594,486,2026-07-31 12:27:27,p2p_transfer,2738.84,success,,34374.18,web
6595,10,2026-07-31 12:43:25,merchant_payment,436.23,success,,41924.87,agent
6596,266,2026-07-31 13:30:35,merchant_payment,594.74,success,,51313.48,mobile_app
6597,394,2026-07-31 14:21:37,top_up,2658.27,success,,134880.42,agent
6598,420,2026-07-31 14:25:32,merchant_payment,3021.86,success,,17148.01,mobile_app
6599,468,2026-07-31 14:51:27,top_up,4159.49,failed,network_error,23994.89,qr_code
6600,277,2026-07-31 15:11:32,p2p_transfer,2278.19,success,,21489.85,agent
6601,467,2026-07-31 15:39:50,top_up,1781.02,success,,276467.38,qr_code
6602,312,2026-07-31 15:51:04,merchant_payment,2014.81,success,,75893.69,mobile_app
6603,266,2026-07-31 16:16:23,merchant_payment,714.64,success,,50598.84,qr_code
6604,207,2026-07-31 16:18:07,top_up,5085.63,success,,86299.32,agent
6605,460,2026-07-31 16:40:36,merchant_payment,19891.61,success,,222716.09,agent
6606,148,2026-07-31 17:00:51,bill_payment,1064.01,success,,91180.52,agent
6607,446,2026-07-31 17:14:58,merchant_payment,437.76,success,,158819.62,web
6608,213,2026-07-31 17:23:35,p2p_transfer,799.96,success,,982.3,web
6609,453,2026-07-31 17:24:59,merchant_payment,3690.24,success,,112488.7,mobile_app
6610,478,2026-07-31 18:20:31,withdrawal,18549.04,success,,164720.96,web
6611,122,2026-07-31 18:32:23,p2p_transfer,294.37,success,,115439.64,qr_code
6612,244,2026-07-31 18:42:39,merchant_payment,501.47,success,,58572.35,agent
6613,325,2026-07-31 18:43:12,merchant_payment,12757.55,failed,insufficient_funds,10435.55,mobile_app
6614,193,2026-07-31 19:06:54,top_up,2302.99,success,,13680.97,agent
6615,304,2026-07-31 19:11:07,p2p_transfer,438.89,success,,5579.22,mobile_app
6616,205,2026-07-31 19:12:53,bill_payment,642.09,success,,91186.03,qr_code
6617,489,2026-07-31 19:27:38,merchant_payment,917.37,success,,68714.44,agent
6618,393,2026-07-31 20:04:32,top_up,4125.02,success,,47103.23,web
6619,273,2026-07-31 20:26:30,bill_payment,1398.59,success,,40256.28,web
6620,498,2026-07-31 20:36:59,merchant_payment,2036.77,success,,45401.69,agent
6621,416,2026-07-31 21:18:31,top_up,562.1,success,,51546.28,web
6622,195,2026-07-31 21:25:24,merchant_payment,1656.19,success,,126528.72,agent
6623,338,2026-07-31 21:39:20,merchant_payment,1142.77,success,,109450.24,agent
6624,353,2026-07-31 22:29:29,merchant_payment,658.66,success,,20704.06,qr_code
6625,459,2026-07-31 22:32:08,bill_payment,10163.55,success,,1334.76,web
6626,92,2026-07-31 22:44:54,top_up,570.77,success,,164536.45,mobile_app
6627,148,2026-07-31 22:53:26,p2p_transfer,1227.56,success,,89952.96,agent
6628,329,2026-08-01 00:23:07,top_up,5514.77,success,,8188.88,web
6629,159,2026-08-01 00:58:09,top_up,167.62,success,,189134.39,mobile_app
6630,80,2026-08-01 01:52:56,top_up,25048.77,success,,25205.88,web
6631,164,2026-08-01 02:13:19,top_up,1156.35,success,,60930.55,mobile_app
6632,252,2026-08-01 02:43:32,top_up,59633.94,success,,200067.61,agent
6633,240,2026-08-01 02:59:03,top_up,5140.59,success,,20230.74,mobile_app
6634,122,2026-08-01 03:08:13,top_up,2017.47,success,,117457.11,web
6635,479,2026-08-01 03:17:08,p2p_transfer,8259.76,success,,253637.5,web
6636,201,2026-08-01 04:34:51,merchant_payment,798.56,success,,2336.49,qr_code
6637,336,2026-08-01 04:55:24,top_up,5715.17,success,,289938.65,agent
6638,168,2026-08-01 05:18:04,merchant_payment,110.66,success,,33545.02,mobile_app
6639,434,2026-08-01 05:20:07,merchant_payment,410.57,success,,470.64,web
6640,401,2026-08-01 07:26:07,top_up,2084.99,success,,89922.29,agent
6641,491,2026-08-01 07:30:37,top_up,3257.74,success,,112220.3,mobile_app
6642,162,2026-08-01 07:44:04,withdrawal,350.43,success,,12295.57,agent
6643,430,2026-08-01 07:57:42,p2p_transfer,5571.14,success,,5410.52,mobile_app
6644,462,2026-08-01 09:03:22,merchant_payment,800.92,success,,23144.49,mobile_app
6645,176,2026-08-01 09:36:29,withdrawal,795.3,success,,22707.11,web
6646,318,2026-08-01 09:41:11,top_up,1527.97,success,,49259.26,qr_code
6647,336,2026-08-01 10:26:31,withdrawal,3086.99,success,,286851.66,mobile_app
6648,479,2026-08-01 10:28:51,p2p_transfer,5752.67,success,,247884.83,qr_code
6649,240,2026-08-01 11:28:18,withdrawal,1442.41,success,,18788.33,qr_code
6650,194,2026-08-01 11:29:43,merchant_payment,13620.4,failed,insufficient_funds,4490.48,mobile_app
6651,100,2026-08-01 11:56:38,merchant_payment,895.18,success,,12103.88,mobile_app
6652,150,2026-08-01 11:59:06,merchant_payment,1350.32,success,,61217.32,qr_code
6653,167,2026-08-01 12:31:04,merchant_payment,270.2,success,,7161.01,mobile_app
6654,433,2026-08-01 13:38:38,withdrawal,4968.59,success,,88607.84,web
6655,25,2026-08-01 13:49:06,top_up,9323.38,success,,36158.1,web
6656,344,2026-08-01 14:24:27,merchant_payment,2647.5,success,,82573.05,mobile_app
6657,135,2026-08-01 14:57:25,top_up,488.93,success,,63654.56,mobile_app
6658,119,2026-08-01 15:07:06,bill_payment,263.19,success,,108482.81,mobile_app
6659,430,2026-08-01 15:14:57,withdrawal,3209.73,success,,2200.79,qr_code
6660,459,2026-08-01 15:21:51,top_up,837.84,failed,card_declined,1334.76,mobile_app
6661,195,2026-08-01 15:36:49,withdrawal,1522.16,success,,125006.56,qr_code
6662,362,2026-08-01 15:40:03,merchant_payment,704.55,success,,92349.21,mobile_app
6663,1,2026-08-01 15:52:13,top_up,632.8,success,,1722.03,mobile_app
6664,478,2026-08-01 16:03:41,p2p_transfer,1290.02,success,,163430.94,qr_code
6665,451,2026-08-01 16:42:11,withdrawal,681.96,success,,29126.65,web
6666,39,2026-08-01 16:51:23,merchant_payment,1405.46,success,,65293.97,mobile_app
6667,433,2026-08-01 16:55:01,top_up,771.78,success,,89379.62,qr_code
6668,242,2026-08-01 17:39:59,merchant_payment,3557.21,success,,3187.85,web
6669,446,2026-08-01 18:21:34,withdrawal,1788.2,failed,card_declined,158819.62,web
6670,419,2026-08-01 18:40:04,merchant_payment,1393.29,success,,95627.74,agent
6671,198,2026-08-01 18:57:40,top_up,8241.74,success,,30408.52,web
6672,8,2026-08-01 19:32:44,merchant_payment,806.92,success,,592.93,agent
6673,460,2026-08-01 19:53:19,bill_payment,1731.04,success,,220985.05,web
6674,230,2026-08-01 20:08:05,p2p_transfer,230.03,success,,13749.29,web
6675,186,2026-08-01 20:28:39,bill_payment,3050.32,success,,151256.2,agent
6676,299,2026-08-01 20:54:25,withdrawal,20190.83,success,,4818.57,qr_code
6677,475,2026-08-01 21:00:28,top_up,8500.46,success,,23844.49,qr_code
6678,134,2026-08-01 21:13:10,merchant_payment,1127.96,success,,37415.33,agent
6679,422,2026-08-01 21:42:10,p2p_transfer,1404.47,success,,31060.13,mobile_app
6680,466,2026-08-01 21:49:33,merchant_payment,5136.21,success,,174056.11,qr_code
6681,401,2026-08-01 21:59:05,merchant_payment,3340.36,success,,86581.93,agent
6682,435,2026-08-01 22:13:44,merchant_payment,1141.32,success,,16764.02,qr_code
6683,444,2026-08-01 22:31:30,merchant_payment,3707.18,success,,6689.67,web
6684,187,2026-08-01 22:38:34,bill_payment,2076.48,success,,25880.29,web
6685,406,2026-08-01 23:16:09,p2p_transfer,968.58,success,,2321.88,qr_code
6686,460,2026-08-01 23:18:43,merchant_payment,927.37,success,,220057.68,web
6687,283,2026-08-01 23:51:28,merchant_payment,732.15,success,,87730.73,web
6688,78,2026-08-02 01:13:29,bill_payment,2796.89,success,,66236.01,qr_code
6689,367,2026-08-02 01:28:58,top_up,344.82,success,,40124.47,agent
6690,311,2026-08-02 01:31:56,bill_payment,257.37,success,,86605.66,mobile_app
6691,440,2026-08-02 01:45:13,merchant_payment,5481.99,success,,194030.01,web
6692,201,2026-08-02 01:54:10,withdrawal,2097.07,success,,239.42,web
6693,275,2026-08-02 02:15:27,top_up,1720.37,success,,144001.09,qr_code
6694,246,2026-08-02 02:15:53,bill_payment,6200.36,failed,insufficient_funds,2510.8,qr_code
6695,478,2026-08-02 02:33:31,merchant_payment,6519.37,failed,suspected_fraud,163430.94,qr_code
6696,242,2026-08-02 03:07:27,p2p_transfer,246.9,success,,2940.95,agent
6697,441,2026-08-02 03:11:44,merchant_payment,4770.47,failed,insufficient_funds,2433.82,mobile_app
6698,167,2026-08-02 03:12:52,merchant_payment,2214.26,success,,4946.75,agent
6699,160,2026-08-02 04:29:42,merchant_payment,483.08,failed,card_declined,18876.69,agent
6700,441,2026-08-02 04:30:20,merchant_payment,896.1,success,,1537.72,mobile_app
6701,464,2026-08-02 07:31:08,top_up,1161.28,success,,56546.52,web
6702,172,2026-08-02 07:33:00,p2p_transfer,787.65,success,,35220.42,agent
6703,197,2026-08-02 07:33:13,top_up,513.81,success,,45446.07,web
6704,407,2026-08-02 08:08:36,merchant_payment,1791.74,success,,71453.39,qr_code
6705,168,2026-08-02 08:08:41,p2p_transfer,2208.24,success,,31336.78,mobile_app
6706,87,2026-08-02 08:16:34,top_up,1307.74,success,,180463.68,agent
6707,479,2026-08-02 08:19:39,withdrawal,628.67,success,,247256.16,qr_code
6708,301,2026-08-02 08:29:30,p2p_transfer,2624.55,success,,11624.05,agent
6709,450,2026-08-02 09:08:29,withdrawal,8216.65,success,,107958.71,web
6710,81,2026-08-02 09:10:13,merchant_payment,1551.48,success,,69900.48,mobile_app
6711,160,2026-08-02 09:38:23,withdrawal,2286.3,success,,16590.39,mobile_app
6712,71,2026-08-02 09:40:26,top_up,3996.78,success,,36648.09,mobile_app
6713,453,2026-08-02 11:12:08,bill_payment,6993.52,success,,105495.18,qr_code
6714,349,2026-08-02 11:35:11,p2p_transfer,416.4,success,,27412.57,agent
6715,453,2026-08-02 11:43:12,bill_payment,2033.98,success,,103461.2,agent
6716,331,2026-08-02 11:50:17,merchant_payment,2330.47,success,,98545.21,web
6717,112,2026-08-02 11:50:53,merchant_payment,426.22,success,,76624.76,qr_code
6718,72,2026-08-02 12:02:49,p2p_transfer,524.11,success,,50507.4,qr_code
6719,413,2026-08-02 12:31:16,withdrawal,349.42,success,,97036.9,web
6720,305,2026-08-02 13:29:20,top_up,1319.12,failed,suspected_fraud,541.98,qr_code
6721,20,2026-08-02 14:31:06,merchant_payment,6747.62,success,,61357.54,qr_code
6722,365,2026-08-02 14:31:33,p2p_transfer,2625.31,success,,236991.64,web
6723,338,2026-08-02 15:32:26,merchant_payment,924.58,success,,108525.66,mobile_app
6724,134,2026-08-02 16:10:34,top_up,2586.93,success,,40002.26,agent
6725,443,2026-08-02 16:14:09,merchant_payment,4792.44,success,,151318.06,agent
6726,284,2026-08-02 16:18:19,top_up,1226.34,success,,115424.17,web
6727,433,2026-08-02 16:21:36,p2p_transfer,475.12,success,,88904.5,agent
6728,445,2026-08-02 16:26:33,bill_payment,7011.43,success,,96716.23,qr_code
6729,349,2026-08-02 16:40:12,p2p_transfer,276.6,success,,27135.97,agent
6730,194,2026-08-02 16:43:25,p2p_transfer,1381.8,success,,3108.68,mobile_app
6731,477,2026-08-02 17:03:02,top_up,1626.29,success,,73512.61,qr_code
6732,441,2026-08-02 17:12:49,p2p_transfer,3724.04,failed,insufficient_funds,1537.72,web
6733,311,2026-08-02 17:12:59,merchant_payment,1594.29,success,,85011.37,qr_code
6734,220,2026-08-02 17:34:37,p2p_transfer,2178.05,success,,44882.19,qr_code
6735,323,2026-08-02 17:57:16,bill_payment,401.34,success,,16530.78,mobile_app
6736,446,2026-08-02 18:01:01,merchant_payment,4287.59,success,,154532.03,qr_code
6737,3,2026-08-02 18:14:26,bill_payment,1315.79,failed,limit_exceeded,12044.94,agent
6738,489,2026-08-02 18:18:50,bill_payment,1734.35,success,,66980.09,qr_code
6739,206,2026-08-02 18:21:53,merchant_payment,1436.4,success,,85699.82,qr_code
6740,478,2026-08-02 18:50:49,merchant_payment,2099.53,success,,161331.41,web
6741,441,2026-08-02 19:11:16,top_up,2079.71,success,,3617.43,mobile_app
6742,92,2026-08-02 19:19:26,p2p_transfer,13518.93,success,,151017.52,web
6743,87,2026-08-02 19:43:57,merchant_payment,950.61,success,,179513.07,mobile_app
6744,43,2026-08-02 19:53:33,top_up,6735.07,success,,42670.8,mobile_app
6745,433,2026-08-02 20:24:37,p2p_transfer,1104.2,success,,87800.3,mobile_app
6746,490,2026-08-02 21:04:32,merchant_payment,348.84,success,,123645.01,agent
6747,367,2026-08-02 21:36:44,merchant_payment,3599.11,success,,36525.36,agent
6748,91,2026-08-02 22:20:12,p2p_transfer,1643.47,success,,87335.5,agent
6749,343,2026-08-02 22:33:23,bill_payment,876.11,success,,53217.51,mobile_app
6750,301,2026-08-02 22:56:41,merchant_payment,19980.69,failed,insufficient_funds,11624.05,agent
6751,187,2026-08-03 01:24:53,merchant_payment,3351.96,success,,22528.33,web
6752,45,2026-08-03 01:44:20,bill_payment,2241.1,success,,4438.78,web
6753,168,2026-08-03 04:58:05,withdrawal,1667.52,success,,29669.26,mobile_app
6754,135,2026-08-03 05:39:33,top_up,3179.92,success,,66834.48,web
6755,254,2026-08-03 07:14:06,p2p_transfer,1128.09,success,,63734.02,mobile_app
6756,349,2026-08-03 07:31:52,withdrawal,3179.78,success,,23956.19,mobile_app
6757,139,2026-08-03 07:59:44,p2p_transfer,17090.87,success,,929.96,agent
6758,145,2026-08-03 08:09:01,merchant_payment,335.98,success,,103491.08,web
6759,494,2026-08-03 08:12:04,top_up,1639.92,success,,36168.79,web
6760,479,2026-08-03 09:47:19,merchant_payment,1202.04,success,,246054.12,web
6761,185,2026-08-03 09:49:38,top_up,5675.18,success,,71050.56,qr_code
6762,195,2026-08-03 09:59:42,top_up,4257.26,failed,card_declined,125006.56,mobile_app
6763,161,2026-08-03 10:10:17,withdrawal,5272.7,success,,85698.11,web
6764,234,2026-08-03 10:34:54,bill_payment,2396.94,success,,48523.78,web
6765,217,2026-08-03 10:44:16,merchant_payment,1203.31,success,,24201.52,agent
6766,94,2026-08-03 10:49:06,merchant_payment,1603.55,success,,75418.82,web
6767,399,2026-08-03 11:00:51,bill_payment,988.24,success,,43085.04,web
6768,356,2026-08-03 11:01:30,top_up,1641.82,success,,4979.48,web
6769,411,2026-08-03 11:06:28,top_up,1589.14,success,,115078.45,web
6770,394,2026-08-03 11:27:27,withdrawal,1361.88,failed,limit_exceeded,134880.42,agent
6771,344,2026-08-03 11:32:44,withdrawal,201.88,success,,82371.17,agent
6772,205,2026-08-03 11:43:59,top_up,1144.67,success,,92330.7,mobile_app
6773,434,2026-08-03 11:50:55,merchant_payment,3491.55,failed,insufficient_funds,470.64,agent
6774,122,2026-08-03 11:59:49,p2p_transfer,2441.73,success,,115015.38,web
6775,313,2026-08-03 12:05:55,withdrawal,380.86,success,,52401.67,mobile_app
6776,319,2026-08-03 12:13:57,p2p_transfer,2383.98,success,,104390.69,web
6777,13,2026-08-03 12:16:38,top_up,1508.98,success,,85458.65,qr_code
6778,61,2026-08-03 12:48:58,bill_payment,1029.79,success,,138448.79,agent
6779,277,2026-08-03 12:52:05,bill_payment,2129.37,success,,19360.48,web
6780,163,2026-08-03 13:13:24,top_up,1186.67,success,,69311.82,web
6781,301,2026-08-03 13:16:13,top_up,17918.64,success,,29542.69,qr_code
6782,271,2026-08-03 13:23:41,withdrawal,785.41,success,,74351.11,mobile_app
6783,453,2026-08-03 13:35:59,merchant_payment,6930.52,success,,96530.68,mobile_app
6784,440,2026-08-03 13:56:26,p2p_transfer,2911.41,success,,191118.6,mobile_app
6785,134,2026-08-03 14:35:01,p2p_transfer,892.52,success,,39109.74,agent
6786,167,2026-08-03 14:47:16,bill_payment,12967.14,failed,insufficient_funds,4946.75,mobile_app
6787,201,2026-08-03 14:54:03,p2p_transfer,2515.83,failed,insufficient_funds,239.42,web
6788,206,2026-08-03 15:23:36,p2p_transfer,1784.57,success,,83915.25,qr_code
6789,245,2026-08-03 15:23:55,merchant_payment,951.83,success,,259913.44,web
6790,257,2026-08-03 15:58:59,top_up,4462.1,success,,25758.56,agent
6791,346,2026-08-03 16:18:52,merchant_payment,6104.53,failed,insufficient_funds,1666.05,qr_code
6792,40,2026-08-03 16:24:09,merchant_payment,253.57,success,,236023.63,mobile_app
6793,160,2026-08-03 16:24:13,merchant_payment,665.0,success,,15925.39,mobile_app
6794,10,2026-08-03 16:59:30,merchant_payment,1007.56,success,,40917.31,agent
6795,239,2026-08-03 17:00:46,merchant_payment,1475.92,success,,22929.54,qr_code
6796,55,2026-08-03 17:05:44,top_up,3073.62,success,,219892.47,mobile_app
6797,380,2026-08-03 17:09:10,bill_payment,4224.25,failed,insufficient_funds,749.23,agent
6798,19,2026-08-03 17:31:41,top_up,2551.42,success,,9210.6,mobile_app
6799,239,2026-08-03 17:49:57,withdrawal,469.55,success,,22459.99,mobile_app
6800,61,2026-08-03 17:50:00,p2p_transfer,1179.85,success,,137268.94,agent
6801,338,2026-08-03 18:20:37,p2p_transfer,1843.41,success,,106682.25,web
6802,246,2026-08-03 18:27:41,merchant_payment,410.83,failed,card_declined,2510.8,agent
6803,131,2026-08-03 20:03:34,p2p_transfer,2527.67,success,,33327.3,web
6804,498,2026-08-03 20:34:09,merchant_payment,2113.93,success,,43287.76,web
6805,164,2026-08-03 20:34:57,p2p_transfer,733.82,success,,60196.73,qr_code
6806,180,2026-08-03 20:59:22,bill_payment,449.65,success,,137679.21,web
6807,380,2026-08-03 21:00:39,withdrawal,630.34,success,,118.89,mobile_app
6808,394,2026-08-03 21:09:51,merchant_payment,4526.72,success,,130353.7,qr_code
6809,259,2026-08-03 21:34:59,merchant_payment,383.11,success,,52984.74,qr_code
6810,370,2026-08-03 22:00:33,bill_payment,2524.52,failed,insufficient_funds,1927.55,qr_code
6811,324,2026-08-03 22:08:47,top_up,666.3,success,,49096.34,web
6812,78,2026-08-03 22:47:36,p2p_transfer,901.07,success,,65334.94,qr_code
6813,378,2026-08-03 22:56:13,top_up,4529.07,success,,14151.32,agent
6814,231,2026-08-03 23:43:49,merchant_payment,817.29,success,,14918.51,qr_code
6815,122,2026-08-04 00:06:00,merchant_payment,2636.38,success,,112379.0,web
6816,194,2026-08-04 01:09:57,top_up,3353.84,success,,6462.52,web
6817,92,2026-08-04 03:12:44,p2p_transfer,2264.62,success,,148752.9,mobile_app
6818,4,2026-08-04 03:34:13,top_up,702.74,success,,34561.16,agent
6819,492,2026-08-04 04:08:12,bill_payment,556.46,success,,106451.01,agent
6820,208,2026-08-04 04:15:54,p2p_transfer,1050.57,success,,116923.31,qr_code
6821,45,2026-08-04 05:09:39,bill_payment,1347.32,success,,3091.46,mobile_app
6822,147,2026-08-04 05:35:01,top_up,2868.0,success,,26525.65,agent
6823,116,2026-08-04 05:52:46,merchant_payment,15305.5,success,,25675.4,web
6824,128,2026-08-04 07:00:55,top_up,4444.0,success,,19523.44,agent
6825,102,2026-08-04 07:02:31,merchant_payment,2588.89,success,,101677.83,qr_code
6826,251,2026-08-04 07:06:24,p2p_transfer,407.7,success,,179114.4,qr_code
6827,11,2026-08-04 08:21:33,p2p_transfer,222.72,success,,130760.31,mobile_app
6828,160,2026-08-04 08:27:51,bill_payment,3546.63,success,,12378.76,web
6829,478,2026-08-04 08:35:13,bill_payment,3840.15,success,,157491.26,agent
6830,453,2026-08-04 08:42:23,withdrawal,1207.74,success,,95322.94,mobile_app
6831,434,2026-08-04 09:05:22,top_up,8208.03,success,,8678.67,mobile_app
6832,448,2026-08-04 10:21:47,top_up,1523.09,success,,67359.01,web
6833,3,2026-08-04 10:23:49,bill_payment,4998.72,success,,7046.22,web
6834,132,2026-08-04 10:38:31,merchant_payment,264.01,success,,36778.77,agent
6835,389,2026-08-04 10:39:34,bill_payment,5815.29,failed,insufficient_funds,841.95,web
6836,15,2026-08-04 10:51:50,p2p_transfer,610.71,success,,82389.92,mobile_app
6837,331,2026-08-04 12:24:13,top_up,12214.22,success,,110759.43,mobile_app
6838,50,2026-08-04 12:51:10,top_up,3861.33,success,,60474.49,agent
6839,251,2026-08-04 12:55:48,merchant_payment,842.62,success,,178271.78,agent
6840,58,2026-08-04 13:05:44,merchant_payment,646.02,success,,65789.88,mobile_app
6841,172,2026-08-04 14:00:01,top_up,498.9,success,,35719.32,agent
6842,412,2026-08-04 15:13:48,withdrawal,3284.02,success,,128406.31,web
6843,180,2026-08-04 15:58:08,merchant_payment,426.89,success,,137252.32,qr_code
6844,481,2026-08-04 16:27:17,merchant_payment,393.87,success,,86555.79,agent
6845,143,2026-08-04 16:46:14,merchant_payment,367.19,success,,45372.77,agent
6846,469,2026-08-04 16:52:54,top_up,1885.98,success,,37708.31,mobile_app
6847,166,2026-08-04 16:59:48,top_up,2892.22,success,,49862.27,web
6848,315,2026-08-04 17:00:12,p2p_transfer,809.77,success,,19259.87,mobile_app
6849,187,2026-08-04 17:04:27,merchant_payment,1846.33,success,,20682.0,web
6850,126,2026-08-04 17:13:14,merchant_payment,2005.8,success,,18794.71,web
6851,272,2026-08-04 17:14:37,withdrawal,953.2,success,,111987.56,agent
6852,76,2026-08-04 17:17:43,bill_payment,944.27,success,,79899.4,qr_code
6853,478,2026-08-04 17:35:45,top_up,7212.51,success,,164703.77,web
6854,358,2026-08-04 17:43:45,p2p_transfer,2112.6,failed,insufficient_funds,50.78,agent
6855,242,2026-08-04 18:21:29,bill_payment,7074.11,failed,insufficient_funds,2940.95,web
6856,390,2026-08-04 18:25:57,merchant_payment,1429.59,success,,22085.35,mobile_app
6857,198,2026-08-04 18:40:39,p2p_transfer,2085.44,success,,28323.08,agent
6858,159,2026-08-04 18:48:07,merchant_payment,8600.08,success,,180534.31,qr_code
6859,434,2026-08-04 18:50:45,merchant_payment,2437.03,success,,6241.64,qr_code
6860,186,2026-08-04 19:07:55,top_up,726.85,success,,151983.05,web
6861,11,2026-08-04 19:09:15,top_up,9165.57,success,,139925.88,agent
6862,21,2026-08-04 19:25:07,top_up,12474.51,success,,15029.31,qr_code
6863,281,2026-08-04 19:33:16,top_up,2581.58,success,,43240.49,mobile_app
6864,333,2026-08-04 19:33:34,merchant_payment,5816.74,success,,70854.44,web
6865,487,2026-08-04 19:33:53,merchant_payment,271.41,success,,19152.11,qr_code
6866,401,2026-08-04 19:35:41,bill_payment,2796.31,success,,83785.62,web
6867,201,2026-08-04 19:47:32,bill_payment,8756.3,failed,insufficient_funds,239.42,web
6868,420,2026-08-04 20:01:35,bill_payment,886.2,success,,16261.81,qr_code
6869,189,2026-08-04 21:58:58,withdrawal,1045.7,success,,47144.38,qr_code
6870,201,2026-08-04 22:37:13,top_up,969.26,success,,1208.68,web
6871,83,2026-08-04 22:52:09,merchant_payment,4687.26,failed,insufficient_funds,309.41,agent
6872,245,2026-08-04 23:26:54,bill_payment,428.21,success,,259485.23,mobile_app
6873,175,2026-08-05 00:08:58,bill_payment,749.41,success,,40832.93,web
6874,8,2026-08-05 03:01:47,top_up,3419.94,success,,4012.87,mobile_app
6875,371,2026-08-05 03:38:44,bill_payment,1720.18,success,,2426.53,qr_code
6876,482,2026-08-05 04:30:46,p2p_transfer,980.57,success,,36956.01,qr_code
6877,293,2026-08-05 07:24:08,top_up,856.27,success,,23449.8,web
6878,460,2026-08-05 08:15:25,merchant_payment,6820.38,success,,213237.3,mobile_app
6879,201,2026-08-05 09:31:45,merchant_payment,288.74,success,,919.94,agent
6880,232,2026-08-05 09:32:40,merchant_payment,351.76,success,,25798.14,mobile_app
6881,360,2026-08-05 09:54:14,top_up,5035.58,success,,111636.67,mobile_app
6882,104,2026-08-05 09:56:40,bill_payment,3094.53,success,,12105.01,mobile_app
6883,193,2026-08-05 10:00:34,p2p_transfer,1633.94,success,,12047.03,mobile_app
6884,263,2026-08-05 10:26:39,bill_payment,1282.69,success,,47015.45,qr_code
6885,43,2026-08-05 10:56:30,p2p_transfer,329.21,success,,42341.59,agent
6886,166,2026-08-05 11:28:14,p2p_transfer,1749.99,success,,48112.28,mobile_app
6887,314,2026-08-05 12:11:04,p2p_transfer,1134.24,success,,80147.88,agent
6888,85,2026-08-05 13:03:45,p2p_transfer,10771.46,success,,98828.77,web
6889,179,2026-08-05 13:16:33,withdrawal,2104.66,failed,insufficient_funds,151.64,web
6890,64,2026-08-05 13:32:10,top_up,11810.67,success,,31293.25,mobile_app
6891,497,2026-08-05 13:33:07,p2p_transfer,1693.84,success,,68865.2,web
6892,189,2026-08-05 14:17:37,p2p_transfer,2522.44,success,,44621.94,qr_code
6893,480,2026-08-05 14:58:40,merchant_payment,6952.08,failed,invalid_recipient,69445.83,web
6894,465,2026-08-05 15:02:01,top_up,1412.58,success,,13272.73,agent
6895,319,2026-08-05 15:04:17,merchant_payment,1156.82,success,,103233.87,qr_code
6896,411,2026-08-05 15:15:12,merchant_payment,2443.5,success,,112634.95,web
6897,364,2026-08-05 15:36:17,merchant_payment,395.32,success,,48142.1,agent
6898,207,2026-08-05 15:41:18,bill_payment,452.72,success,,85846.6,qr_code
6899,24,2026-08-05 16:13:47,merchant_payment,5635.56,failed,insufficient_funds,2411.97,agent
6900,286,2026-08-05 16:57:30,bill_payment,2506.59,success,,415.86,mobile_app
6901,180,2026-08-05 17:15:46,top_up,3447.22,success,,140699.54,qr_code
6902,303,2026-08-05 17:36:02,bill_payment,2364.29,success,,94120.98,agent
6903,149,2026-08-05 18:00:17,withdrawal,3749.53,failed,insufficient_funds,98.47,qr_code
6904,450,2026-08-05 19:27:06,merchant_payment,2291.5,success,,105667.21,mobile_app
6905,380,2026-08-05 19:49:51,p2p_transfer,3300.09,failed,insufficient_funds,118.89,web
6906,44,2026-08-05 20:08:58,top_up,2894.43,success,,44092.53,web
6907,161,2026-08-05 20:14:38,merchant_payment,1133.49,success,,84564.62,mobile_app
6908,194,2026-08-05 20:37:55,merchant_payment,4433.63,success,,2028.89,mobile_app
6909,300,2026-08-05 20:44:52,p2p_transfer,901.62,success,,141214.14,agent
6910,155,2026-08-05 21:07:57,merchant_payment,2246.88,success,,38451.78,web
6911,331,2026-08-05 21:22:23,top_up,2253.58,success,,113013.01,agent
6912,275,2026-08-05 21:25:36,top_up,9030.96,success,,153032.05,qr_code
6913,453,2026-08-05 21:42:21,merchant_payment,2311.42,success,,93011.52,web
6914,459,2026-08-05 21:51:19,bill_payment,2020.98,failed,insufficient_funds,1334.76,web
6915,254,2026-08-05 22:42:45,merchant_payment,1067.51,success,,62666.51,agent
6916,393,2026-08-05 22:43:00,merchant_payment,5472.43,success,,41630.8,web
6917,148,2026-08-05 22:54:30,top_up,235.33,success,,90188.29,qr_code
6918,189,2026-08-05 22:54:44,top_up,2652.8,success,,47274.74,web
6919,10,2026-08-05 23:04:10,withdrawal,1725.52,success,,39191.79,qr_code
6920,327,2026-08-05 23:04:58,withdrawal,3019.53,success,,9750.12,mobile_app
6921,383,2026-08-05 23:13:16,p2p_transfer,4020.11,failed,insufficient_funds,227.92,qr_code
6922,231,2026-08-05 23:19:17,merchant_payment,1914.4,success,,13004.11,mobile_app
6923,359,2026-08-05 23:19:36,merchant_payment,2956.14,success,,40525.27,qr_code
6924,139,2026-08-05 23:22:25,merchant_payment,438.56,failed,suspected_fraud,929.96,agent
6925,372,2026-08-05 23:44:05,merchant_payment,1189.96,success,,66753.19,mobile_app
6926,411,2026-08-06 00:47:10,top_up,3446.42,success,,116081.37,mobile_app
6927,241,2026-08-06 01:45:11,merchant_payment,4487.34,success,,7446.81,agent
6928,280,2026-08-06 02:01:53,p2p_transfer,2192.81,success,,6273.39,qr_code
6929,168,2026-08-06 02:20:05,merchant_payment,5636.01,success,,24033.25,agent
6930,380,2026-08-06 02:21:25,top_up,2185.14,success,,2304.03,agent
6931,279,2026-08-06 03:03:45,merchant_payment,2716.8,failed,insufficient_funds,1112.63,agent
6932,87,2026-08-06 03:55:46,bill_payment,1339.21,success,,178173.86,agent
6933,19,2026-08-06 04:44:35,merchant_payment,1507.25,success,,7703.35,mobile_app
6934,300,2026-08-06 07:34:37,merchant_payment,1399.53,failed,network_error,141214.14,mobile_app
6935,175,2026-08-06 08:06:20,bill_payment,3345.91,success,,37487.02,qr_code
6936,469,2026-08-06 08:23:00,bill_payment,7727.84,failed,card_declined,37708.31,qr_code
6937,57,2026-08-06 08:26:21,p2p_transfer,900.21,success,,53681.2,web
6938,310,2026-08-06 08:55:18,merchant_payment,1295.15,success,,44120.78,mobile_app
6939,439,2026-08-06 09:25:03,bill_payment,604.26,success,,277561.51,mobile_app
6940,41,2026-08-06 09:27:10,merchant_payment,923.92,success,,104948.37,web
6941,4,2026-08-06 09:34:01,merchant_payment,411.1,success,,34150.06,web
6942,349,2026-08-06 09:36:47,merchant_payment,1510.91,success,,22445.28,mobile_app
6943,112,2026-08-06 09:38:35,p2p_transfer,815.53,success,,75809.23,agent
6944,127,2026-08-06 10:00:57,withdrawal,1137.78,success,,35412.36,mobile_app
6945,208,2026-08-06 10:06:00,p2p_transfer,3013.3,failed,network_error,116923.31,agent
6946,254,2026-08-06 11:34:08,bill_payment,1189.75,success,,61476.76,web
6947,275,2026-08-06 12:19:45,top_up,1292.53,success,,154324.58,mobile_app
6948,176,2026-08-06 12:21:34,p2p_transfer,6450.68,success,,16256.43,mobile_app
6949,344,2026-08-06 12:45:27,withdrawal,3857.47,success,,78513.7,mobile_app
6950,407,2026-08-06 12:47:21,top_up,2601.07,failed,card_declined,71453.39,mobile_app
6951,494,2026-08-06 12:57:56,withdrawal,2514.39,success,,33654.4,web
6952,473,2026-08-06 13:42:51,bill_payment,2745.05,success,,713.37,qr_code
6953,446,2026-08-06 13:44:09,top_up,572.72,success,,155104.75,agent
6954,251,2026-08-06 13:53:26,p2p_transfer,6170.71,success,,172101.07,web
6955,209,2026-08-06 14:24:17,p2p_transfer,974.47,success,,86578.83,qr_code
6956,394,2026-08-06 14:47:45,withdrawal,1258.22,success,,129095.48,mobile_app
6957,413,2026-08-06 14:54:08,top_up,1479.15,success,,98516.05,agent
6958,433,2026-08-06 15:01:18,withdrawal,4103.63,success,,83696.67,agent
6959,371,2026-08-06 15:18:46,merchant_payment,2475.18,failed,insufficient_funds,2426.53,web
6960,102,2026-08-06 15:47:57,top_up,2331.18,success,,104009.01,web
6961,406,2026-08-06 15:51:49,merchant_payment,3477.99,failed,insufficient_funds,2321.88,mobile_app
6962,494,2026-08-06 15:56:18,merchant_payment,653.84,success,,33000.56,agent
6963,122,2026-08-06 15:58:17,merchant_payment,5356.84,success,,107022.16,qr_code
6964,42,2026-08-06 16:37:26,merchant_payment,10453.21,failed,insufficient_funds,2360.61,mobile_app
6965,207,2026-08-06 16:47:48,p2p_transfer,21481.52,success,,64365.08,agent
6966,313,2026-08-06 16:54:06,withdrawal,1037.88,success,,51363.79,agent
6967,81,2026-08-06 16:55:49,p2p_transfer,955.71,success,,68944.77,agent
6968,274,2026-08-06 17:25:44,merchant_payment,1531.01,success,,78523.09,qr_code
6969,168,2026-08-06 17:26:34,merchant_payment,4757.91,success,,19275.34,qr_code
6970,440,2026-08-06 17:52:28,top_up,979.44,success,,192098.04,qr_code
6971,66,2026-08-06 17:58:44,bill_payment,4810.4,success,,9795.48,mobile_app
6972,150,2026-08-06 18:10:08,p2p_transfer,751.55,success,,60465.77,web
6973,453,2026-08-06 18:30:27,top_up,5625.23,success,,98636.75,mobile_app
6974,55,2026-08-06 18:47:12,withdrawal,2064.99,success,,217827.48,web
6975,156,2026-08-06 18:50:04,top_up,2266.86,success,,240114.43,qr_code
6976,52,2026-08-06 19:38:41,top_up,617.71,success,,30742.09,qr_code
6977,430,2026-08-06 20:18:59,top_up,8854.0,success,,11054.79,agent
6978,94,2026-08-06 20:59:50,p2p_transfer,297.03,success,,75121.79,mobile_app
6979,193,2026-08-06 21:33:49,bill_payment,1217.18,success,,10829.85,web
6980,430,2026-08-06 21:55:23,p2p_transfer,488.58,success,,10566.21,web
6981,126,2026-08-06 22:41:27,merchant_payment,1747.32,success,,17047.39,web
6982,20,2026-08-06 23:37:43,withdrawal,3668.31,success,,57689.23,web
6983,73,2026-08-07 00:48:32,p2p_transfer,941.49,failed,insufficient_funds,212.89,mobile_app
6984,57,2026-08-07 02:07:42,merchant_payment,5503.57,success,,48177.63,mobile_app
6985,201,2026-08-07 02:53:48,top_up,17040.11,success,,17960.05,agent
6986,371,2026-08-07 03:15:34,merchant_payment,191.7,success,,2234.83,qr_code
6987,262,2026-08-07 03:33:36,merchant_payment,1971.9,success,,47872.28,web
6988,495,2026-08-07 04:15:22,merchant_payment,5294.74,success,,13800.4,agent
6989,34,2026-08-07 04:38:54,top_up,5909.94,success,,39754.37,agent
6990,301,2026-08-07 05:09:55,p2p_transfer,1693.3,success,,27849.39,mobile_app
6991,272,2026-08-07 07:08:19,bill_payment,1260.08,success,,110727.48,agent
6992,290,2026-08-07 07:21:22,top_up,599.17,success,,20749.92,agent
6993,118,2026-08-07 07:54:20,p2p_transfer,1687.59,success,,104017.48,mobile_app
6994,50,2026-08-07 08:05:03,top_up,1075.25,success,,61549.74,mobile_app
6995,36,2026-08-07 08:43:22,p2p_transfer,1046.07,success,,13610.15,agent
6996,252,2026-08-07 09:50:05,top_up,1727.54,success,,201795.15,mobile_app
6997,55,2026-08-07 10:17:28,merchant_payment,1992.68,success,,215834.8,qr_code
6998,375,2026-08-07 10:19:55,p2p_transfer,385.01,success,,62767.65,qr_code
6999,453,2026-08-07 10:43:37,p2p_transfer,595.46,success,,98041.29,mobile_app
7000,429,2026-08-07 11:09:38,merchant_payment,2242.81,success,,29921.48,web
7001,165,2026-08-07 12:07:56,merchant_payment,928.3,success,,22345.21,mobile_app
7002,448,2026-08-07 12:29:37,merchant_payment,4655.56,success,,62703.45,mobile_app
7003,451,2026-08-07 13:33:24,merchant_payment,351.73,success,,28774.92,qr_code
7004,318,2026-08-07 13:46:43,p2p_transfer,808.35,success,,48450.91,qr_code
7005,429,2026-08-07 13:52:15,p2p_transfer,938.89,success,,28982.59,web
7006,337,2026-08-07 14:24:10,bill_payment,9601.22,success,,43667.99,web
7007,25,2026-08-07 14:57:46,merchant_payment,342.32,success,,35815.78,qr_code
7008,299,2026-08-07 16:08:56,top_up,4252.06,success,,9070.63,qr_code
7009,50,2026-08-07 16:10:38,bill_payment,187.0,success,,61362.74,agent
7010,167,2026-08-07 16:12:27,merchant_payment,788.15,success,,4158.6,mobile_app
7011,33,2026-08-07 17:00:12,withdrawal,1081.17,success,,90499.61,mobile_app
7012,147,2026-08-07 17:21:41,bill_payment,3327.92,success,,23197.73,qr_code
7013,475,2026-08-07 17:35:13,top_up,560.4,success,,24404.89,web
7014,298,2026-08-07 18:15:13,bill_payment,6361.17,failed,insufficient_funds,3725.21,qr_code
7015,261,2026-08-07 18:16:09,bill_payment,10572.86,failed,card_declined,54384.8,agent
7016,163,2026-08-07 18:18:39,top_up,4737.38,success,,74049.2,mobile_app
7017,167,2026-08-07 18:37:22,withdrawal,2206.04,success,,1952.56,agent
7018,48,2026-08-07 18:42:39,withdrawal,1012.74,success,,70775.07,mobile_app
7019,301,2026-08-07 19:00:17,p2p_transfer,12457.28,success,,15392.11,qr_code
7020,91,2026-08-07 19:36:01,merchant_payment,789.62,success,,86545.88,web
7021,186,2026-08-07 19:55:49,p2p_transfer,1867.93,success,,150115.12,agent
7022,30,2026-08-07 20:23:28,merchant_payment,571.82,success,,111828.49,qr_code
7023,261,2026-08-07 20:34:00,top_up,924.83,success,,55309.63,agent
7024,272,2026-08-07 20:37:09,p2p_transfer,3301.25,success,,107426.23,web
7025,493,2026-08-07 21:09:54,top_up,1224.5,success,,183826.27,qr_code
7026,387,2026-08-07 21:14:18,withdrawal,459.24,success,,147897.19,agent
7027,47,2026-08-07 21:41:43,p2p_transfer,1621.83,success,,9796.51,agent
7028,473,2026-08-07 21:42:21,p2p_transfer,373.0,success,,340.37,qr_code
7029,288,2026-08-07 21:57:49,p2p_transfer,1024.44,success,,112286.23,agent
7030,4,2026-08-07 23:23:06,merchant_payment,2674.33,success,,31475.73,mobile_app
7031,443,2026-08-07 23:23:51,merchant_payment,3211.33,success,,148106.73,web
7032,489,2026-08-07 23:43:49,bill_payment,1578.45,success,,65401.64,qr_code
7033,302,2026-08-07 23:43:52,withdrawal,2366.44,success,,88977.92,web
7034,312,2026-08-07 23:51:42,top_up,782.72,failed,invalid_recipient,75893.69,qr_code
7035,160,2026-08-08 00:40:54,merchant_payment,2108.47,success,,10270.29,agent
7036,257,2026-08-08 00:51:52,merchant_payment,304.13,success,,25454.43,mobile_app
7037,295,2026-08-08 00:53:39,p2p_transfer,11991.1,failed,insufficient_funds,7331.88,agent
7038,428,2026-08-08 01:29:49,merchant_payment,1749.38,success,,50819.68,mobile_app
7039,313,2026-08-08 01:35:44,merchant_payment,491.16,success,,50872.63,web
7040,434,2026-08-08 01:52:33,withdrawal,2545.93,success,,3695.71,mobile_app
7041,295,2026-08-08 02:37:58,top_up,3228.46,success,,10560.34,web
7042,291,2026-08-08 03:19:18,merchant_payment,902.55,success,,14263.2,agent
7043,318,2026-08-08 03:29:51,bill_payment,507.03,success,,47943.88,web
7044,264,2026-08-08 07:16:20,p2p_transfer,1622.48,success,,46898.04,mobile_app
7045,230,2026-08-08 08:20:27,top_up,1158.61,success,,14907.9,qr_code
7046,425,2026-08-08 08:23:18,top_up,2141.41,success,,174621.07,agent
7047,450,2026-08-08 11:21:06,merchant_payment,3551.45,success,,102115.76,agent
7048,451,2026-08-08 11:30:44,p2p_transfer,750.52,success,,28024.4,web
7049,242,2026-08-08 11:54:35,p2p_transfer,1397.69,failed,card_declined,2940.95,agent
7050,450,2026-08-08 12:16:18,top_up,696.61,success,,102812.37,mobile_app
7051,43,2026-08-08 12:17:46,p2p_transfer,2179.46,success,,40162.13,qr_code
7052,493,2026-08-08 12:20:09,withdrawal,5375.9,success,,178450.37,mobile_app
7053,187,2026-08-08 12:47:02,top_up,10341.41,success,,31023.41,agent
7054,451,2026-08-08 12:57:42,merchant_payment,9378.65,success,,18645.75,qr_code
7055,478,2026-08-08 13:07:23,top_up,3121.22,success,,167824.99,qr_code
7056,114,2026-08-08 13:37:43,bill_payment,349.12,success,,109816.74,mobile_app
7057,263,2026-08-08 13:48:37,top_up,384.8,success,,47400.25,qr_code
7058,241,2026-08-08 13:48:41,merchant_payment,510.31,success,,6936.5,agent
7059,487,2026-08-08 14:04:43,merchant_payment,779.77,success,,18372.34,mobile_app
7060,262,2026-08-08 14:41:15,merchant_payment,856.38,success,,47015.9,web
7061,498,2026-08-08 14:43:53,top_up,2303.17,success,,45590.93,web
7062,333,2026-08-08 14:59:12,top_up,705.66,success,,71560.1,mobile_app
7063,87,2026-08-08 15:22:45,merchant_payment,3802.87,success,,174370.99,agent
7064,127,2026-08-08 15:37:58,bill_payment,978.07,success,,34434.29,web
7065,355,2026-08-08 16:05:16,withdrawal,324.53,success,,32634.49,mobile_app
7066,126,2026-08-08 16:12:29,p2p_transfer,4736.73,success,,12310.66,agent
7067,401,2026-08-08 16:15:15,merchant_payment,426.01,success,,83359.61,web
7068,329,2026-08-08 17:14:04,merchant_payment,1062.72,success,,7126.16,agent
7069,439,2026-08-08 17:21:21,bill_payment,987.07,success,,276574.44,web
7070,28,2026-08-08 17:45:27,top_up,1166.54,success,,92738.07,qr_code
7071,394,2026-08-08 17:56:33,p2p_transfer,2433.44,success,,126662.04,agent
7072,425,2026-08-08 18:12:11,p2p_transfer,806.83,success,,173814.24,mobile_app
7073,478,2026-08-08 18:20:53,merchant_payment,1590.28,success,,166234.71,qr_code
7074,178,2026-08-08 18:53:26,bill_payment,1050.9,success,,5079.41,agent
7075,216,2026-08-08 19:17:40,p2p_transfer,2877.37,success,,101021.49,mobile_app
7076,216,2026-08-08 21:32:55,top_up,2008.18,success,,103029.67,web
7077,57,2026-08-08 21:50:35,p2p_transfer,1234.32,success,,46943.31,web
7078,458,2026-08-08 21:51:18,p2p_transfer,702.4,success,,40109.66,agent
7079,290,2026-08-08 22:02:33,merchant_payment,2536.73,success,,18213.19,qr_code
7080,55,2026-08-08 22:52:39,p2p_transfer,4460.03,success,,211374.77,mobile_app
7081,205,2026-08-08 22:54:06,p2p_transfer,2233.09,success,,90097.61,mobile_app
7082,262,2026-08-08 23:09:17,top_up,2387.54,success,,49403.44,web
7083,433,2026-08-08 23:10:30,p2p_transfer,899.93,success,,82796.74,web
7084,193,2026-08-08 23:20:08,merchant_payment,3968.99,success,,6860.86,mobile_app
7085,498,2026-08-09 00:49:59,merchant_payment,454.25,success,,45136.68,agent
7086,135,2026-08-09 02:17:44,merchant_payment,519.39,success,,66315.09,agent
7087,252,2026-08-09 04:13:38,top_up,117.55,failed,card_declined,201795.15,qr_code
7088,252,2026-08-09 04:22:04,merchant_payment,4351.16,success,,197443.99,web
7089,73,2026-08-09 05:06:27,p2p_transfer,804.38,failed,insufficient_funds,212.89,mobile_app
7090,80,2026-08-09 07:07:37,p2p_transfer,2226.05,success,,22979.83,mobile_app
7091,156,2026-08-09 07:17:43,p2p_transfer,876.12,success,,239238.31,mobile_app
7092,43,2026-08-09 07:34:40,merchant_payment,703.67,success,,39458.46,agent
7093,394,2026-08-09 07:46:52,p2p_transfer,1920.35,success,,124741.69,web
7094,304,2026-08-09 08:35:20,bill_payment,408.93,failed,network_error,5579.22,mobile_app
7095,411,2026-08-09 09:42:18,p2p_transfer,1808.66,success,,114272.71,agent
7096,115,2026-08-09 10:19:12,merchant_payment,1801.3,success,,87902.22,web
7097,272,2026-08-09 11:03:45,merchant_payment,746.27,success,,106679.96,agent
7098,202,2026-08-09 11:17:12,bill_payment,2328.83,success,,34622.77,agent
7099,33,2026-08-09 11:28:55,merchant_payment,367.33,success,,90132.28,mobile_app
7100,311,2026-08-09 11:39:32,merchant_payment,5505.89,success,,79505.48,agent
7101,486,2026-08-09 12:45:12,p2p_transfer,1421.86,success,,32952.32,qr_code
7102,258,2026-08-09 12:46:39,bill_payment,956.34,success,,16431.84,mobile_app
7103,86,2026-08-09 13:22:30,p2p_transfer,718.36,success,,4986.1,mobile_app
7104,367,2026-08-09 13:29:41,merchant_payment,1896.07,success,,34629.29,qr_code
7105,434,2026-08-09 13:59:47,merchant_payment,579.35,success,,3116.36,mobile_app
7106,491,2026-08-09 14:05:30,top_up,5943.73,success,,118164.03,mobile_app
7107,227,2026-08-09 14:11:48,p2p_transfer,956.75,success,,71279.54,mobile_app
7108,355,2026-08-09 14:18:19,p2p_transfer,1139.41,success,,31495.08,mobile_app
7109,446,2026-08-09 14:47:08,merchant_payment,8841.62,success,,146263.13,agent
7110,479,2026-08-09 14:59:05,merchant_payment,472.92,success,,245581.2,agent
7111,25,2026-08-09 15:29:45,merchant_payment,4833.22,success,,30982.56,agent
7112,450,2026-08-09 16:04:48,merchant_payment,2729.24,success,,100083.13,qr_code
7113,323,2026-08-09 16:23:53,merchant_payment,569.77,success,,15961.01,mobile_app
7114,140,2026-08-09 16:54:52,bill_payment,1015.71,success,,61556.22,qr_code
7115,478,2026-08-09 16:56:50,top_up,2127.73,success,,168362.44,qr_code
7116,464,2026-08-09 17:13:48,bill_payment,2325.1,success,,54221.42,mobile_app
7117,187,2026-08-09 18:23:34,top_up,4083.33,success,,35106.74,agent
7118,489,2026-08-09 18:43:32,bill_payment,2308.14,success,,63093.5,web
7119,275,2026-08-09 18:48:52,merchant_payment,1909.97,success,,152414.61,web
7120,428,2026-08-09 19:27:30,merchant_payment,279.64,success,,50540.04,qr_code
7121,118,2026-08-09 19:36:13,p2p_transfer,977.8,success,,103039.68,web
7122,251,2026-08-09 20:01:55,bill_payment,2325.09,success,,169775.98,agent
7123,211,2026-08-09 20:09:56,merchant_payment,255.55,success,,148493.93,agent
7124,407,2026-08-09 20:37:27,bill_payment,1327.81,success,,70125.58,mobile_app
7125,363,2026-08-09 20:48:37,p2p_transfer,331.22,success,,91883.52,agent
7126,411,2026-08-09 21:03:16,top_up,1762.61,success,,116035.32,qr_code
7127,415,2026-08-09 21:15:32,bill_payment,494.02,success,,77131.99,web
7128,187,2026-08-09 21:21:37,top_up,2479.26,success,,37586.0,web
7129,135,2026-08-09 21:35:57,merchant_payment,1896.68,success,,64418.41,web
7130,314,2026-08-09 22:15:59,top_up,2432.74,success,,82580.62,agent
7131,193,2026-08-09 22:18:50,withdrawal,341.7,success,,6519.16,web
7132,411,2026-08-09 22:26:06,top_up,2954.14,success,,118989.46,web
7133,193,2026-08-09 22:42:00,merchant_payment,883.4,success,,5635.76,mobile_app
7134,139,2026-08-09 22:51:20,merchant_payment,3991.73,failed,insufficient_funds,929.96,agent
7135,168,2026-08-09 23:27:39,merchant_payment,2667.81,failed,invalid_recipient,19275.34,mobile_app
7136,139,2026-08-10 00:41:07,top_up,4933.36,success,,5863.32,mobile_app
7137,406,2026-08-10 01:22:19,top_up,84.5,success,,2406.38,qr_code
7138,497,2026-08-10 01:24:12,bill_payment,672.14,success,,68193.06,mobile_app
7139,216,2026-08-10 02:16:12,withdrawal,2598.58,success,,100431.09,mobile_app
7140,10,2026-08-10 03:07:02,top_up,4561.33,success,,43753.12,agent
7141,370,2026-08-10 03:54:42,merchant_payment,2102.03,failed,insufficient_funds,1927.55,agent
7142,336,2026-08-10 04:22:27,top_up,2211.81,success,,289063.47,qr_code
7143,160,2026-08-10 04:38:29,merchant_payment,446.92,success,,9823.37,agent
7144,284,2026-08-10 04:38:49,p2p_transfer,426.47,success,,114997.7,mobile_app
7145,99,2026-08-10 07:04:35,top_up,1863.68,success,,101459.93,agent
7146,228,2026-08-10 07:13:01,top_up,4265.68,failed,network_error,44504.08,agent
7147,493,2026-08-10 07:29:01,merchant_payment,3434.17,success,,175016.2,web
7148,135,2026-08-10 07:38:17,top_up,4070.16,success,,68488.57,mobile_app
7149,309,2026-08-10 07:46:10,bill_payment,254.56,success,,48777.6,agent
7150,141,2026-08-10 08:54:41,merchant_payment,470.26,success,,14140.25,qr_code
7151,246,2026-08-10 08:59:16,merchant_payment,869.65,success,,1641.15,agent
7152,31,2026-08-10 09:01:47,bill_payment,2527.33,success,,205183.92,qr_code
7153,175,2026-08-10 09:15:41,top_up,3171.41,success,,40658.43,agent
7154,29,2026-08-10 10:26:12,merchant_payment,459.94,success,,64484.45,web
7155,335,2026-08-10 10:39:18,p2p_transfer,996.49,success,,25263.92,qr_code
7156,211,2026-08-10 10:42:02,p2p_transfer,2306.16,success,,146187.77,web
7157,188,2026-08-10 11:13:00,p2p_transfer,659.25,success,,19671.93,mobile_app
7158,336,2026-08-10 11:13:47,merchant_payment,395.86,success,,288667.61,qr_code
7159,329,2026-08-10 11:48:56,merchant_payment,3023.06,success,,4103.1,mobile_app
7160,425,2026-08-10 12:07:58,bill_payment,993.59,success,,172820.65,web
7161,185,2026-08-10 12:15:58,merchant_payment,289.31,success,,70761.25,mobile_app
7162,478,2026-08-10 12:35:09,withdrawal,2323.04,success,,166039.4,web
7163,78,2026-08-10 12:39:02,top_up,10238.29,success,,75573.23,qr_code
7164,189,2026-08-10 13:22:17,merchant_payment,568.56,success,,46706.18,mobile_app
7165,380,2026-08-10 13:27:58,bill_payment,3110.74,failed,insufficient_funds,2304.03,mobile_app
7166,241,2026-08-10 14:14:35,top_up,3088.11,success,,10024.61,qr_code
7167,428,2026-08-10 15:23:58,merchant_payment,2952.77,success,,47587.27,qr_code
7168,450,2026-08-10 15:33:28,merchant_payment,2784.18,success,,97298.95,web
7169,211,2026-08-10 16:10:38,top_up,15437.81,success,,161625.58,agent
7170,201,2026-08-10 16:11:50,withdrawal,2200.9,success,,15759.15,agent
7171,29,2026-08-10 17:04:53,p2p_transfer,245.94,success,,64238.51,qr_code
7172,161,2026-08-10 17:05:29,merchant_payment,894.41,success,,83670.21,web
7173,26,2026-08-10 17:11:40,merchant_payment,662.96,success,,103048.69,qr_code
7174,430,2026-08-10 17:23:43,merchant_payment,1827.31,success,,8738.9,web
7175,371,2026-08-10 18:25:42,p2p_transfer,2150.17,failed,suspected_fraud,2234.83,web
7176,167,2026-08-10 19:14:32,p2p_transfer,2436.37,failed,insufficient_funds,1952.56,web
7177,479,2026-08-10 19:19:17,p2p_transfer,998.67,success,,244582.53,mobile_app
7178,461,2026-08-10 19:22:11,merchant_payment,888.41,success,,83278.6,web
7179,172,2026-08-10 20:28:08,withdrawal,1028.77,success,,34690.55,mobile_app
7180,380,2026-08-10 20:43:39,p2p_transfer,7175.82,failed,insufficient_funds,2304.03,qr_code
7181,492,2026-08-10 21:21:22,merchant_payment,1506.12,success,,104944.89,web
7182,94,2026-08-10 21:33:51,merchant_payment,2265.32,success,,72856.47,agent
7183,478,2026-08-10 22:30:10,top_up,8585.49,success,,174624.89,agent
7184,439,2026-08-10 22:42:02,merchant_payment,967.56,success,,275606.88,agent
7185,368,2026-08-10 22:49:58,merchant_payment,796.39,success,,130043.08,qr_code
7186,492,2026-08-10 23:03:40,bill_payment,855.96,success,,104088.93,qr_code
7187,201,2026-08-11 01:44:24,merchant_payment,5280.05,success,,10479.1,mobile_app
7188,79,2026-08-11 01:58:45,bill_payment,658.32,success,,46595.06,agent
7189,459,2026-08-11 02:12:40,bill_payment,2294.83,failed,insufficient_funds,1334.76,agent
7190,262,2026-08-11 03:02:27,withdrawal,2868.4,success,,46535.04,mobile_app
7191,403,2026-08-11 04:57:46,top_up,19428.46,success,,30651.73,qr_code
7192,212,2026-08-11 07:43:46,bill_payment,1007.2,success,,66743.62,agent
7193,147,2026-08-11 07:44:46,p2p_transfer,11302.2,success,,11895.53,agent
7194,173,2026-08-11 08:10:42,top_up,477.25,success,,87901.62,web
7195,412,2026-08-11 08:21:08,top_up,4502.98,success,,132909.29,agent
7196,141,2026-08-11 08:28:50,merchant_payment,1286.1,failed,invalid_recipient,14140.25,agent
7197,363,2026-08-11 08:32:32,merchant_payment,5647.57,success,,86235.95,agent
7198,349,2026-08-11 09:05:39,merchant_payment,1192.24,success,,21253.04,qr_code
7199,457,2026-08-11 09:31:41,merchant_payment,1665.8,success,,8432.29,mobile_app
7200,194,2026-08-11 09:52:01,top_up,4139.1,success,,6167.99,qr_code
7201,354,2026-08-11 10:06:38,merchant_payment,330.04,success,,100951.84,qr_code
7202,156,2026-08-11 10:09:28,top_up,1184.05,success,,240422.36,web
7203,147,2026-08-11 10:20:22,merchant_payment,2330.03,success,,9565.5,agent
7204,426,2026-08-11 10:22:22,top_up,21103.65,success,,22600.94,mobile_app
7205,269,2026-08-11 10:23:08,merchant_payment,433.16,success,,26172.09,agent
7206,119,2026-08-11 10:38:41,merchant_payment,1204.9,success,,107277.91,web
7207,266,2026-08-11 10:55:12,withdrawal,3081.84,success,,47517.0,agent
7208,261,2026-08-11 11:07:35,merchant_payment,327.44,success,,54982.19,qr_code
7209,318,2026-08-11 11:08:30,merchant_payment,871.24,success,,47072.64,mobile_app
7210,433,2026-08-11 11:23:27,merchant_payment,1797.01,success,,80999.73,qr_code
7211,333,2026-08-11 12:18:13,bill_payment,893.04,success,,70667.06,mobile_app
7212,375,2026-08-11 12:43:39,merchant_payment,4693.39,success,,58074.26,agent
7213,326,2026-08-11 13:23:08,top_up,1700.75,success,,146747.81,agent
7214,160,2026-08-11 14:17:24,p2p_transfer,1106.5,success,,8716.87,mobile_app
7215,153,2026-08-11 14:53:43,p2p_transfer,2277.46,success,,32743.73,qr_code
7216,74,2026-08-11 15:25:55,p2p_transfer,674.14,success,,55298.23,mobile_app
7217,86,2026-08-11 15:50:58,merchant_payment,688.67,success,,4297.43,mobile_app
7218,166,2026-08-11 16:03:22,p2p_transfer,2021.03,success,,46091.25,qr_code
7219,165,2026-08-11 16:09:45,p2p_transfer,3733.03,success,,18612.18,agent
7220,171,2026-08-11 16:21:30,merchant_payment,2070.72,success,,17072.33,web
7221,478,2026-08-11 16:30:09,p2p_transfer,6140.91,success,,168483.98,agent
7222,166,2026-08-11 16:30:14,top_up,6696.61,success,,52787.86,web
7223,491,2026-08-11 16:31:34,top_up,387.86,success,,118551.89,agent
7224,207,2026-08-11 16:40:29,merchant_payment,603.97,success,,63761.11,qr_code
7225,327,2026-08-11 16:43:34,top_up,868.27,success,,10618.39,mobile_app
7226,468,2026-08-11 16:55:13,merchant_payment,509.13,success,,23485.76,mobile_app
7227,329,2026-08-11 16:55:31,p2p_transfer,4621.27,failed,insufficient_funds,4103.1,agent
7228,76,2026-08-11 17:09:06,merchant_payment,9690.9,success,,70208.5,qr_code
7229,333,2026-08-11 17:19:44,merchant_payment,1009.35,success,,69657.71,web
7230,425,2026-08-11 17:34:15,merchant_payment,738.41,failed,network_error,172820.65,qr_code
7231,60,2026-08-11 18:13:00,merchant_payment,1854.99,success,,29637.5,agent
7232,161,2026-08-11 18:14:13,p2p_transfer,997.14,success,,82673.07,agent
7233,398,2026-08-11 18:20:58,merchant_payment,1249.94,success,,37575.38,mobile_app
7234,211,2026-08-11 18:24:56,top_up,4435.74,success,,166061.32,agent
7235,469,2026-08-11 18:29:03,withdrawal,317.14,success,,37391.17,mobile_app
7236,448,2026-08-11 18:56:34,merchant_payment,1499.37,success,,61204.08,agent
7237,30,2026-08-11 19:31:38,p2p_transfer,1124.98,success,,110703.51,agent
7238,387,2026-08-11 19:33:56,p2p_transfer,1830.08,success,,146067.11,web
7239,189,2026-08-11 20:09:17,p2p_transfer,8276.13,failed,network_error,46706.18,qr_code
7240,220,2026-08-11 20:18:31,merchant_payment,2252.79,success,,42629.4,agent
7241,329,2026-08-11 20:22:57,merchant_payment,2950.35,success,,1152.75,mobile_app
7242,156,2026-08-11 20:46:38,bill_payment,2453.04,success,,237969.32,mobile_app
7243,474,2026-08-11 21:02:54,p2p_transfer,902.41,success,,14175.31,mobile_app
7244,187,2026-08-11 21:25:15,p2p_transfer,720.5,success,,36865.5,agent
7245,281,2026-08-11 21:46:53,merchant_payment,1378.58,success,,41861.91,mobile_app
7246,8,2026-08-11 21:48:46,top_up,985.06,success,,4997.93,web
7247,479,2026-08-11 22:27:20,merchant_payment,342.46,success,,244240.07,mobile_app
7248,298,2026-08-11 22:35:49,merchant_payment,3683.09,failed,card_declined,3725.21,agent
7249,238,2026-08-11 22:42:34,bill_payment,8319.36,failed,insufficient_funds,855.03,agent
7250,394,2026-08-11 22:43:21,merchant_payment,41961.19,success,,82780.5,mobile_app
7251,29,2026-08-11 22:50:33,top_up,3668.24,success,,67906.75,qr_code
7252,424,2026-08-11 23:02:05,merchant_payment,1747.07,success,,53673.6,mobile_app
7253,99,2026-08-11 23:16:11,bill_payment,902.85,success,,100557.08,mobile_app
7254,180,2026-08-11 23:46:29,withdrawal,4146.5,success,,136553.04,agent
7255,96,2026-08-12 00:03:56,merchant_payment,2017.76,success,,156197.02,mobile_app
7256,493,2026-08-12 04:03:56,withdrawal,1964.82,success,,173051.38,agent
7257,73,2026-08-12 04:10:52,bill_payment,2740.09,failed,insufficient_funds,212.89,web
7258,7,2026-08-12 04:56:10,merchant_payment,1166.84,success,,9399.85,mobile_app
7259,318,2026-08-12 05:48:18,p2p_transfer,23551.73,success,,23520.91,agent
7260,446,2026-08-12 07:16:13,merchant_payment,1883.56,success,,144379.57,mobile_app
7261,328,2026-08-12 09:07:14,p2p_transfer,932.58,success,,66433.96,mobile_app
7262,299,2026-08-12 09:10:59,top_up,1948.4,success,,11019.03,qr_code
7263,428,2026-08-12 10:19:35,merchant_payment,869.43,success,,46717.84,qr_code
7264,378,2026-08-12 10:27:59,bill_payment,1528.38,success,,12622.94,qr_code
7265,258,2026-08-12 10:28:42,withdrawal,154.93,success,,16276.91,mobile_app
7266,155,2026-08-12 11:48:42,bill_payment,1397.5,success,,37054.28,qr_code
7267,237,2026-08-12 12:31:38,top_up,1142.58,success,,59560.66,web
7268,498,2026-08-12 12:31:55,p2p_transfer,1516.07,success,,43620.61,agent
7269,31,2026-08-12 12:50:49,top_up,1678.34,success,,206862.26,agent
7270,381,2026-08-12 13:11:15,p2p_transfer,496.82,success,,74487.76,web
7271,41,2026-08-12 13:26:38,bill_payment,3093.31,success,,101855.06,agent
7272,478,2026-08-12 14:12:50,p2p_transfer,5489.33,success,,162994.65,mobile_app
7273,213,2026-08-12 14:19:26,merchant_payment,2489.05,failed,insufficient_funds,982.3,agent
7274,333,2026-08-12 14:45:49,merchant_payment,3098.3,success,,66559.41,mobile_app
7275,189,2026-08-12 15:03:05,top_up,4741.15,success,,51447.33,qr_code
7276,387,2026-08-12 15:12:33,top_up,1863.47,success,,147930.58,qr_code
7277,428,2026-08-12 15:15:09,bill_payment,15067.56,success,,31650.28,mobile_app
7278,445,2026-08-12 15:24:08,merchant_payment,6228.97,success,,90487.26,qr_code
7279,189,2026-08-12 15:37:02,p2p_transfer,2277.08,success,,49170.25,qr_code
7280,333,2026-08-12 15:52:26,withdrawal,970.46,success,,65588.95,web
7281,201,2026-08-12 16:06:34,p2p_transfer,5586.1,success,,4893.0,qr_code
7282,299,2026-08-12 16:10:51,merchant_payment,405.42,success,,10613.61,mobile_app
7283,188,2026-08-12 16:24:51,merchant_payment,1245.45,failed,card_declined,19671.93,qr_code
7284,417,2026-08-12 16:33:37,top_up,1293.44,success,,16728.5,web
7285,445,2026-08-12 16:35:25,merchant_payment,1167.63,success,,89319.63,mobile_app
7286,415,2026-08-12 18:08:22,merchant_payment,1134.09,success,,75997.9,qr_code
7287,64,2026-08-12 18:20:22,withdrawal,635.29,success,,30657.96,web
7288,454,2026-08-12 19:35:14,merchant_payment,1354.71,success,,42265.9,mobile_app
7289,154,2026-08-12 20:00:16,top_up,14315.23,success,,109192.56,agent
7290,262,2026-08-12 20:21:28,merchant_payment,1723.84,success,,44811.2,web
7291,20,2026-08-12 20:27:03,p2p_transfer,3625.95,success,,54063.28,agent
7292,459,2026-08-12 20:29:13,bill_payment,1221.83,success,,112.93,mobile_app
7293,486,2026-08-12 21:15:21,bill_payment,3031.24,success,,29921.08,agent
7294,477,2026-08-12 21:17:24,bill_payment,787.2,success,,72725.41,agent
7295,301,2026-08-12 22:00:02,bill_payment,1989.0,success,,13403.11,qr_code
7296,356,2026-08-12 22:00:14,p2p_transfer,1619.73,success,,3359.75,web
7297,493,2026-08-12 23:34:07,p2p_transfer,939.9,success,,172111.48,web
7298,141,2026-08-12 23:38:25,top_up,5836.18,success,,19976.43,mobile_app
7299,498,2026-08-12 23:58:56,merchant_payment,231.32,failed,network_error,43620.61,web
7300,43,2026-08-13 00:02:51,p2p_transfer,392.8,success,,39065.66,qr_code
7301,198,2026-08-13 01:30:29,p2p_transfer,943.14,success,,27379.94,agent
7302,333,2026-08-13 01:31:53,merchant_payment,933.1,success,,64655.85,web
7303,198,2026-08-13 03:37:36,p2p_transfer,2125.18,success,,25254.76,mobile_app
7304,465,2026-08-13 07:49:04,merchant_payment,774.57,success,,12498.16,mobile_app
7305,186,2026-08-13 09:47:11,merchant_payment,486.77,success,,149628.35,web
7306,231,2026-08-13 10:09:03,top_up,797.82,success,,13801.93,mobile_app
7307,115,2026-08-13 10:30:25,p2p_transfer,308.73,success,,87593.49,web
7308,479,2026-08-13 10:49:43,merchant_payment,275.86,success,,243964.21,mobile_app
7309,367,2026-08-13 11:10:15,withdrawal,29511.17,success,,5118.12,qr_code
7310,67,2026-08-13 11:11:19,merchant_payment,569.51,success,,111175.9,web
7311,439,2026-08-13 11:27:36,merchant_payment,1457.24,success,,274149.64,mobile_app
7312,299,2026-08-13 11:28:01,merchant_payment,373.28,success,,10240.33,mobile_app
7313,329,2026-08-13 11:34:44,top_up,3203.1,success,,4355.85,web
7314,79,2026-08-13 12:07:19,merchant_payment,4319.03,success,,42276.03,qr_code
7315,415,2026-08-13 12:16:02,bill_payment,545.4,success,,75452.5,qr_code
7316,150,2026-08-13 12:20:06,merchant_payment,1195.74,success,,59270.03,web
7317,479,2026-08-13 12:25:02,p2p_transfer,466.89,success,,243497.32,mobile_app
7318,11,2026-08-13 12:26:30,merchant_payment,375.14,success,,139550.74,qr_code
7319,398,2026-08-13 12:26:48,withdrawal,1511.9,success,,36063.48,agent
7320,460,2026-08-13 12:29:22,p2p_transfer,1881.95,success,,211355.35,web
7321,31,2026-08-13 12:30:42,p2p_transfer,3015.0,success,,203847.26,mobile_app
7322,348,2026-08-13 13:25:10,top_up,1193.57,success,,19934.41,mobile_app
7323,356,2026-08-13 14:01:13,bill_payment,300.95,success,,3058.8,web
7324,262,2026-08-13 14:52:09,top_up,3198.3,success,,48009.5,mobile_app
7325,189,2026-08-13 15:25:42,p2p_transfer,2849.85,success,,46320.4,mobile_app
7326,154,2026-08-13 15:43:31,withdrawal,1160.69,success,,108031.87,agent
7327,168,2026-08-13 16:40:19,merchant_payment,2909.68,success,,16365.66,agent
7328,333,2026-08-13 17:33:24,p2p_transfer,785.11,success,,63870.74,qr_code
7329,480,2026-08-13 17:36:00,top_up,1378.02,success,,70823.85,web
7330,165,2026-08-13 18:27:35,top_up,1560.93,success,,20173.11,web
7331,336,2026-08-13 19:01:23,merchant_payment,1743.09,success,,286924.52,web
7332,205,2026-08-13 19:02:35,merchant_payment,1200.5,success,,88897.11,mobile_app
7333,180,2026-08-13 19:09:32,merchant_payment,7085.5,success,,129467.54,mobile_app
7334,461,2026-08-13 19:22:43,merchant_payment,9511.16,success,,73767.44,agent
7335,289,2026-08-13 19:27:35,merchant_payment,5414.94,success,,68598.79,qr_code
7336,333,2026-08-13 19:59:03,p2p_transfer,2205.9,success,,61664.84,web
7337,154,2026-08-13 20:08:36,top_up,2107.63,success,,110139.5,mobile_app
7338,187,2026-08-13 20:24:31,bill_payment,1575.61,success,,35289.89,web
7339,460,2026-08-13 20:46:11,merchant_payment,1123.02,success,,210232.33,mobile_app
7340,497,2026-08-13 21:15:00,bill_payment,5557.15,success,,62635.91,web
7341,493,2026-08-13 22:07:51,top_up,3306.32,success,,175417.8,web
7342,270,2026-08-13 22:18:47,merchant_payment,393.62,success,,31070.41,qr_code
7343,448,2026-08-13 22:28:22,merchant_payment,327.29,success,,60876.79,agent
7344,10,2026-08-13 22:53:04,p2p_transfer,1893.81,success,,41859.31,qr_code
7345,24,2026-08-13 23:00:01,withdrawal,4138.46,failed,insufficient_funds,2411.97,agent
7346,425,2026-08-13 23:01:08,top_up,23182.38,success,,196003.03,qr_code
7347,277,2026-08-13 23:43:23,top_up,2436.3,success,,21796.78,qr_code
7348,338,2026-08-13 23:46:29,merchant_payment,867.54,success,,105814.71,agent
7349,274,2026-08-14 00:05:26,top_up,1487.14,success,,80010.23,web
7350,25,2026-08-14 00:26:01,bill_payment,1949.65,success,,29032.91,mobile_app
7351,432,2026-08-14 01:26:50,p2p_transfer,4109.48,failed,insufficient_funds,2560.2,agent
7352,428,2026-08-14 04:25:15,merchant_payment,6666.38,success,,24983.9,mobile_app
7353,441,2026-08-14 05:02:42,bill_payment,258.61,success,,3358.82,qr_code
7354,428,2026-08-14 05:39:24,p2p_transfer,2605.52,success,,22378.38,web
7355,325,2026-08-14 05:54:30,top_up,12797.97,failed,card_declined,10435.55,mobile_app
7356,349,2026-08-14 07:06:55,bill_payment,499.42,success,,20753.62,mobile_app
7357,493,2026-08-14 07:08:21,top_up,4677.36,success,,180095.16,web
7358,43,2026-08-14 07:11:52,merchant_payment,2076.33,success,,36989.33,mobile_app
7359,333,2026-08-14 07:27:53,merchant_payment,3086.14,failed,card_declined,61664.84,web
7360,122,2026-08-14 08:01:16,p2p_transfer,3503.46,success,,103518.7,qr_code
7361,276,2026-08-14 08:46:57,p2p_transfer,352.51,success,,62901.25,web
7362,50,2026-08-14 08:52:20,top_up,544.05,success,,61906.79,mobile_app
7363,189,2026-08-14 09:10:24,merchant_payment,272.36,success,,46048.04,agent
7364,381,2026-08-14 09:16:40,merchant_payment,505.67,failed,card_declined,74487.76,agent
7365,96,2026-08-14 09:46:18,bill_payment,418.45,success,,155778.57,mobile_app
7366,312,2026-08-14 09:52:03,p2p_transfer,333.41,success,,75560.28,qr_code
7367,407,2026-08-14 09:53:37,top_up,1718.34,success,,71843.92,web
7368,211,2026-08-14 10:10:47,top_up,6756.42,success,,172817.74,mobile_app
7369,80,2026-08-14 10:11:03,p2p_transfer,3877.36,success,,19102.47,mobile_app
7370,314,2026-08-14 10:16:30,p2p_transfer,994.4,success,,81586.22,web
7371,362,2026-08-14 10:20:34,bill_payment,598.19,success,,91751.02,web
7372,430,2026-08-14 11:17:33,merchant_payment,3198.91,success,,5539.99,agent
7373,129,2026-08-14 11:51:46,merchant_payment,375.11,success,,17745.89,qr_code
7374,451,2026-08-14 12:04:45,merchant_payment,3198.16,success,,15447.59,qr_code
7375,67,2026-08-14 12:05:52,merchant_payment,3290.9,success,,107885.0,web
7376,425,2026-08-14 12:21:53,p2p_transfer,4529.61,success,,191473.42,mobile_app
7377,303,2026-08-14 12:23:51,bill_payment,1360.61,success,,92760.37,mobile_app
7378,357,2026-08-14 13:16:17,merchant_payment,2616.2,failed,insufficient_funds,141.15,mobile_app
7379,68,2026-08-14 13:19:44,p2p_transfer,850.36,success,,94018.46,qr_code
7380,31,2026-08-14 13:40:09,top_up,8771.12,success,,212618.38,agent
7381,186,2026-08-14 13:49:05,merchant_payment,6473.2,success,,143155.15,mobile_app
7382,375,2026-08-14 14:19:46,top_up,1410.78,success,,59485.04,agent
7383,479,2026-08-14 14:41:13,merchant_payment,4613.95,success,,238883.37,agent
7384,453,2026-08-14 14:45:41,top_up,1767.34,failed,limit_exceeded,98041.29,web
7385,478,2026-08-14 15:26:00,top_up,1642.64,success,,164637.29,web
7386,231,2026-08-14 16:11:05,merchant_payment,2403.44,success,,11398.49,mobile_app
7387,310,2026-08-14 16:23:14,merchant_payment,608.76,success,,43512.02,agent
7388,81,2026-08-14 16:25:39,bill_payment,1641.16,success,,67303.61,qr_code
7389,362,2026-08-14 16:45:40,merchant_payment,1886.46,success,,89864.56,qr_code
7390,180,2026-08-14 17:10:50,withdrawal,318.97,success,,129148.57,mobile_app
7391,389,2026-08-14 17:40:03,top_up,1499.95,success,,2341.9,mobile_app
7392,40,2026-08-14 17:55:17,merchant_payment,775.79,success,,235247.84,qr_code
7393,493,2026-08-14 18:12:19,merchant_payment,2117.64,success,,177977.52,web
7394,298,2026-08-14 18:21:59,top_up,11726.62,success,,15451.83,web
7395,122,2026-08-14 18:59:20,bill_payment,1539.41,success,,101979.29,qr_code
7396,192,2026-08-14 19:02:10,top_up,892.48,success,,63240.04,web
7397,130,2026-08-14 19:13:06,withdrawal,1408.54,success,,85901.82,mobile_app
7398,344,2026-08-14 20:19:38,merchant_payment,884.66,success,,77629.04,qr_code
7399,266,2026-08-14 20:52:25,p2p_transfer,331.77,success,,47185.23,qr_code
7400,444,2026-08-14 21:16:56,p2p_transfer,1050.87,success,,5638.8,agent
7401,491,2026-08-14 21:27:33,top_up,4563.63,success,,123115.52,agent
7402,308,2026-08-14 21:45:02,bill_payment,540.51,success,,262392.53,web
7403,157,2026-08-14 22:10:53,withdrawal,537.12,success,,92660.28,mobile_app
7404,50,2026-08-14 22:10:58,p2p_transfer,1106.5,success,,60800.29,mobile_app
7405,155,2026-08-14 22:23:09,merchant_payment,422.45,success,,36631.83,web
7406,7,2026-08-14 22:33:48,merchant_payment,566.68,success,,8833.17,mobile_app
7407,492,2026-08-14 23:09:54,top_up,1351.81,success,,105440.74,agent
7408,160,2026-08-14 23:24:44,merchant_payment,4207.72,success,,4509.15,qr_code
7409,411,2026-08-14 23:48:35,p2p_transfer,1486.39,success,,117503.07,agent
7410,304,2026-08-15 00:58:38,merchant_payment,4332.74,success,,1246.48,mobile_app
7411,116,2026-08-15 01:03:02,merchant_payment,6123.62,success,,19551.78,qr_code
7412,459,2026-08-15 01:42:43,withdrawal,1725.88,failed,insufficient_funds,112.93,mobile_app
7413,201,2026-08-15 02:23:39,top_up,11004.0,success,,15897.0,web
7414,105,2026-08-15 03:48:52,withdrawal,1736.45,success,,14124.75,qr_code
7415,428,2026-08-15 04:06:57,top_up,160.77,success,,22539.15,qr_code
7416,257,2026-08-15 04:49:12,withdrawal,8671.96,success,,16782.47,mobile_app
7417,374,2026-08-15 05:12:17,top_up,9850.11,success,,64914.37,agent
7418,238,2026-08-15 05:36:36,bill_payment,2289.67,failed,insufficient_funds,855.03,web
7419,426,2026-08-15 07:03:46,merchant_payment,9735.81,success,,12865.13,agent
7420,53,2026-08-15 07:03:53,merchant_payment,461.5,success,,4079.82,web
7421,20,2026-08-15 07:19:11,p2p_transfer,11034.59,success,,43028.69,web
7422,180,2026-08-15 07:43:40,merchant_payment,3042.0,success,,126106.57,web
7423,440,2026-08-15 07:59:38,p2p_transfer,441.85,success,,191656.19,web
7424,20,2026-08-15 08:03:25,merchant_payment,809.26,success,,42219.43,mobile_app
7425,120,2026-08-15 08:20:52,bill_payment,544.02,success,,214947.51,mobile_app
7426,411,2026-08-15 09:09:46,p2p_transfer,748.56,success,,116754.51,web
7427,242,2026-08-15 09:24:28,top_up,3515.92,success,,6456.87,web
7428,493,2026-08-15 09:25:41,top_up,8816.7,success,,186794.22,mobile_app
7429,329,2026-08-15 09:27:39,merchant_payment,51.86,success,,4303.99,agent
7430,433,2026-08-15 09:57:24,merchant_payment,990.22,success,,80009.51,agent
7431,123,2026-08-15 10:11:06,top_up,1013.54,success,,1107.49,qr_code
7432,201,2026-08-15 10:17:53,top_up,2031.58,success,,17928.58,agent
7433,43,2026-08-15 10:33:13,withdrawal,1171.69,success,,35817.64,mobile_app
7434,428,2026-08-15 11:03:32,top_up,1641.22,success,,24180.37,agent
7435,66,2026-08-15 11:36:58,p2p_transfer,6852.83,success,,2942.65,mobile_app
7436,493,2026-08-15 12:09:03,p2p_transfer,601.05,success,,186193.17,web
7437,198,2026-08-15 12:44:07,p2p_transfer,431.36,failed,suspected_fraud,25254.76,web
7438,55,2026-08-15 13:29:57,top_up,4656.51,success,,216031.28,agent
7439,284,2026-08-15 14:23:26,merchant_payment,1131.61,success,,113866.09,qr_code
7440,359,2026-08-15 14:25:16,top_up,1211.97,success,,41737.24,web
7441,329,2026-08-15 14:40:05,p2p_transfer,621.82,success,,3682.17,qr_code
7442,325,2026-08-15 14:54:36,bill_payment,305.29,success,,10130.26,qr_code
7443,19,2026-08-15 15:23:05,top_up,3237.95,success,,10941.3,agent
7444,404,2026-08-15 15:49:20,top_up,772.78,success,,66578.33,mobile_app
7445,64,2026-08-15 15:54:16,merchant_payment,2189.12,success,,28468.84,web
7446,380,2026-08-15 16:23:44,merchant_payment,198.67,success,,2105.36,agent
7447,320,2026-08-15 16:24:29,top_up,3005.76,success,,9627.16,web
7448,188,2026-08-15 16:55:44,top_up,885.02,success,,20556.95,web
7449,394,2026-08-15 17:27:24,merchant_payment,1430.4,success,,81350.1,agent
7450,28,2026-08-15 17:28:44,merchant_payment,4092.27,success,,88645.8,web
7451,428,2026-08-15 17:42:55,p2p_transfer,935.14,success,,23245.23,web
7452,31,2026-08-15 17:53:49,merchant_payment,1871.95,success,,210746.43,web
7453,257,2026-08-15 18:06:12,bill_payment,1755.02,success,,15027.45,web
7454,145,2026-08-15 19:00:32,bill_payment,788.89,failed,network_error,103491.08,mobile_app
7455,453,2026-08-15 19:03:16,top_up,1342.29,success,,99383.58,qr_code
7456,195,2026-08-15 19:12:34,withdrawal,348.65,success,,124657.91,agent
7457,492,2026-08-15 19:21:46,merchant_payment,337.62,success,,105103.12,mobile_app
7458,307,2026-08-15 19:30:50,p2p_transfer,1022.24,success,,8643.22,mobile_app
7459,493,2026-08-15 20:10:05,bill_payment,1263.83,success,,184929.34,mobile_app
7460,43,2026-08-15 20:41:15,bill_payment,3782.68,success,,32034.96,agent
7461,308,2026-08-15 20:44:13,bill_payment,1229.48,failed,network_error,262392.53,agent
7462,482,2026-08-15 20:53:40,withdrawal,2395.65,success,,34560.36,agent
7463,201,2026-08-15 21:18:56,merchant_payment,917.16,success,,17011.42,mobile_app
7464,451,2026-08-15 21:19:23,merchant_payment,1837.56,success,,13610.03,mobile_app
7465,325,2026-08-15 21:34:37,withdrawal,1365.44,failed,card_declined,10130.26,mobile_app
7466,445,2026-08-15 21:37:56,merchant_payment,755.68,success,,88563.95,mobile_app
7467,401,2026-08-15 22:19:18,merchant_payment,1295.96,success,,82063.65,agent
7468,450,2026-08-15 22:20:51,top_up,2240.48,failed,card_declined,97298.95,mobile_app
7469,429,2026-08-15 22:27:12,p2p_transfer,386.73,success,,28595.86,web
7470,329,2026-08-15 22:56:20,merchant_payment,3224.7,success,,457.47,qr_code
7471,478,2026-08-15 22:56:48,top_up,1483.01,failed,card_declined,164637.29,web
7472,329,2026-08-15 22:57:17,bill_payment,609.58,failed,insufficient_funds,457.47,mobile_app
7473,189,2026-08-15 23:48:29,withdrawal,999.07,success,,45048.97,agent
7474,495,2026-08-15 23:54:43,merchant_payment,426.08,success,,13374.32,web
7475,279,2026-08-16 02:31:58,top_up,547.92,success,,1660.55,qr_code
7476,242,2026-08-16 04:35:38,p2p_transfer,433.77,failed,suspected_fraud,6456.87,agent
7477,194,2026-08-16 05:04:15,p2p_transfer,1277.45,success,,4890.54,agent
7478,305,2026-08-16 05:57:34,top_up,4261.42,success,,4803.4,qr_code
7479,403,2026-08-16 07:00:23,p2p_transfer,531.66,success,,30120.07,web
7480,389,2026-08-16 07:28:26,p2p_transfer,490.62,success,,1851.28,qr_code
7481,201,2026-08-16 07:28:41,bill_payment,182.09,success,,16829.33,agent
7482,81,2026-08-16 07:42:18,merchant_payment,927.71,success,,66375.9,web
7483,69,2026-08-16 07:50:14,p2p_transfer,1945.69,failed,invalid_recipient,28956.04,web
7484,262,2026-08-16 08:12:31,merchant_payment,644.73,success,,47364.77,agent
7485,122,2026-08-16 08:40:45,merchant_payment,3213.04,success,,98766.25,agent
7486,300,2026-08-16 08:50:51,p2p_transfer,5111.73,success,,136102.41,web
7487,329,2026-08-16 09:18:09,merchant_payment,2734.94,failed,insufficient_funds,457.47,web
7488,446,2026-08-16 09:44:00,p2p_transfer,2911.58,success,,141467.99,agent
7489,355,2026-08-16 09:46:55,merchant_payment,3264.47,success,,28230.61,agent
7490,271,2026-08-16 10:08:12,merchant_payment,1121.36,success,,73229.75,web
7491,276,2026-08-16 10:12:15,bill_payment,1019.43,success,,61881.82,mobile_app
7492,404,2026-08-16 10:14:40,top_up,8405.41,success,,74983.74,mobile_app
7493,478,2026-08-16 10:18:44,merchant_payment,714.74,success,,163922.55,agent
7494,300,2026-08-16 10:22:41,merchant_payment,3109.43,success,,132992.98,mobile_app
7495,490,2026-08-16 10:46:40,merchant_payment,990.49,success,,122654.52,web
7496,336,2026-08-16 11:04:14,p2p_transfer,198.18,success,,286726.34,qr_code
7497,325,2026-08-16 11:16:26,merchant_payment,2750.32,success,,7379.94,web
7498,26,2026-08-16 11:48:49,top_up,625.97,success,,103674.66,qr_code
7499,228,2026-08-16 11:53:46,merchant_payment,533.14,success,,43970.94,web
7500,30,2026-08-16 11:54:05,bill_payment,410.91,failed,invalid_recipient,110703.51,web
7501,271,2026-08-16 12:11:01,merchant_payment,1358.98,success,,71870.77,mobile_app
7502,59,2026-08-16 12:21:57,top_up,1363.06,success,,110392.42,qr_code
7503,425,2026-08-16 12:26:04,bill_payment,717.44,success,,190755.98,mobile_app
7504,329,2026-08-16 12:55:15,p2p_transfer,3962.91,failed,insufficient_funds,457.47,agent
7505,390,2026-08-16 13:29:18,bill_payment,1255.48,success,,20829.87,agent
7506,237,2026-08-16 13:30:58,top_up,1351.04,success,,60911.7,mobile_app
7507,271,2026-08-16 13:31:19,merchant_payment,2455.49,success,,69415.28,agent
7508,398,2026-08-16 13:39:22,merchant_payment,741.23,success,,35322.25,mobile_app
7509,483,2026-08-16 13:42:50,withdrawal,1102.64,failed,network_error,12251.9,web
7510,208,2026-08-16 14:16:48,top_up,2361.66,success,,119284.97,agent
7511,477,2026-08-16 14:43:52,top_up,1693.6,success,,74419.01,qr_code
7512,163,2026-08-16 15:30:08,withdrawal,518.91,success,,73530.29,qr_code
7513,240,2026-08-16 16:36:56,top_up,4304.21,success,,23092.54,qr_code
7514,451,2026-08-16 16:44:33,merchant_payment,685.38,success,,12924.65,mobile_app
7515,5,2026-08-16 17:00:55,bill_payment,1829.14,success,,47195.54,agent
7516,157,2026-08-16 17:09:21,bill_payment,4322.54,success,,88337.74,web
7517,165,2026-08-16 17:13:45,merchant_payment,75.51,success,,20097.6,qr_code
7518,187,2026-08-16 18:42:30,top_up,3240.61,success,,38530.5,qr_code
7519,433,2026-08-16 18:47:42,bill_payment,3589.19,success,,76420.32,qr_code
7520,188,2026-08-16 19:04:44,merchant_payment,568.38,success,,19988.57,qr_code
7521,167,2026-08-16 19:27:49,p2p_transfer,6189.14,failed,insufficient_funds,1952.56,qr_code
7522,478,2026-08-16 19:29:55,merchant_payment,1908.41,success,,162014.14,qr_code
7523,329,2026-08-16 19:33:13,withdrawal,1461.74,failed,insufficient_funds,457.47,mobile_app
7524,295,2026-08-16 19:34:42,bill_payment,3827.83,failed,limit_exceeded,10560.34,agent
7525,333,2026-08-16 19:37:43,top_up,779.3,success,,62444.14,web
7526,40,2026-08-16 20:26:24,merchant_payment,358.02,success,,234889.82,mobile_app
7527,394,2026-08-16 20:39:36,merchant_payment,4174.78,success,,77175.32,qr_code
7528,380,2026-08-16 21:22:23,bill_payment,5510.72,failed,insufficient_funds,2105.36,qr_code
7529,445,2026-08-16 21:43:23,top_up,13486.27,success,,102050.22,web
7530,435,2026-08-16 21:50:05,p2p_transfer,1127.32,success,,15636.7,qr_code
7531,421,2026-08-16 22:19:55,merchant_payment,1555.9,success,,217413.26,qr_code
7532,483,2026-08-16 22:24:12,merchant_payment,477.49,failed,suspected_fraud,12251.9,mobile_app
7533,403,2026-08-16 22:41:38,withdrawal,824.93,success,,29295.14,mobile_app
7534,403,2026-08-17 00:45:52,withdrawal,13186.41,success,,16108.73,agent
7535,80,2026-08-17 01:09:08,merchant_payment,9911.29,success,,9191.18,mobile_app
7536,334,2026-08-17 01:35:48,withdrawal,2520.33,failed,insufficient_funds,1850.71,web
7537,403,2026-08-17 02:45:07,merchant_payment,417.17,success,,15691.56,web
7538,45,2026-08-17 04:57:03,withdrawal,1703.66,success,,1387.8,agent
7539,403,2026-08-17 05:59:11,p2p_transfer,3029.79,success,,12661.77,qr_code
7540,479,2026-08-17 07:11:56,withdrawal,254.64,success,,238628.73,agent
7541,161,2026-08-17 07:27:47,merchant_payment,4747.94,success,,77925.13,mobile_app
7542,86,2026-08-17 07:33:17,bill_payment,1160.32,success,,3137.11,web
7543,230,2026-08-17 07:42:00,withdrawal,369.25,success,,14538.65,qr_code
7544,367,2026-08-17 08:00:02,bill_payment,10743.78,failed,insufficient_funds,5118.12,web
7545,21,2026-08-17 08:28:24,top_up,8013.14,success,,23042.45,web
7546,66,2026-08-17 08:49:15,p2p_transfer,888.79,success,,2053.86,agent
7547,330,2026-08-17 09:04:50,bill_payment,371.56,success,,114833.47,agent
7548,20,2026-08-17 09:05:48,merchant_payment,610.41,success,,41609.02,mobile_app
7549,440,2026-08-17 09:12:32,withdrawal,1562.21,success,,190093.98,mobile_app
7550,129,2026-08-17 09:53:53,top_up,12917.01,success,,30662.9,mobile_app
7551,13,2026-08-17 09:57:36,bill_payment,8594.67,success,,76863.98,web
7552,295,2026-08-17 09:59:29,top_up,2306.42,success,,12866.76,agent
7553,42,2026-08-17 10:02:02,withdrawal,14146.95,failed,insufficient_funds,2360.61,agent
7554,180,2026-08-17 11:54:56,merchant_payment,884.42,success,,125222.15,qr_code
7555,270,2026-08-17 12:16:47,top_up,4113.18,success,,35183.59,agent
7556,178,2026-08-17 13:08:52,bill_payment,1013.0,success,,4066.41,qr_code
7557,301,2026-08-17 13:19:46,p2p_transfer,1038.02,success,,12365.09,mobile_app
7558,50,2026-08-17 13:23:32,p2p_transfer,204.98,success,,60595.31,agent
7559,87,2026-08-17 13:32:18,withdrawal,1005.52,success,,173365.47,web
7560,83,2026-08-17 13:43:42,top_up,2262.91,success,,2572.32,qr_code
7561,301,2026-08-17 13:55:08,merchant_payment,1418.84,success,,10946.25,qr_code
7562,126,2026-08-17 15:07:19,bill_payment,906.44,success,,11404.22,qr_code
7563,231,2026-08-17 16:11:32,top_up,5143.34,success,,16541.83,agent
7564,75,2026-08-17 17:19:06,p2p_transfer,653.48,success,,22452.63,web
7565,343,2026-08-17 18:39:23,top_up,8027.97,success,,61245.48,mobile_app
7566,244,2026-08-17 19:24:22,withdrawal,5072.54,success,,53499.81,qr_code
7567,333,2026-08-17 19:33:34,bill_payment,978.24,success,,61465.9,mobile_app
7568,87,2026-08-17 19:50:43,merchant_payment,1225.41,success,,172140.06,qr_code
7569,193,2026-08-17 19:54:08,merchant_payment,240.09,success,,5395.67,qr_code
7570,305,2026-08-17 20:00:50,top_up,773.1,success,,5576.5,qr_code
7571,289,2026-08-17 20:53:29,merchant_payment,780.44,success,,67818.35,mobile_app
7572,495,2026-08-17 20:56:50,top_up,16423.46,success,,29797.78,web
7573,213,2026-08-17 21:14:37,merchant_payment,1012.97,failed,insufficient_funds,982.3,web
7574,300,2026-08-17 21:30:01,top_up,2194.3,success,,135187.28,agent
7575,102,2026-08-17 22:25:44,merchant_payment,655.53,success,,103353.48,mobile_app
7576,161,2026-08-17 22:41:15,top_up,2521.25,success,,80446.38,agent
7577,173,2026-08-17 22:41:39,top_up,794.53,success,,88696.15,mobile_app
7578,440,2026-08-17 22:59:15,top_up,5739.84,success,,195833.82,agent
7579,344,2026-08-17 23:23:31,p2p_transfer,576.37,success,,77052.67,web
7580,299,2026-08-18 00:05:42,top_up,18200.99,success,,28441.32,qr_code
7581,42,2026-08-18 01:42:09,merchant_payment,4676.14,failed,insufficient_funds,2360.61,qr_code
7582,187,2026-08-18 02:46:58,withdrawal,1100.09,success,,37430.41,web
7583,21,2026-08-18 04:10:26,bill_payment,7775.86,success,,15266.59,agent
7584,160,2026-08-18 04:38:36,merchant_payment,7923.53,failed,insufficient_funds,4509.15,qr_code
7585,434,2026-08-18 05:05:05,merchant_payment,8120.43,failed,insufficient_funds,3116.36,agent
7586,53,2026-08-18 05:27:53,bill_payment,17870.13,failed,insufficient_funds,4079.82,agent
7587,432,2026-08-18 05:33:19,top_up,962.32,failed,suspected_fraud,2560.2,qr_code
7588,4,2026-08-18 07:00:02,merchant_payment,12885.97,success,,18589.76,agent
7589,299,2026-08-18 07:33:01,merchant_payment,342.98,success,,28098.34,qr_code
7590,433,2026-08-18 07:36:39,p2p_transfer,867.05,success,,75553.27,web
7591,191,2026-08-18 07:47:12,bill_payment,684.82,success,,4311.61,mobile_app
7592,13,2026-08-18 08:16:16,withdrawal,98.26,success,,76765.72,web
7593,57,2026-08-18 08:17:29,withdrawal,659.72,success,,46283.59,web
7594,189,2026-08-18 08:22:29,withdrawal,355.21,success,,44693.76,web
7595,472,2026-08-18 08:46:48,merchant_payment,440.19,success,,81640.01,qr_code
7596,344,2026-08-18 09:24:28,merchant_payment,1508.82,success,,75543.85,agent
7597,7,2026-08-18 09:34:24,p2p_transfer,2755.43,success,,6077.74,qr_code
7598,102,2026-08-18 09:53:57,withdrawal,1460.54,success,,101892.94,mobile_app
7599,434,2026-08-18 10:27:13,merchant_payment,391.09,success,,2725.27,agent
7600,83,2026-08-18 10:36:35,withdrawal,650.31,success,,1922.01,qr_code
7601,383,2026-08-18 10:45:35,merchant_payment,1987.25,failed,insufficient_funds,227.92,qr_code
7602,19,2026-08-18 10:52:54,top_up,8303.49,success,,19244.79,qr_code
7603,240,2026-08-18 11:10:49,withdrawal,704.47,success,,22388.07,web
7604,180,2026-08-18 11:15:44,bill_payment,30438.33,success,,94783.82,mobile_app
7605,392,2026-08-18 11:19:40,merchant_payment,545.84,success,,67786.94,web
7606,94,2026-08-18 11:31:01,merchant_payment,1694.66,success,,71161.81,agent
7607,103,2026-08-18 12:25:25,top_up,10043.46,success,,30855.19,qr_code
7608,189,2026-08-18 12:25:51,merchant_payment,1853.23,success,,42840.53,mobile_app
7609,414,2026-08-18 12:52:52,merchant_payment,2529.58,failed,insufficient_funds,2269.71,mobile_app
7610,327,2026-08-18 13:22:28,top_up,2672.14,failed,limit_exceeded,10618.39,mobile_app
7611,150,2026-08-18 14:32:32,p2p_transfer,4349.14,success,,54920.89,web
7612,450,2026-08-18 14:59:52,top_up,718.26,success,,98017.21,web
7613,21,2026-08-18 15:29:46,withdrawal,4024.8,success,,11241.79,agent
7614,211,2026-08-18 15:37:15,p2p_transfer,1696.59,success,,171121.15,agent
7615,65,2026-08-18 15:43:28,merchant_payment,3362.51,success,,134703.11,web
7616,329,2026-08-18 15:54:07,merchant_payment,280.15,success,,177.32,agent
7617,309,2026-08-18 15:56:06,withdrawal,3299.21,success,,45478.39,web
7618,329,2026-08-18 16:05:55,merchant_payment,783.09,failed,insufficient_funds,177.32,mobile_app
7619,64,2026-08-18 16:36:48,bill_payment,3882.22,success,,24586.62,mobile_app
7620,453,2026-08-18 17:29:13,p2p_transfer,1544.42,success,,97839.16,web
7621,199,2026-08-18 17:31:25,merchant_payment,830.89,success,,68103.3,agent
7622,439,2026-08-18 17:44:18,merchant_payment,834.84,success,,273314.8,web
7623,344,2026-08-18 18:02:44,merchant_payment,461.16,success,,75082.69,agent
7624,305,2026-08-18 18:20:27,merchant_payment,1636.05,failed,limit_exceeded,5576.5,mobile_app
7625,485,2026-08-18 18:35:09,bill_payment,265.45,success,,62722.28,web
7626,401,2026-08-18 18:40:25,p2p_transfer,399.21,success,,81664.44,web
7627,329,2026-08-18 18:49:59,withdrawal,3244.69,failed,insufficient_funds,177.32,agent
7628,185,2026-08-18 18:56:27,merchant_payment,15387.35,success,,55373.9,web
7629,187,2026-08-18 20:01:41,bill_payment,561.97,success,,36868.44,web
7630,367,2026-08-18 20:03:29,top_up,6851.22,success,,11969.34,web
7631,30,2026-08-18 20:04:44,top_up,6710.21,success,,117413.72,mobile_app
7632,395,2026-08-18 20:38:52,merchant_payment,676.82,success,,53127.07,web
7633,370,2026-08-18 22:26:58,bill_payment,1013.25,success,,914.3,mobile_app
7634,193,2026-08-18 22:45:33,merchant_payment,1918.16,success,,3477.51,agent
7635,333,2026-08-18 23:50:08,merchant_payment,245.91,success,,61219.99,agent
7636,271,2026-08-19 00:46:16,p2p_transfer,135.44,success,,69279.84,mobile_app
7637,180,2026-08-19 02:27:19,p2p_transfer,6526.03,success,,88257.79,mobile_app
7638,367,2026-08-19 02:30:15,bill_payment,1060.09,failed,suspected_fraud,11969.34,mobile_app
7639,433,2026-08-19 03:20:45,top_up,1273.12,success,,76826.39,mobile_app
7640,434,2026-08-19 05:39:41,p2p_transfer,1958.8,success,,766.47,mobile_app
7641,64,2026-08-19 05:56:39,p2p_transfer,2295.38,success,,22291.24,mobile_app
7642,136,2026-08-19 07:40:21,p2p_transfer,918.18,success,,116368.01,web
7643,244,2026-08-19 07:40:34,bill_payment,780.0,success,,52719.81,qr_code
7644,186,2026-08-19 07:43:14,merchant_payment,2011.52,success,,141143.63,agent
7645,187,2026-08-19 07:49:51,p2p_transfer,371.0,success,,36497.44,mobile_app
7646,285,2026-08-19 08:15:18,top_up,1722.61,success,,69701.53,qr_code
7647,238,2026-08-19 09:19:40,bill_payment,353.17,failed,card_declined,855.03,qr_code
7648,479,2026-08-19 09:19:59,p2p_transfer,6456.02,success,,232172.71,mobile_app
7649,429,2026-08-19 09:26:09,top_up,7622.75,success,,36218.61,mobile_app
7650,432,2026-08-19 09:26:11,merchant_payment,2935.5,failed,insufficient_funds,2560.2,qr_code
7651,20,2026-08-19 09:27:37,top_up,1271.41,success,,42880.43,mobile_app
7652,403,2026-08-19 09:30:59,withdrawal,13120.05,failed,insufficient_funds,12661.77,mobile_app
7653,453,2026-08-19 10:05:21,merchant_payment,960.35,success,,96878.81,qr_code
7654,478,2026-08-19 10:58:50,top_up,6653.58,success,,168667.72,web
7655,87,2026-08-19 11:21:13,top_up,4629.57,success,,176769.63,agent
7656,451,2026-08-19 11:31:24,bill_payment,416.03,success,,12508.62,web
7657,275,2026-08-19 12:20:36,merchant_payment,4325.62,success,,148088.99,mobile_app
7658,443,2026-08-19 12:53:43,bill_payment,164.08,success,,147942.65,mobile_app
7659,352,2026-08-19 13:37:56,merchant_payment,285.91,success,,39976.24,qr_code
7660,13,2026-08-19 14:02:20,top_up,960.32,success,,77726.04,web
7661,197,2026-08-19 14:59:24,top_up,2412.38,success,,47858.45,mobile_app
7662,439,2026-08-19 15:18:48,p2p_transfer,798.62,success,,272516.18,mobile_app
7663,458,2026-08-19 15:23:25,merchant_payment,210.05,success,,39899.61,web
7664,6,2026-08-19 15:23:30,merchant_payment,1056.34,success,,21552.93,web
7665,500,2026-08-19 15:38:32,merchant_payment,907.2,success,,84133.98,mobile_app
7666,180,2026-08-19 15:48:03,merchant_payment,8972.28,success,,79285.51,agent
7667,399,2026-08-19 17:16:49,merchant_payment,5401.06,success,,37683.98,agent
7668,450,2026-08-19 17:19:21,merchant_payment,1538.48,success,,96478.73,mobile_app
7669,220,2026-08-19 17:27:49,merchant_payment,812.94,success,,41816.46,agent
7670,246,2026-08-19 17:38:20,top_up,8752.7,success,,10393.85,web
7671,208,2026-08-19 17:57:35,bill_payment,1763.76,failed,card_declined,119284.97,agent
7672,271,2026-08-19 17:59:47,p2p_transfer,979.18,success,,68300.66,mobile_app
7673,58,2026-08-19 18:40:18,merchant_payment,1043.95,success,,64745.93,mobile_app
7674,31,2026-08-19 18:42:03,merchant_payment,9913.4,success,,200833.03,mobile_app
7675,34,2026-08-19 18:58:34,top_up,3143.46,success,,42897.83,agent
7676,255,2026-08-19 19:02:56,p2p_transfer,2452.31,success,,43350.12,web
7677,20,2026-08-19 19:05:47,merchant_payment,1268.38,success,,41612.05,web
7678,215,2026-08-19 19:09:05,bill_payment,18860.04,success,,171710.24,web
7679,310,2026-08-19 19:27:44,merchant_payment,1468.79,success,,42043.23,mobile_app
7680,256,2026-08-19 20:33:49,bill_payment,5190.45,success,,223014.49,agent
7681,411,2026-08-19 20:35:03,p2p_transfer,3962.06,success,,112792.45,agent
7682,475,2026-08-19 21:34:49,p2p_transfer,391.3,success,,24013.59,mobile_app
7683,105,2026-08-19 21:52:50,p2p_transfer,4437.25,success,,9687.5,web
7684,112,2026-08-19 22:10:58,p2p_transfer,1386.5,success,,74422.73,mobile_app
7685,478,2026-08-19 22:19:33,withdrawal,929.8,success,,167737.92,agent
7686,78,2026-08-19 22:24:49,bill_payment,1633.13,success,,73940.1,agent
7687,331,2026-08-19 22:25:49,top_up,1167.15,success,,114180.16,mobile_app
7688,483,2026-08-19 22:28:29,merchant_payment,1613.33,success,,10638.57,mobile_app
7689,453,2026-08-19 22:32:03,top_up,2911.87,success,,99790.68,web
7690,491,2026-08-19 22:51:47,merchant_payment,1000.31,success,,122115.21,agent
7691,392,2026-08-19 23:07:31,merchant_payment,690.15,success,,67096.79,qr_code
7692,222,2026-08-19 23:28:04,merchant_payment,1539.84,success,,48455.98,mobile_app
7693,31,2026-08-19 23:36:57,bill_payment,3829.49,success,,197003.54,mobile_app
7694,379,2026-08-19 23:56:10,top_up,2633.25,success,,113132.1,agent
7695,80,2026-08-20 02:13:49,p2p_transfer,5592.57,success,,3598.61,agent
7696,83,2026-08-20 03:01:48,withdrawal,7277.8,failed,insufficient_funds,1922.01,qr_code
7697,64,2026-08-20 03:21:47,p2p_transfer,3081.96,success,,19209.28,web
7698,160,2026-08-20 03:28:27,merchant_payment,676.61,success,,3832.54,web
7699,301,2026-08-20 05:26:43,p2p_transfer,2384.85,success,,8561.4,agent
7700,13,2026-08-20 05:52:11,bill_payment,25116.71,success,,52609.33,mobile_app
7701,204,2026-08-20 07:00:18,merchant_payment,952.64,success,,88516.6,mobile_app
7702,480,2026-08-20 07:21:39,withdrawal,1100.05,success,,69723.8,mobile_app
7703,492,2026-08-20 07:29:05,p2p_transfer,1773.17,success,,103329.95,mobile_app
7704,341,2026-08-20 07:30:06,bill_payment,563.36,success,,75398.5,mobile_app
7705,213,2026-08-20 07:36:33,top_up,5963.33,success,,6945.63,agent
7706,378,2026-08-20 08:44:08,withdrawal,489.96,success,,12132.98,agent
7707,356,2026-08-20 08:50:07,withdrawal,11318.79,failed,insufficient_funds,3058.8,agent
7708,351,2026-08-20 09:01:26,merchant_payment,4383.15,success,,173211.91,web
7709,180,2026-08-20 09:02:59,bill_payment,3649.84,success,,75635.67,web
7710,147,2026-08-20 10:04:33,top_up,651.6,success,,10217.1,web
7711,392,2026-08-20 10:35:50,withdrawal,468.41,success,,66628.38,mobile_app
7712,374,2026-08-20 10:44:00,p2p_transfer,2370.95,success,,62543.42,web
7713,116,2026-08-20 10:48:36,merchant_payment,1357.09,failed,network_error,19551.78,web
7714,79,2026-08-20 11:02:05,top_up,493.65,success,,42769.68,mobile_app
7715,411,2026-08-20 11:17:06,merchant_payment,7900.44,success,,104892.01,qr_code
7716,435,2026-08-20 11:22:17,withdrawal,403.94,success,,15232.76,qr_code
7717,380,2026-08-20 11:29:49,merchant_payment,1453.34,success,,652.02,agent
7718,69,2026-08-20 11:57:37,merchant_payment,7836.31,success,,21119.73,qr_code
7719,319,2026-08-20 12:14:13,p2p_transfer,337.82,success,,102896.05,mobile_app
7720,71,2026-08-20 12:56:27,merchant_payment,552.68,success,,36095.41,web
7721,13,2026-08-20 13:06:33,p2p_transfer,2953.9,success,,49655.43,web
7722,165,2026-08-20 13:17:08,bill_payment,2453.36,success,,17644.24,mobile_app
7723,187,2026-08-20 13:19:42,withdrawal,1295.78,success,,35201.66,mobile_app
7724,434,2026-08-20 13:43:45,withdrawal,3460.05,failed,insufficient_funds,766.47,web
7725,344,2026-08-20 13:44:00,p2p_transfer,1744.68,success,,73338.01,mobile_app
7726,217,2026-08-20 13:54:38,merchant_payment,3059.51,success,,21142.01,web
7727,39,2026-08-20 14:03:24,merchant_payment,2031.44,success,,63262.53,web
7728,195,2026-08-20 14:10:58,merchant_payment,497.0,success,,124160.91,web
7729,311,2026-08-20 14:17:46,top_up,1016.26,success,,80521.74,qr_code
7730,185,2026-08-20 14:20:52,withdrawal,6486.15,success,,48887.75,agent
7731,305,2026-08-20 14:22:45,bill_payment,905.24,success,,4671.26,qr_code
7732,407,2026-08-20 14:30:03,withdrawal,1029.41,success,,70814.51,agent
7733,251,2026-08-20 14:42:23,merchant_payment,2145.65,failed,network_error,169775.98,qr_code
7734,205,2026-08-20 14:48:28,p2p_transfer,1209.02,success,,87688.09,agent
7735,338,2026-08-20 15:06:34,merchant_payment,2832.46,failed,network_error,105814.71,qr_code
7736,301,2026-08-20 15:33:42,merchant_payment,778.94,failed,suspected_fraud,8561.4,qr_code
7737,279,2026-08-20 16:13:52,merchant_payment,1063.91,success,,596.64,web
7738,372,2026-08-20 16:31:36,p2p_transfer,1949.58,success,,64803.61,qr_code
7739,299,2026-08-20 16:57:50,top_up,1884.85,success,,29983.19,mobile_app
7740,311,2026-08-20 17:36:18,withdrawal,1154.99,success,,79366.75,qr_code
7741,479,2026-08-20 17:55:23,p2p_transfer,4082.82,success,,228089.89,web
7742,56,2026-08-20 18:45:55,p2p_transfer,756.87,success,,15686.44,qr_code
7743,412,2026-08-20 18:55:20,merchant_payment,9047.35,success,,123861.94,agent
7744,28,2026-08-20 19:24:51,top_up,3606.1,success,,92251.9,mobile_app
7745,180,2026-08-20 20:14:09,merchant_payment,2396.8,success,,73238.87,web
7746,187,2026-08-20 21:28:29,bill_payment,289.37,failed,network_error,35201.66,mobile_app
7747,407,2026-08-20 21:32:56,top_up,728.35,success,,71542.86,mobile_app
7748,127,2026-08-20 21:38:21,p2p_transfer,2027.45,success,,32406.84,web
7749,10,2026-08-20 22:06:20,bill_payment,1171.79,success,,40687.52,mobile_app
7750,55,2026-08-20 22:33:04,p2p_transfer,2545.34,success,,213485.94,qr_code
7751,299,2026-08-20 22:38:06,bill_payment,2407.56,success,,27575.63,web
7752,61,2026-08-20 23:13:17,merchant_payment,435.75,success,,136833.19,mobile_app
7753,483,2026-08-21 00:07:20,top_up,190.77,success,,10829.34,qr_code
7754,478,2026-08-21 03:46:48,bill_payment,1362.42,success,,166375.5,agent
7755,27,2026-08-21 04:08:58,top_up,4925.44,failed,card_declined,102742.71,mobile_app
7756,262,2026-08-21 05:07:22,merchant_payment,3669.21,success,,43695.56,mobile_app
7757,112,2026-08-21 07:08:32,merchant_payment,183.95,success,,74238.78,agent
7758,329,2026-08-21 07:16:47,top_up,9200.06,success,,9377.38,qr_code
7759,232,2026-08-21 07:23:21,p2p_transfer,577.15,success,,25220.99,mobile_app
7760,316,2026-08-21 07:36:50,merchant_payment,900.59,success,,67040.88,agent
7761,186,2026-08-21 07:40:03,bill_payment,862.59,success,,140281.04,mobile_app
7762,285,2026-08-21 07:45:05,merchant_payment,5608.34,success,,64093.19,qr_code
7763,115,2026-08-21 07:53:25,merchant_payment,3512.2,success,,84081.29,qr_code
7764,451,2026-08-21 08:18:50,p2p_transfer,1014.34,success,,11494.28,web
7765,293,2026-08-21 08:49:57,bill_payment,1034.28,success,,22415.52,web
7766,38,2026-08-21 09:03:08,merchant_payment,665.6,success,,94029.72,agent
7767,315,2026-08-21 09:04:44,top_up,6393.2,success,,25653.07,web
7768,274,2026-08-21 09:15:26,merchant_payment,7214.34,success,,72795.89,mobile_app
7769,274,2026-08-21 10:03:41,top_up,1279.76,success,,74075.65,web
7770,87,2026-08-21 10:59:34,merchant_payment,1341.04,success,,175428.59,agent
7771,412,2026-08-21 11:10:51,top_up,1918.5,success,,125780.44,agent
7772,147,2026-08-21 12:01:36,top_up,1837.12,success,,12054.22,qr_code
7773,254,2026-08-21 13:14:38,bill_payment,537.87,success,,60938.89,qr_code
7774,429,2026-08-21 13:52:16,merchant_payment,948.71,success,,35269.9,qr_code
7775,498,2026-08-21 14:32:32,top_up,3623.55,success,,47244.16,web
7776,61,2026-08-21 14:34:49,bill_payment,8614.6,success,,128218.59,web
7777,314,2026-08-21 14:40:16,p2p_transfer,11546.39,success,,70039.83,mobile_app
7778,396,2026-08-21 14:47:57,bill_payment,562.28,success,,22272.36,mobile_app
7779,344,2026-08-21 14:52:57,top_up,1569.38,success,,74907.39,agent
7780,394,2026-08-21 14:54:57,p2p_transfer,1273.27,success,,75902.05,agent
7781,389,2026-08-21 15:08:28,withdrawal,1556.64,success,,294.64,qr_code
7782,122,2026-08-21 15:11:47,bill_payment,1337.61,success,,97428.64,web
7783,176,2026-08-21 15:16:47,top_up,1180.78,success,,17437.21,qr_code
7784,180,2026-08-21 15:41:43,top_up,1750.08,success,,74988.95,mobile_app
7785,436,2026-08-21 15:48:36,bill_payment,972.22,success,,14379.57,agent
7786,500,2026-08-21 15:48:44,withdrawal,409.03,success,,83724.95,mobile_app
7787,397,2026-08-21 15:53:38,bill_payment,1460.39,success,,10177.87,qr_code
7788,192,2026-08-21 16:18:29,p2p_transfer,870.9,success,,62369.14,mobile_app
7789,102,2026-08-21 16:43:56,merchant_payment,5516.99,success,,96375.95,qr_code
7790,189,2026-08-21 16:50:40,merchant_payment,2266.32,success,,40574.21,agent
7791,172,2026-08-21 18:13:05,withdrawal,985.28,success,,33705.27,agent
7792,403,2026-08-21 18:25:23,p2p_transfer,88.31,success,,12573.46,web
7793,72,2026-08-21 19:42:00,p2p_transfer,1540.97,success,,48966.43,qr_code
7794,92,2026-08-21 19:53:51,top_up,1148.18,success,,149901.08,web
7795,245,2026-08-21 20:08:25,top_up,2402.98,success,,261888.21,web
7796,112,2026-08-21 20:16:48,top_up,562.64,success,,74801.42,qr_code
7797,389,2026-08-21 20:56:38,top_up,1150.66,success,,1445.3,qr_code
7798,180,2026-08-21 20:57:02,p2p_transfer,898.46,success,,74090.49,web
7799,167,2026-08-21 21:12:31,merchant_payment,1254.67,success,,697.89,web
7800,465,2026-08-21 22:39:55,p2p_transfer,466.2,success,,12031.96,mobile_app
7801,392,2026-08-21 22:57:17,merchant_payment,1596.27,success,,65032.11,qr_code
7802,83,2026-08-22 00:06:21,merchant_payment,532.66,success,,1389.35,mobile_app
7803,301,2026-08-22 01:04:52,p2p_transfer,1073.69,success,,7487.71,web
7804,368,2026-08-22 01:55:48,merchant_payment,836.3,success,,129206.78,mobile_app
7805,134,2026-08-22 02:51:00,withdrawal,391.71,success,,38718.03,qr_code
7806,64,2026-08-22 03:41:49,p2p_transfer,405.23,success,,18804.05,mobile_app
7807,46,2026-08-22 05:04:03,top_up,12362.06,success,,15076.83,qr_code
7808,492,2026-08-22 05:15:53,bill_payment,4191.05,success,,99138.9,mobile_app
7809,80,2026-08-22 05:39:30,bill_payment,832.11,success,,2766.5,agent
7810,139,2026-08-22 05:57:39,p2p_transfer,2261.53,success,,3601.79,mobile_app
7811,79,2026-08-22 07:00:57,merchant_payment,1697.36,success,,41072.32,mobile_app
7812,451,2026-08-22 07:34:21,p2p_transfer,270.94,success,,11223.34,web
7813,439,2026-08-22 08:02:53,bill_payment,2779.48,success,,269736.7,mobile_app
7814,291,2026-08-22 08:43:37,p2p_transfer,1791.94,success,,12471.26,web
7815,257,2026-08-22 08:59:35,p2p_transfer,332.32,failed,suspected_fraud,15027.45,web
7816,164,2026-08-22 09:10:02,merchant_payment,806.83,success,,59389.9,agent
7817,270,2026-08-22 09:22:23,top_up,6578.29,success,,41761.88,agent
7818,114,2026-08-22 09:39:56,p2p_transfer,5688.96,success,,104127.78,qr_code
7819,87,2026-08-22 09:45:13,withdrawal,4997.59,success,,170431.0,mobile_app
7820,199,2026-08-22 10:48:39,bill_payment,14264.52,success,,53838.78,qr_code
7821,5,2026-08-22 10:53:24,p2p_transfer,562.05,success,,46633.49,web
7822,445,2026-08-22 11:00:46,merchant_payment,2146.08,success,,99904.14,web
7823,385,2026-08-22 11:13:53,bill_payment,3351.47,success,,107297.39,qr_code
7824,396,2026-08-22 11:19:53,withdrawal,1404.94,success,,20867.42,mobile_app
7825,83,2026-08-22 11:21:39,merchant_payment,30140.88,failed,insufficient_funds,1389.35,mobile_app
7826,153,2026-08-22 11:22:35,withdrawal,1749.37,success,,30994.36,mobile_app
7827,41,2026-08-22 11:46:05,merchant_payment,743.35,success,,101111.71,agent
7828,183,2026-08-22 11:59:49,merchant_payment,804.77,success,,25092.65,mobile_app
7829,260,2026-08-22 12:42:08,merchant_payment,1800.71,success,,41847.91,qr_code
7830,433,2026-08-22 12:48:12,withdrawal,582.63,success,,76243.76,web
7831,79,2026-08-22 12:53:06,merchant_payment,5209.25,success,,35863.07,web
7832,38,2026-08-22 12:57:49,bill_payment,1044.03,success,,92985.69,mobile_app
7833,434,2026-08-22 13:01:08,top_up,12571.73,success,,13338.2,mobile_app
7834,434,2026-08-22 13:05:35,bill_payment,7075.46,success,,6262.74,agent
7835,109,2026-08-22 13:19:07,merchant_payment,658.18,success,,72417.02,mobile_app
7836,433,2026-08-22 13:40:41,p2p_transfer,564.92,success,,75678.84,agent
7837,102,2026-08-22 13:57:27,withdrawal,325.48,success,,96050.47,mobile_app
7838,179,2026-08-22 14:09:04,p2p_transfer,2486.38,failed,insufficient_funds,151.64,qr_code
7839,58,2026-08-22 14:12:03,p2p_transfer,489.92,success,,64256.01,qr_code
7840,479,2026-08-22 14:15:01,top_up,9773.33,failed,card_declined,228089.89,web
7841,118,2026-08-22 14:25:03,withdrawal,1669.18,success,,101370.5,mobile_app
7842,13,2026-08-22 14:51:11,withdrawal,541.32,success,,49114.11,web
7843,84,2026-08-22 14:51:39,top_up,3807.44,success,,49395.26,agent
7844,414,2026-08-22 15:03:28,p2p_transfer,210.91,success,,2058.8,qr_code
7845,270,2026-08-22 15:04:29,bill_payment,1621.3,success,,40140.58,mobile_app
7846,478,2026-08-22 15:11:03,merchant_payment,3123.36,success,,163252.14,mobile_app
7847,300,2026-08-22 15:25:46,merchant_payment,1478.7,success,,133708.58,web
7848,178,2026-08-22 16:59:02,merchant_payment,1025.32,success,,3041.09,agent
7849,438,2026-08-22 17:03:31,merchant_payment,1487.27,success,,92844.45,web
7850,153,2026-08-22 17:09:42,top_up,1548.3,success,,32542.66,qr_code
7851,211,2026-08-22 17:20:55,bill_payment,1819.06,success,,169302.09,mobile_app
7852,466,2026-08-22 17:43:08,p2p_transfer,819.14,success,,173236.97,qr_code
7853,380,2026-08-22 18:17:01,withdrawal,695.44,failed,insufficient_funds,652.02,mobile_app
7854,334,2026-08-22 18:19:35,p2p_transfer,2939.36,failed,insufficient_funds,1850.71,mobile_app
7855,289,2026-08-22 18:51:13,bill_payment,2230.28,success,,65588.07,qr_code
7856,251,2026-08-22 18:55:31,top_up,7023.18,success,,176799.16,agent
7857,80,2026-08-22 19:05:25,merchant_payment,4105.6,failed,insufficient_funds,2766.5,qr_code
7858,433,2026-08-22 19:17:48,top_up,7585.79,success,,83264.63,agent
7859,403,2026-08-22 20:01:30,merchant_payment,1332.45,success,,11241.01,web
7860,421,2026-08-22 20:04:57,withdrawal,123.77,success,,217289.49,mobile_app
7861,30,2026-08-22 21:52:02,merchant_payment,1491.66,success,,115922.06,web
7862,79,2026-08-22 22:18:57,p2p_transfer,2032.39,success,,33830.68,mobile_app
7863,81,2026-08-22 22:59:37,bill_payment,1308.27,success,,65067.63,web
7864,102,2026-08-22 23:00:17,top_up,547.86,success,,96598.33,web
7865,451,2026-08-22 23:14:44,withdrawal,1965.13,success,,9258.21,agent
7866,55,2026-08-22 23:30:30,bill_payment,3415.18,success,,210070.76,qr_code
7867,411,2026-08-22 23:33:35,bill_payment,1939.35,success,,102952.66,web
7868,148,2026-08-22 23:33:35,merchant_payment,2573.46,success,,87614.83,web
7869,23,2026-08-22 23:47:52,bill_payment,7851.32,success,,6736.56,agent
7870,120,2026-08-22 23:54:50,withdrawal,2330.0,success,,212617.51,qr_code
7871,25,2026-08-23 00:04:30,top_up,897.52,success,,29930.43,web
7872,299,2026-08-23 00:42:01,merchant_payment,88.07,success,,27487.56,qr_code
7873,325,2026-08-23 01:18:00,withdrawal,438.54,success,,6941.4,web
7874,179,2026-08-23 02:35:04,merchant_payment,1725.43,failed,insufficient_funds,151.64,qr_code
7875,280,2026-08-23 02:38:15,merchant_payment,517.28,failed,network_error,6273.39,agent
7876,460,2026-08-23 02:47:54,bill_payment,951.12,success,,209281.21,agent
7877,426,2026-08-23 04:03:35,bill_payment,13623.5,failed,insufficient_funds,12865.13,mobile_app
7878,434,2026-08-23 04:13:57,merchant_payment,7840.32,failed,insufficient_funds,6262.74,mobile_app
7879,25,2026-08-23 04:25:14,top_up,262.03,success,,30192.46,mobile_app
7880,21,2026-08-23 04:36:14,bill_payment,4378.32,success,,6863.47,qr_code
7881,301,2026-08-23 05:18:38,merchant_payment,353.52,success,,7134.19,web
7882,469,2026-08-23 07:19:09,top_up,1529.95,failed,limit_exceeded,37391.17,mobile_app
7883,73,2026-08-23 07:34:36,merchant_payment,2103.02,failed,insufficient_funds,212.89,web
7884,29,2026-08-23 08:05:14,p2p_transfer,715.53,success,,67191.22,mobile_app
7885,14,2026-08-23 08:07:25,p2p_transfer,8491.39,failed,insufficient_funds,4202.06,agent
7886,55,2026-08-23 08:35:41,top_up,422.16,success,,210492.92,mobile_app
7887,71,2026-08-23 08:53:43,merchant_payment,4221.6,success,,31873.81,mobile_app
7888,177,2026-08-23 09:08:04,merchant_payment,1971.83,success,,107389.93,qr_code
7889,220,2026-08-23 09:51:23,bill_payment,1069.22,success,,40747.24,qr_code
7890,14,2026-08-23 09:53:10,merchant_payment,3107.62,success,,1094.44,qr_code
7891,47,2026-08-23 10:29:45,merchant_payment,1234.56,success,,8561.95,mobile_app
7892,309,2026-08-23 10:52:27,merchant_payment,345.23,success,,45133.16,mobile_app
7893,401,2026-08-23 11:02:02,top_up,2021.01,success,,83685.45,web
7894,168,2026-08-23 11:11:14,bill_payment,10125.98,success,,6239.68,web
7895,109,2026-08-23 11:41:19,merchant_payment,1499.05,success,,70917.97,agent
7896,477,2026-08-23 12:20:36,p2p_transfer,336.86,success,,74082.15,agent
7897,365,2026-08-23 12:56:38,p2p_transfer,1175.61,success,,235816.03,web
7898,13,2026-08-23 13:28:36,merchant_payment,1568.82,success,,47545.29,qr_code
7899,306,2026-08-23 13:52:46,bill_payment,2491.48,success,,88222.13,agent
7900,50,2026-08-23 13:55:33,merchant_payment,839.29,success,,59756.02,agent
7901,8,2026-08-23 15:11:32,top_up,1946.29,success,,6944.22,agent
7902,403,2026-08-23 15:37:59,p2p_transfer,6229.72,success,,5011.29,agent
7903,258,2026-08-23 16:10:47,bill_payment,1025.52,success,,15251.39,web
7904,168,2026-08-23 16:13:06,merchant_payment,7945.45,failed,insufficient_funds,6239.68,qr_code
7905,231,2026-08-23 16:28:08,bill_payment,467.5,success,,16074.33,agent
7906,375,2026-08-23 17:03:10,top_up,5248.9,success,,64733.94,mobile_app
7907,250,2026-08-23 17:52:40,merchant_payment,984.11,success,,52596.45,qr_code
7908,86,2026-08-23 17:59:20,merchant_payment,355.78,success,,2781.33,web
7909,96,2026-08-23 18:18:28,merchant_payment,1471.92,success,,154306.65,qr_code
7910,73,2026-08-23 18:53:12,p2p_transfer,2546.18,failed,insufficient_funds,212.89,mobile_app
7911,491,2026-08-23 19:31:22,top_up,2385.15,success,,124500.36,agent
7912,102,2026-08-23 19:37:35,p2p_transfer,873.26,success,,95725.07,agent
7913,91,2026-08-23 20:10:11,p2p_transfer,599.97,success,,85945.91,qr_code
7914,344,2026-08-23 20:12:01,p2p_transfer,35.55,success,,74871.84,mobile_app
7915,29,2026-08-23 20:27:19,merchant_payment,516.29,success,,66674.93,qr_code
7916,486,2026-08-23 20:54:08,merchant_payment,3158.21,success,,26762.87,web
7917,363,2026-08-23 20:59:23,top_up,1681.26,success,,87917.21,mobile_app
7918,264,2026-08-23 22:07:20,merchant_payment,604.19,success,,46293.85,qr_code
7919,453,2026-08-23 22:36:49,bill_payment,1513.32,success,,98277.36,web
7920,20,2026-08-23 23:06:38,top_up,248.5,success,,41860.55,mobile_app
7921,211,2026-08-23 23:11:01,merchant_payment,6651.03,success,,162651.06,web
7922,96,2026-08-23 23:50:26,merchant_payment,2739.84,failed,card_declined,154306.65,qr_code
7923,292,2026-08-23 23:57:35,p2p_transfer,1540.38,success,,48120.01,agent
7924,428,2026-08-24 03:27:55,p2p_transfer,8539.31,success,,14705.92,agent
7925,394,2026-08-24 04:23:40,p2p_transfer,2565.84,success,,73336.21,web
7926,450,2026-08-24 04:30:09,top_up,1007.22,success,,97485.95,qr_code
7927,194,2026-08-24 05:31:12,p2p_transfer,818.85,failed,limit_exceeded,4890.54,qr_code
7928,262,2026-08-24 05:36:13,merchant_payment,3360.73,success,,40334.83,mobile_app
7929,333,2026-08-24 05:49:36,merchant_payment,149.65,success,,61070.34,mobile_app
7930,290,2026-08-24 07:18:21,merchant_payment,591.67,success,,17621.52,mobile_app
7931,126,2026-08-24 07:43:45,merchant_payment,532.23,success,,10871.99,qr_code
7932,258,2026-08-24 07:45:17,merchant_payment,1129.5,success,,14121.89,mobile_app
7933,422,2026-08-24 08:17:32,bill_payment,1134.41,success,,29925.72,agent
7934,306,2026-08-24 09:10:44,top_up,2209.31,success,,90431.44,web
7935,337,2026-08-24 09:26:41,merchant_payment,1178.08,success,,42489.91,web
7936,197,2026-08-24 10:13:22,withdrawal,1805.13,success,,46053.32,mobile_app
7937,425,2026-08-24 10:19:24,top_up,1914.77,success,,192670.75,agent
7938,29,2026-08-24 10:21:42,merchant_payment,409.75,success,,66265.18,qr_code
7939,407,2026-08-24 11:24:00,merchant_payment,223.89,success,,71318.97,web
7940,194,2026-08-24 11:52:40,withdrawal,1974.13,success,,2916.41,qr_code
7941,301,2026-08-24 12:07:43,bill_payment,744.73,success,,6389.46,web
7942,97,2026-08-24 12:15:56,bill_payment,727.88,success,,93958.23,agent
7943,186,2026-08-24 12:48:51,top_up,758.9,success,,141039.94,qr_code
7944,333,2026-08-24 13:05:46,merchant_payment,2656.24,success,,58414.1,agent
7945,156,2026-08-24 13:09:54,p2p_transfer,1305.3,success,,236664.02,web
7946,428,2026-08-24 13:17:20,merchant_payment,2473.94,success,,12231.98,mobile_app
7947,435,2026-08-24 13:31:36,top_up,333.44,success,,15566.2,qr_code
7948,275,2026-08-24 13:44:16,p2p_transfer,3768.17,success,,144320.82,agent
7949,412,2026-08-24 14:13:50,bill_payment,1141.36,success,,124639.08,agent
7950,315,2026-08-24 14:52:22,merchant_payment,2412.95,success,,23240.12,qr_code
7951,318,2026-08-24 15:03:26,bill_payment,334.74,success,,23186.17,mobile_app
7952,495,2026-08-24 15:17:23,p2p_transfer,4273.75,success,,25524.03,agent
7953,97,2026-08-24 15:19:59,merchant_payment,551.24,success,,93406.99,mobile_app
7954,180,2026-08-24 15:39:41,top_up,1176.03,success,,75266.52,web
7955,41,2026-08-24 15:55:36,top_up,11298.64,success,,112410.35,agent
7956,306,2026-08-24 16:04:56,top_up,1100.8,success,,91532.24,mobile_app
7957,479,2026-08-24 16:10:05,withdrawal,2309.35,success,,225780.54,agent
7958,259,2026-08-24 16:10:10,merchant_payment,2155.58,success,,50829.16,web
7959,387,2026-08-24 17:07:22,p2p_transfer,1365.92,success,,146564.66,web
7960,318,2026-08-24 17:14:02,top_up,688.64,success,,23874.81,mobile_app
7961,433,2026-08-24 17:31:41,merchant_payment,1143.89,success,,82120.74,agent
7962,482,2026-08-24 17:45:54,p2p_transfer,1948.57,success,,32611.79,web
7963,437,2026-08-24 18:02:47,bill_payment,1061.88,success,,96598.2,qr_code
7964,50,2026-08-24 18:03:51,bill_payment,313.28,success,,59442.74,qr_code
7965,291,2026-08-24 18:04:10,p2p_transfer,730.38,success,,11740.88,web
7966,325,2026-08-24 18:25:32,bill_payment,3592.16,success,,3349.24,web
7967,447,2026-08-24 18:37:40,merchant_payment,2125.69,success,,5553.3,web
7968,387,2026-08-24 18:51:32,p2p_transfer,2173.92,success,,144390.74,web
7969,177,2026-08-24 18:54:12,p2p_transfer,1116.28,success,,106273.65,web
7970,266,2026-08-24 19:07:39,top_up,423.44,success,,47608.67,qr_code
7971,370,2026-08-24 19:13:20,p2p_transfer,448.25,success,,466.05,agent
7972,325,2026-08-24 19:18:55,merchant_payment,7007.6,failed,insufficient_funds,3349.24,qr_code
7973,434,2026-08-24 19:34:35,merchant_payment,1390.54,success,,4872.2,mobile_app
7974,31,2026-08-24 19:52:44,top_up,3235.65,success,,200239.19,mobile_app
7975,300,2026-08-24 20:02:31,p2p_transfer,126.4,success,,133582.18,web
7976,200,2026-08-24 20:27:05,merchant_payment,239.42,success,,51481.03,web
7977,445,2026-08-24 20:54:10,withdrawal,1627.44,success,,98276.7,qr_code
7978,445,2026-08-24 21:16:49,merchant_payment,572.87,success,,97703.83,agent
7979,389,2026-08-24 21:18:55,top_up,152.27,success,,1597.57,web
7980,264,2026-08-24 21:30:23,top_up,1869.01,success,,48162.86,qr_code
7981,380,2026-08-24 21:30:47,withdrawal,1056.25,failed,insufficient_funds,652.02,web
7982,13,2026-08-24 22:09:05,merchant_payment,1750.15,success,,45795.14,agent
7983,367,2026-08-24 22:17:25,top_up,2335.76,failed,card_declined,11969.34,agent
7984,58,2026-08-24 22:28:45,merchant_payment,391.52,success,,63864.49,agent
7985,264,2026-08-24 22:46:43,p2p_transfer,967.04,success,,47195.82,web
7986,186,2026-08-24 22:59:16,top_up,3862.82,success,,144902.76,agent
7987,201,2026-08-24 23:09:52,merchant_payment,605.54,success,,16223.79,mobile_app
7988,201,2026-08-24 23:22:02,bill_payment,2152.92,success,,14070.87,mobile_app
7989,115,2026-08-24 23:43:13,top_up,2786.1,failed,invalid_recipient,84081.29,web
7990,450,2026-08-25 00:56:14,withdrawal,813.85,success,,96672.1,qr_code
7991,286,2026-08-25 00:56:26,bill_payment,4957.16,failed,insufficient_funds,415.86,mobile_app
7992,262,2026-08-25 00:57:53,p2p_transfer,800.31,success,,39534.52,mobile_app
7993,279,2026-08-25 01:13:07,bill_payment,764.73,failed,insufficient_funds,596.64,qr_code
7994,279,2026-08-25 01:22:16,top_up,1191.97,success,,1788.61,mobile_app
7995,251,2026-08-25 03:01:13,bill_payment,3014.77,success,,173784.39,agent
7996,401,2026-08-25 03:29:13,p2p_transfer,557.26,success,,83128.19,mobile_app
7997,318,2026-08-25 03:31:17,merchant_payment,1549.52,success,,22325.29,web
7998,8,2026-08-25 03:45:30,top_up,2334.32,success,,9278.54,web
7999,187,2026-08-25 07:23:03,merchant_payment,717.38,success,,34484.28,web
8000,365,2026-08-25 07:57:13,merchant_payment,2617.5,success,,233198.53,mobile_app
8001,273,2026-08-25 08:26:28,p2p_transfer,707.82,success,,39548.46,mobile_app
8002,122,2026-08-25 08:33:43,top_up,3031.39,success,,100460.03,agent
8003,411,2026-08-25 08:50:41,top_up,2499.9,success,,105452.56,qr_code
8004,168,2026-08-25 09:46:43,top_up,4448.85,success,,10688.53,web
8005,342,2026-08-25 10:34:09,bill_payment,547.65,success,,18679.85,agent
8006,220,2026-08-25 10:41:24,bill_payment,1215.89,success,,39531.35,mobile_app
8007,334,2026-08-25 10:42:25,bill_payment,992.9,success,,857.81,mobile_app
8008,306,2026-08-25 11:09:12,merchant_payment,468.42,success,,91063.82,mobile_app
8009,222,2026-08-25 12:13:38,top_up,2358.11,success,,50814.09,qr_code
8010,439,2026-08-25 12:20:34,withdrawal,1631.82,success,,268104.88,agent
8011,102,2026-08-25 12:41:40,withdrawal,1592.97,success,,94132.1,web
8012,237,2026-08-25 13:18:12,withdrawal,2294.36,success,,58617.34,agent
8013,440,2026-08-25 13:29:07,top_up,4386.54,success,,200220.36,mobile_app
8014,281,2026-08-25 13:59:50,merchant_payment,1555.77,success,,40306.14,mobile_app
8015,300,2026-08-25 14:45:05,withdrawal,719.18,success,,132863.0,mobile_app
8016,371,2026-08-25 15:00:19,p2p_transfer,91.17,success,,2143.66,mobile_app
8017,357,2026-08-25 15:20:53,top_up,6163.14,success,,6304.29,qr_code
8018,188,2026-08-25 15:21:40,bill_payment,430.48,success,,19558.09,mobile_app
8019,223,2026-08-25 15:35:12,bill_payment,845.3,success,,121976.65,mobile_app
8020,315,2026-08-25 16:05:12,merchant_payment,982.24,success,,22257.88,qr_code
8021,230,2026-08-25 16:20:55,p2p_transfer,7649.8,success,,6888.85,web
8022,116,2026-08-25 16:36:59,top_up,10794.99,success,,30346.77,agent
8023,284,2026-08-25 16:48:25,merchant_payment,799.69,failed,network_error,113866.09,qr_code
8024,256,2026-08-25 17:12:49,merchant_payment,2063.81,success,,220950.68,qr_code
8025,168,2026-08-25 17:27:48,merchant_payment,26225.88,failed,insufficient_funds,10688.53,mobile_app
8026,263,2026-08-25 17:50:23,top_up,1107.31,success,,48507.56,qr_code
8027,430,2026-08-25 17:57:16,top_up,2922.13,success,,8462.12,web
8028,40,2026-08-25 18:00:36,top_up,3341.14,success,,238230.96,mobile_app
8029,41,2026-08-25 18:12:07,bill_payment,7405.5,success,,105004.85,web
8030,30,2026-08-25 18:23:14,top_up,1118.56,success,,117040.62,agent
8031,43,2026-08-25 18:26:53,merchant_payment,460.54,success,,31574.42,mobile_app
8032,281,2026-08-25 18:40:34,withdrawal,854.11,success,,39452.03,web
8033,42,2026-08-25 18:45:19,top_up,608.85,success,,2969.46,web
8034,434,2026-08-25 18:48:13,merchant_payment,32490.8,failed,insufficient_funds,4872.2,agent
8035,389,2026-08-25 18:58:44,top_up,515.73,success,,2113.3,web
8036,150,2026-08-25 19:29:01,top_up,4509.63,success,,59430.52,agent
8037,485,2026-08-25 21:09:13,top_up,1602.34,success,,64324.62,agent
8038,299,2026-08-25 21:54:10,bill_payment,445.54,success,,27042.02,agent
8039,11,2026-08-25 23:12:03,bill_payment,4340.33,success,,135210.41,mobile_app
8040,446,2026-08-25 23:28:01,top_up,1856.0,success,,143323.99,mobile_app
8041,472,2026-08-25 23:45:17,merchant_payment,4723.81,success,,76916.2,mobile_app
8042,282,2026-08-25 23:51:44,top_up,1572.72,success,,121677.01,mobile_app
8043,201,2026-08-26 00:19:04,bill_payment,861.2,success,,13209.67,mobile_app
8044,331,2026-08-26 00:34:08,merchant_payment,4312.42,success,,109867.74,mobile_app
8045,344,2026-08-26 01:55:49,merchant_payment,528.67,success,,74343.17,qr_code
8046,333,2026-08-26 03:14:51,top_up,3588.29,success,,62002.39,qr_code
8047,434,2026-08-26 04:04:52,merchant_payment,7371.54,failed,insufficient_funds,4872.2,agent
8048,371,2026-08-26 04:51:17,p2p_transfer,12771.41,failed,insufficient_funds,2143.66,mobile_app
8049,105,2026-08-26 04:54:50,top_up,612.16,success,,10299.66,web
8050,441,2026-08-26 05:32:19,merchant_payment,1837.29,failed,card_declined,3358.82,mobile_app
8051,168,2026-08-26 05:48:08,p2p_transfer,940.27,success,,9748.26,agent
8052,426,2026-08-26 07:19:05,p2p_transfer,18559.57,failed,insufficient_funds,12865.13,agent
8053,371,2026-08-26 07:45:44,top_up,5669.79,failed,network_error,2143.66,agent
8054,85,2026-08-26 09:11:06,p2p_transfer,3156.16,success,,95672.61,mobile_app
8055,5,2026-08-26 09:19:39,p2p_transfer,377.58,success,,46255.91,mobile_app
8056,448,2026-08-26 09:23:58,merchant_payment,3782.22,failed,network_error,60876.79,agent
8057,453,2026-08-26 10:00:04,top_up,1979.44,success,,100256.8,mobile_app
8058,365,2026-08-26 10:07:26,bill_payment,2582.61,success,,230615.92,mobile_app
8059,62,2026-08-26 10:27:37,withdrawal,2387.42,success,,106673.49,web
8060,99,2026-08-26 10:27:41,p2p_transfer,625.45,success,,99931.63,qr_code
8061,492,2026-08-26 10:28:20,top_up,9285.97,success,,108424.87,agent
8062,412,2026-08-26 11:04:38,merchant_payment,1648.74,success,,122990.34,agent
8063,161,2026-08-26 11:15:20,bill_payment,7553.62,success,,72892.76,qr_code
8064,433,2026-08-26 12:19:23,merchant_payment,632.08,success,,81488.66,mobile_app
8065,367,2026-08-26 12:39:48,top_up,4594.13,success,,16563.47,web
8066,463,2026-08-26 12:48:32,withdrawal,1115.37,success,,32337.89,qr_code
8067,326,2026-08-26 12:52:51,p2p_transfer,1865.81,success,,144882.0,agent
8068,480,2026-08-26 12:57:13,merchant_payment,425.13,success,,69298.67,web
8069,290,2026-08-26 13:00:59,bill_payment,1012.69,success,,16608.83,web
8070,81,2026-08-26 13:44:19,top_up,807.87,failed,card_declined,65067.63,agent
8071,31,2026-08-26 14:17:23,p2p_transfer,2103.77,success,,198135.42,agent
8072,179,2026-08-26 14:28:59,top_up,6187.04,success,,6338.68,web
8073,336,2026-08-26 14:50:32,merchant_payment,964.01,success,,285762.33,web
8074,173,2026-08-26 14:53:03,p2p_transfer,1597.57,success,,87098.58,web
8075,329,2026-08-26 15:09:53,p2p_transfer,204.05,success,,9173.33,web
8076,216,2026-08-26 15:10:36,top_up,1288.88,success,,101719.97,web
8077,57,2026-08-26 15:25:45,merchant_payment,225.37,success,,46058.22,qr_code
8078,70,2026-08-26 15:29:55,bill_payment,880.56,success,,65508.23,agent
8079,433,2026-08-26 16:16:59,p2p_transfer,307.65,success,,81181.01,agent
8080,299,2026-08-26 17:01:48,p2p_transfer,400.97,success,,26641.05,qr_code
8081,262,2026-08-26 17:47:16,p2p_transfer,423.32,success,,39111.2,agent
8082,341,2026-08-26 18:24:26,p2p_transfer,1613.38,success,,73785.12,qr_code
8083,5,2026-08-26 18:41:40,bill_payment,2780.62,success,,43475.29,agent
8084,81,2026-08-26 18:46:52,merchant_payment,2672.21,success,,62395.42,mobile_app
8085,187,2026-08-26 18:51:27,withdrawal,122.91,success,,34361.37,qr_code
8086,92,2026-08-26 19:06:21,p2p_transfer,2596.15,success,,147304.93,mobile_app
8087,8,2026-08-26 19:28:28,p2p_transfer,836.29,success,,8442.25,qr_code
8088,460,2026-08-26 19:37:14,top_up,21422.8,success,,230704.01,qr_code
8089,118,2026-08-26 19:37:19,p2p_transfer,565.12,success,,100805.38,agent
8090,412,2026-08-26 19:40:03,withdrawal,514.81,success,,122475.53,web
8091,292,2026-08-26 19:47:20,bill_payment,2476.21,success,,45643.8,qr_code
8092,172,2026-08-26 20:02:40,top_up,2057.46,success,,35762.73,web
8093,305,2026-08-26 20:41:16,p2p_transfer,2057.11,success,,2614.15,qr_code
8094,331,2026-08-26 20:44:04,p2p_transfer,220.87,success,,109646.87,qr_code
8095,141,2026-08-26 21:01:56,p2p_transfer,1552.88,success,,18423.55,qr_code
8096,337,2026-08-26 21:07:05,p2p_transfer,3075.93,success,,39413.98,agent
8097,285,2026-08-26 21:29:03,top_up,2529.18,success,,66622.37,web
8098,252,2026-08-26 21:45:27,merchant_payment,1032.39,success,,196411.6,web
8099,338,2026-08-26 21:55:51,p2p_transfer,3378.99,success,,102435.72,mobile_app
8100,78,2026-08-26 22:01:05,p2p_transfer,695.12,success,,73244.98,agent
8101,493,2026-08-26 22:49:35,merchant_payment,2855.3,success,,182074.04,web
8102,299,2026-08-26 23:23:22,merchant_payment,898.88,success,,25742.17,web
8103,360,2026-08-26 23:32:19,merchant_payment,1805.06,success,,109831.61,agent
8104,61,2026-08-26 23:51:53,bill_payment,952.25,success,,127266.34,qr_code
8105,333,2026-08-26 23:54:30,bill_payment,1943.81,success,,60058.58,mobile_app
8106,273,2026-08-26 23:57:47,merchant_payment,215.46,success,,39333.0,agent
8107,42,2026-08-27 01:23:56,p2p_transfer,2532.08,failed,limit_exceeded,2969.46,agent
8108,179,2026-08-27 01:29:58,p2p_transfer,990.4,success,,5348.28,web
8109,185,2026-08-27 01:42:31,p2p_transfer,922.03,success,,47965.72,agent
8110,279,2026-08-27 04:17:01,withdrawal,2035.73,failed,insufficient_funds,1788.61,mobile_app
8111,390,2026-08-27 04:17:41,p2p_transfer,3715.78,success,,17114.09,mobile_app
8112,417,2026-08-27 05:15:47,merchant_payment,1347.28,success,,15381.22,mobile_app
8113,201,2026-08-27 05:16:04,withdrawal,508.22,success,,12701.45,qr_code
8114,168,2026-08-27 05:46:29,top_up,770.83,success,,10519.09,agent
8115,434,2026-08-27 05:55:15,top_up,2093.52,success,,6965.72,mobile_app
8116,309,2026-08-27 07:01:21,top_up,1690.67,success,,46823.83,qr_code
8117,315,2026-08-27 07:34:39,p2p_transfer,173.25,success,,22084.63,web
8118,449,2026-08-27 07:49:21,top_up,1465.98,success,,41593.57,mobile_app
8119,115,2026-08-27 08:00:13,top_up,9816.59,success,,93897.88,qr_code
8120,446,2026-08-27 08:10:34,p2p_transfer,1713.55,success,,141610.44,web
8121,289,2026-08-27 08:29:01,merchant_payment,3878.51,success,,61709.56,web
8122,161,2026-08-27 08:33:35,p2p_transfer,1409.97,success,,71482.79,qr_code
8123,141,2026-08-27 08:39:06,merchant_payment,793.29,success,,17630.26,web
8124,118,2026-08-27 09:05:40,p2p_transfer,3485.12,success,,97320.26,mobile_app
8125,310,2026-08-27 09:19:50,top_up,381.33,success,,42424.56,mobile_app
8126,299,2026-08-27 09:20:21,withdrawal,2725.53,success,,23016.64,mobile_app
8127,446,2026-08-27 09:28:19,merchant_payment,668.84,success,,140941.6,agent
8128,439,2026-08-27 09:30:33,withdrawal,1643.32,success,,266461.56,agent
8129,283,2026-08-27 09:43:12,withdrawal,1575.22,success,,86155.51,web
8130,493,2026-08-27 09:48:42,bill_payment,922.72,success,,181151.32,web
8131,56,2026-08-27 10:08:15,top_up,652.54,success,,16338.98,agent
8132,50,2026-08-27 10:09:35,p2p_transfer,4797.96,success,,54644.78,qr_code
8133,166,2026-08-27 10:23:26,bill_payment,3340.29,success,,49447.57,mobile_app
8134,407,2026-08-27 10:30:26,p2p_transfer,8275.59,success,,63043.38,qr_code
8135,479,2026-08-27 10:31:21,withdrawal,8511.26,success,,217269.28,web
8136,434,2026-08-27 11:03:45,top_up,2261.87,success,,9227.59,web
8137,240,2026-08-27 11:12:00,merchant_payment,404.58,success,,21983.49,mobile_app
8138,122,2026-08-27 11:17:07,p2p_transfer,3622.08,success,,96837.95,mobile_app
8139,54,2026-08-27 13:21:54,bill_payment,1644.99,success,,286785.07,mobile_app
8140,31,2026-08-27 13:23:39,withdrawal,1876.64,success,,196258.78,agent
8141,403,2026-08-27 15:45:32,merchant_payment,1445.11,failed,network_error,5011.29,agent
8142,197,2026-08-27 17:14:46,withdrawal,604.11,success,,45449.21,web
8143,201,2026-08-27 17:15:12,p2p_transfer,2122.83,success,,10578.62,web
8144,407,2026-08-27 17:28:14,bill_payment,1134.76,success,,61908.62,agent
8145,453,2026-08-27 17:55:59,top_up,3043.63,success,,103300.43,qr_code
8146,109,2026-08-27 18:12:32,withdrawal,1336.96,success,,69581.01,web
8147,272,2026-08-27 18:14:00,bill_payment,2357.08,success,,104322.88,qr_code
8148,123,2026-08-27 19:10:10,merchant_payment,2790.82,failed,insufficient_funds,1107.49,mobile_app
8149,487,2026-08-27 19:16:10,merchant_payment,1013.26,success,,17359.08,web
8150,318,2026-08-27 19:19:01,merchant_payment,11784.79,success,,10540.5,web
8151,395,2026-08-27 20:01:57,bill_payment,859.61,failed,network_error,53127.07,qr_code
8152,277,2026-08-27 20:36:13,p2p_transfer,1776.06,success,,20020.72,mobile_app
8153,29,2026-08-27 20:47:55,p2p_transfer,1604.76,success,,64660.42,mobile_app
8154,430,2026-08-27 21:24:27,merchant_payment,40249.95,failed,insufficient_funds,8462.12,agent
8155,43,2026-08-27 21:30:11,merchant_payment,767.15,success,,30807.27,web
8156,359,2026-08-27 21:37:43,p2p_transfer,455.74,success,,41281.5,mobile_app
8157,329,2026-08-27 21:56:17,merchant_payment,1773.68,success,,7399.65,mobile_app
8158,380,2026-08-27 22:29:33,merchant_payment,583.23,success,,68.79,agent
8159,289,2026-08-27 22:49:54,bill_payment,387.79,success,,61321.77,mobile_app
8160,154,2026-08-27 22:55:07,p2p_transfer,1066.72,success,,109072.78,agent
8161,130,2026-08-27 23:05:33,p2p_transfer,1364.14,success,,84537.68,qr_code
8162,407,2026-08-27 23:22:27,top_up,1183.47,success,,63092.09,mobile_app
8163,312,2026-08-27 23:34:40,top_up,625.63,success,,76185.91,mobile_app
8164,460,2026-08-27 23:53:11,merchant_payment,605.53,success,,230098.48,qr_code
8165,116,2026-08-28 00:40:20,top_up,4846.37,success,,35193.14,qr_code
8166,201,2026-08-28 02:19:13,p2p_transfer,10011.91,failed,card_declined,10578.62,mobile_app
8167,112,2026-08-28 03:48:52,withdrawal,694.95,success,,74106.47,qr_code
8168,301,2026-08-28 04:17:31,top_up,4236.37,success,,10625.83,agent
8169,56,2026-08-28 04:40:14,p2p_transfer,585.99,success,,15752.99,agent
8170,245,2026-08-28 07:09:06,withdrawal,2741.95,success,,259146.26,agent
8171,390,2026-08-28 07:48:10,top_up,507.54,failed,limit_exceeded,17114.09,qr_code
8172,331,2026-08-28 08:27:22,merchant_payment,4643.16,success,,105003.71,web
8173,479,2026-08-28 08:38:01,p2p_transfer,389.83,success,,216879.45,agent
8174,189,2026-08-28 08:44:49,bill_payment,1884.35,success,,38689.86,web
8175,412,2026-08-28 08:47:27,withdrawal,7345.8,success,,115129.73,mobile_app
8176,154,2026-08-28 09:09:31,withdrawal,520.61,success,,108552.17,web
8177,102,2026-08-28 09:36:23,p2p_transfer,995.96,success,,93136.14,agent
8178,257,2026-08-28 09:58:52,p2p_transfer,432.28,success,,14595.17,agent
8179,429,2026-08-28 10:03:04,p2p_transfer,598.18,success,,34671.72,mobile_app
8180,313,2026-08-28 10:36:42,p2p_transfer,1523.07,success,,49349.56,mobile_app
8181,363,2026-08-28 10:47:10,top_up,7657.17,success,,95574.38,qr_code
8182,352,2026-08-28 10:48:33,bill_payment,883.22,success,,39093.02,web
8183,50,2026-08-28 10:51:21,top_up,12315.73,success,,66960.51,agent
8184,407,2026-08-28 10:58:11,bill_payment,533.33,success,,62558.76,mobile_app
8185,329,2026-08-28 11:02:27,top_up,603.36,success,,8003.01,agent
8186,407,2026-08-28 11:14:50,p2p_transfer,2820.37,success,,59738.39,mobile_app
8187,411,2026-08-28 11:43:58,bill_payment,3493.86,success,,101958.7,qr_code
8188,493,2026-08-28 12:02:06,withdrawal,4242.19,success,,176909.13,web
8189,315,2026-08-28 12:03:02,withdrawal,1442.29,success,,20642.34,web
8190,11,2026-08-28 12:15:50,merchant_payment,2750.09,success,,132460.32,agent
8191,68,2026-08-28 12:41:53,merchant_payment,7473.17,success,,86545.29,web
8192,127,2026-08-28 12:50:26,bill_payment,730.75,success,,31676.09,web
8193,51,2026-08-28 13:37:31,p2p_transfer,924.7,success,,58373.33,agent
8194,371,2026-08-28 14:13:05,p2p_transfer,748.78,success,,1394.88,agent
8195,127,2026-08-28 14:15:43,top_up,1424.34,success,,33100.43,web
8196,125,2026-08-28 14:27:46,p2p_transfer,1750.74,success,,111623.56,mobile_app
8197,475,2026-08-28 14:45:13,merchant_payment,4373.04,success,,19640.55,qr_code
8198,460,2026-08-28 15:06:53,merchant_payment,5043.37,success,,225055.11,mobile_app
8199,392,2026-08-28 15:10:18,top_up,1136.1,success,,66168.21,qr_code
8200,389,2026-08-28 15:18:47,p2p_transfer,6983.41,failed,insufficient_funds,2113.3,qr_code
8201,460,2026-08-28 15:39:52,bill_payment,726.59,success,,224328.52,mobile_app
8202,301,2026-08-28 15:46:49,top_up,11165.34,failed,card_declined,10625.83,qr_code
8203,4,2026-08-28 16:44:34,top_up,10223.68,success,,28813.44,mobile_app
8204,333,2026-08-28 16:45:39,bill_payment,7998.25,success,,52060.33,agent
8205,459,2026-08-28 17:22:14,p2p_transfer,2155.77,failed,insufficient_funds,112.93,qr_code
8206,472,2026-08-28 17:26:00,merchant_payment,756.68,success,,76159.52,agent
8207,93,2026-08-28 18:19:40,p2p_transfer,2685.1,success,,26941.47,qr_code
8208,110,2026-08-28 20:16:13,bill_payment,523.28,success,,18181.45,agent
8209,61,2026-08-28 22:18:33,merchant_payment,4304.6,success,,122961.74,web
8210,183,2026-08-28 22:22:15,withdrawal,2820.66,success,,22271.99,qr_code
8211,108,2026-08-28 23:09:41,withdrawal,1740.37,success,,78052.22,mobile_app
8212,447,2026-08-28 23:13:45,merchant_payment,591.74,success,,4961.56,agent
8213,139,2026-08-29 00:18:46,bill_payment,2033.59,success,,1568.2,web
8214,171,2026-08-29 00:50:37,merchant_payment,509.46,success,,16562.87,qr_code
8215,168,2026-08-29 01:55:50,merchant_payment,1972.38,success,,8546.71,agent
8216,236,2026-08-29 02:22:33,top_up,941.74,success,,36624.29,agent
8217,19,2026-08-29 02:30:15,top_up,23058.62,success,,42303.41,agent
8218,407,2026-08-29 02:37:34,merchant_payment,1249.19,success,,58489.2,qr_code
8219,326,2026-08-29 03:22:57,merchant_payment,1527.72,success,,143354.28,web
8220,478,2026-08-29 07:25:51,top_up,1898.54,success,,165150.68,web
8221,433,2026-08-29 07:59:57,merchant_payment,1248.29,success,,79932.72,web
8222,55,2026-08-29 08:04:27,top_up,438.42,success,,210931.34,web
8223,262,2026-08-29 08:14:42,top_up,13992.78,success,,53103.98,agent
8224,355,2026-08-29 08:30:30,bill_payment,582.44,success,,27648.17,mobile_app
8225,94,2026-08-29 09:10:41,merchant_payment,764.96,success,,70396.85,mobile_app
8226,156,2026-08-29 09:35:32,merchant_payment,905.97,success,,235758.05,agent
8227,475,2026-08-29 09:49:13,p2p_transfer,752.0,success,,18888.55,web
8228,51,2026-08-29 11:10:13,top_up,1387.98,success,,59761.31,qr_code
8229,102,2026-08-29 11:48:26,bill_payment,3111.36,success,,90024.78,qr_code
8230,69,2026-08-29 12:15:21,bill_payment,836.0,success,,20283.73,qr_code
8231,479,2026-08-29 12:27:21,top_up,10284.02,success,,227163.47,web
8232,276,2026-08-29 12:27:31,withdrawal,189.16,success,,61692.66,agent
8233,81,2026-08-29 12:37:31,top_up,3119.07,success,,65514.49,mobile_app
8234,9,2026-08-29 12:48:00,top_up,849.52,success,,48815.14,web
8235,461,2026-08-29 13:22:05,withdrawal,865.34,success,,72902.1,agent
8236,331,2026-08-29 13:37:33,p2p_transfer,390.4,success,,104613.31,mobile_app
8237,453,2026-08-29 14:27:58,p2p_transfer,826.84,success,,102473.59,mobile_app
8238,337,2026-08-29 14:38:24,merchant_payment,1129.54,success,,38284.44,mobile_app
8239,375,2026-08-29 14:40:14,withdrawal,2801.76,success,,61932.18,mobile_app
8240,281,2026-08-29 14:50:11,merchant_payment,401.04,success,,39050.99,agent
8241,445,2026-08-29 15:06:15,merchant_payment,746.39,success,,96957.44,web
8242,323,2026-08-29 15:14:24,merchant_payment,408.05,success,,15552.96,web
8243,187,2026-08-29 15:20:33,merchant_payment,2320.91,success,,32040.46,agent
8244,156,2026-08-29 15:33:07,merchant_payment,691.13,success,,235066.92,mobile_app
8245,84,2026-08-29 16:01:27,p2p_transfer,1321.34,success,,48073.92,agent
8246,407,2026-08-29 16:31:59,p2p_transfer,504.18,success,,57985.02,agent
8247,61,2026-08-29 16:47:10,withdrawal,2157.17,success,,120804.57,qr_code
8248,135,2026-08-29 17:11:47,top_up,1229.1,success,,69717.67,mobile_app
8249,347,2026-08-29 17:23:51,p2p_transfer,1412.35,success,,16597.0,qr_code
8250,333,2026-08-29 17:27:35,bill_payment,306.21,success,,51754.12,web
8251,435,2026-08-29 17:39:13,merchant_payment,494.2,success,,15072.0,web
8252,4,2026-08-29 17:43:05,top_up,393.09,success,,29206.53,mobile_app
8253,492,2026-08-29 17:58:54,bill_payment,568.74,success,,107856.13,qr_code
8254,117,2026-08-29 18:16:18,withdrawal,2231.83,success,,6720.89,web
8255,333,2026-08-29 18:16:32,top_up,326.98,success,,52081.1,web
8256,182,2026-08-29 18:17:16,merchant_payment,742.44,success,,22635.31,mobile_app
8257,135,2026-08-29 18:24:59,bill_payment,460.62,success,,69257.05,agent
8258,466,2026-08-29 18:54:35,p2p_transfer,840.8,success,,172396.17,agent
8259,141,2026-08-29 19:14:39,top_up,2856.27,success,,20486.53,mobile_app
8260,408,2026-08-29 19:51:25,top_up,15476.67,success,,24504.07,qr_code
8261,106,2026-08-29 19:59:12,merchant_payment,801.94,success,,195297.03,qr_code
8262,305,2026-08-29 21:09:54,top_up,7727.07,success,,10341.22,agent
8263,411,2026-08-29 21:20:14,merchant_payment,1969.02,success,,99989.68,qr_code
8264,198,2026-08-29 21:24:48,p2p_transfer,3537.35,success,,21717.41,web
8265,440,2026-08-29 21:33:09,merchant_payment,1836.22,success,,198384.14,agent
8266,433,2026-08-29 22:32:49,withdrawal,719.93,success,,79212.79,web
8267,66,2026-08-29 22:46:25,merchant_payment,2009.93,success,,43.93,mobile_app
8268,171,2026-08-29 23:03:13,p2p_transfer,2644.56,success,,13918.31,mobile_app
8269,346,2026-08-29 23:07:00,bill_payment,8106.92,failed,insufficient_funds,1666.05,web
8270,102,2026-08-29 23:12:37,withdrawal,4860.2,success,,85164.58,agent
8271,277,2026-08-29 23:40:02,p2p_transfer,899.05,success,,19121.67,agent
8272,30,2026-08-29 23:44:35,top_up,2870.58,success,,119911.2,web
8273,9,2026-08-29 23:45:10,merchant_payment,626.53,success,,48188.61,mobile_app
8274,322,2026-08-29 23:46:55,top_up,1104.9,success,,110918.71,qr_code
8275,454,2026-08-29 23:52:42,merchant_payment,4828.93,success,,37436.97,mobile_app
8276,158,2026-08-30 00:14:24,bill_payment,3251.54,success,,91635.63,mobile_app
8277,453,2026-08-30 01:19:36,bill_payment,690.77,success,,101782.82,agent
8278,326,2026-08-30 01:36:18,p2p_transfer,4106.8,success,,139247.48,mobile_app
8279,464,2026-08-30 02:15:02,bill_payment,360.82,success,,53860.6,web
8280,242,2026-08-30 02:43:00,merchant_payment,24534.81,failed,insufficient_funds,6456.87,agent
8281,336,2026-08-30 03:00:34,merchant_payment,2086.53,success,,283675.8,qr_code
8282,70,2026-08-30 03:25:40,p2p_transfer,537.34,success,,64970.89,web
8283,430,2026-08-30 03:43:23,top_up,2540.94,success,,11003.06,mobile_app
8284,333,2026-08-30 03:46:12,withdrawal,532.01,success,,51549.09,qr_code
8285,113,2026-08-30 04:36:02,merchant_payment,1556.07,success,,57490.16,agent
8286,434,2026-08-30 04:50:01,p2p_transfer,4976.61,success,,4250.98,qr_code
8287,368,2026-08-30 05:21:07,p2p_transfer,513.41,success,,128693.37,web
8288,411,2026-08-30 07:27:32,withdrawal,5117.12,success,,94872.56,agent
8289,289,2026-08-30 07:38:13,top_up,1968.88,success,,63290.65,mobile_app
8290,168,2026-08-30 07:57:35,top_up,2041.49,success,,10588.2,qr_code
8291,112,2026-08-30 08:04:25,p2p_transfer,1046.0,failed,network_error,74106.47,web
8292,291,2026-08-30 08:07:34,merchant_payment,2637.78,success,,9103.1,qr_code
8293,156,2026-08-30 08:13:00,bill_payment,1436.57,success,,233630.35,qr_code
8294,257,2026-08-30 08:22:42,top_up,8490.24,success,,23085.41,mobile_app
8295,313,2026-08-30 09:23:35,merchant_payment,281.33,failed,network_error,49349.56,qr_code
8296,411,2026-08-30 10:22:33,merchant_payment,1819.55,success,,93053.01,web
8297,199,2026-08-30 10:39:00,merchant_payment,550.14,success,,53288.64,mobile_app
8298,329,2026-08-30 10:59:35,bill_payment,1790.86,success,,6212.15,qr_code
8299,211,2026-08-30 11:32:05,bill_payment,837.32,success,,161813.74,web
8300,399,2026-08-30 11:55:05,top_up,4193.62,success,,41877.6,qr_code
8301,475,2026-08-30 13:00:14,p2p_transfer,3752.31,success,,15136.24,qr_code
8302,214,2026-08-30 13:04:12,top_up,62331.15,success,,80457.4,agent
8303,19,2026-08-30 13:35:18,withdrawal,4034.28,success,,38269.13,web
8304,58,2026-08-30 14:00:57,top_up,4460.96,success,,68325.45,web
8305,459,2026-08-30 14:25:50,top_up,881.86,success,,994.79,web
8306,383,2026-08-30 15:05:31,top_up,1205.73,success,,1433.65,web
8307,493,2026-08-30 15:27:54,merchant_payment,6265.15,success,,170643.98,web
8308,175,2026-08-30 15:34:03,bill_payment,1551.09,success,,39107.34,qr_code
8309,147,2026-08-30 15:41:01,merchant_payment,3763.84,success,,8290.38,qr_code
8310,10,2026-08-30 15:48:22,top_up,896.43,success,,41583.95,web
8311,409,2026-08-30 16:10:51,merchant_payment,390.09,failed,invalid_recipient,28979.37,web
8312,494,2026-08-30 16:29:16,bill_payment,645.67,success,,32354.89,web
8313,331,2026-08-30 16:37:16,top_up,5050.1,success,,109663.41,qr_code
8314,199,2026-08-30 17:18:34,p2p_transfer,2714.81,success,,50573.83,agent
8315,98,2026-08-30 17:24:03,withdrawal,445.31,success,,17782.14,web
8316,29,2026-08-30 17:35:59,p2p_transfer,3779.76,success,,60880.66,web
8317,201,2026-08-30 18:14:30,p2p_transfer,1868.29,failed,card_declined,10578.62,agent
8318,208,2026-08-30 18:25:48,merchant_payment,362.82,success,,118922.15,qr_code
8319,134,2026-08-30 19:26:35,top_up,1194.74,success,,39912.77,qr_code
8320,91,2026-08-30 19:36:52,p2p_transfer,1788.9,success,,84157.01,qr_code
8321,444,2026-08-30 19:57:26,merchant_payment,1535.02,success,,4103.78,mobile_app
8322,390,2026-08-30 20:03:11,top_up,23700.35,failed,limit_exceeded,17114.09,mobile_app
8323,436,2026-08-30 20:15:50,merchant_payment,3402.57,success,,10977.0,mobile_app
8324,374,2026-08-30 21:33:44,p2p_transfer,853.87,success,,61689.55,web
8325,404,2026-08-30 21:46:24,p2p_transfer,823.29,success,,74160.45,agent
8326,328,2026-08-30 21:48:53,merchant_payment,569.89,failed,network_error,66433.96,web
8327,165,2026-08-30 22:39:52,p2p_transfer,725.46,success,,16918.78,agent
8328,277,2026-08-31 00:11:53,bill_payment,1199.5,success,,17922.17,web
8329,94,2026-08-31 00:15:42,bill_payment,1035.89,success,,69360.96,web
8330,387,2026-08-31 01:30:01,bill_payment,10131.82,success,,134258.92,web
8331,160,2026-08-31 04:08:39,top_up,856.69,success,,4689.23,web
8332,403,2026-08-31 04:44:22,merchant_payment,2145.59,success,,2865.7,qr_code
8333,422,2026-08-31 07:17:56,merchant_payment,1085.28,success,,28840.44,mobile_app
8334,403,2026-08-31 07:24:05,merchant_payment,2503.98,success,,361.72,agent
8335,374,2026-08-31 07:25:47,top_up,1203.54,success,,62893.09,qr_code
8336,328,2026-08-31 07:52:13,top_up,467.25,success,,66901.21,agent
8337,461,2026-08-31 08:21:44,p2p_transfer,2727.66,success,,70174.44,mobile_app
8338,451,2026-08-31 08:29:11,p2p_transfer,917.45,success,,8340.76,qr_code
8339,180,2026-08-31 08:33:17,merchant_payment,3033.81,success,,72232.71,web
8340,273,2026-08-31 08:48:10,p2p_transfer,918.29,success,,38414.71,qr_code
8341,189,2026-08-31 08:51:52,merchant_payment,5316.6,success,,33373.26,agent
8342,329,2026-08-31 08:57:37,top_up,2237.2,success,,8449.35,mobile_app
8343,306,2026-08-31 09:04:46,merchant_payment,352.16,success,,90711.66,qr_code
8344,453,2026-08-31 09:29:15,merchant_payment,496.09,success,,101286.73,agent
8345,328,2026-08-31 09:36:02,withdrawal,1013.13,success,,65888.08,qr_code
8346,309,2026-08-31 10:41:22,top_up,4793.74,success,,51617.57,mobile_app
8347,72,2026-08-31 11:13:29,p2p_transfer,1059.04,success,,47907.39,agent
8348,336,2026-08-31 11:55:23,p2p_transfer,3903.16,success,,279772.64,qr_code
8349,211,2026-08-31 12:13:39,top_up,1214.83,success,,163028.57,agent
8350,79,2026-08-31 14:07:56,merchant_payment,330.97,success,,33499.71,mobile_app
8351,172,2026-08-31 14:16:08,p2p_transfer,1765.73,success,,33997.0,qr_code
8352,43,2026-08-31 14:33:05,merchant_payment,150.26,success,,30657.01,web
8353,434,2026-08-31 14:46:52,p2p_transfer,1140.35,success,,3110.63,mobile_app
8354,450,2026-08-31 14:50:06,withdrawal,5218.86,success,,91453.24,agent
8355,105,2026-08-31 15:08:32,withdrawal,491.21,success,,9808.45,qr_code
8356,329,2026-08-31 16:14:19,bill_payment,17333.4,failed,insufficient_funds,8449.35,qr_code
8357,106,2026-08-31 16:19:04,withdrawal,330.02,success,,194967.01,agent
8358,81,2026-08-31 17:01:31,top_up,519.81,success,,66034.3,agent
8359,157,2026-08-31 17:52:42,p2p_transfer,1724.86,success,,86612.88,web
8360,211,2026-08-31 17:55:07,merchant_payment,1014.13,success,,162014.44,agent
8361,30,2026-08-31 18:04:17,top_up,785.57,success,,120696.77,agent
8362,492,2026-08-31 18:12:32,bill_payment,1012.58,success,,106843.55,web
8363,231,2026-08-31 18:28:00,merchant_payment,1165.53,success,,14908.8,web
8364,168,2026-08-31 18:59:28,bill_payment,103.71,success,,10484.49,web
8365,451,2026-08-31 19:22:44,p2p_transfer,1069.79,success,,7270.97,qr_code
8366,284,2026-08-31 19:27:29,merchant_payment,866.32,success,,112999.77,mobile_app
8367,203,2026-08-31 21:16:07,bill_payment,1167.21,success,,84618.45,web
8368,305,2026-08-31 21:54:07,top_up,3502.62,success,,13843.84,web
8369,393,2026-08-31 22:29:20,bill_payment,2046.91,success,,39583.89,web
8370,446,2026-08-31 22:44:42,bill_payment,7685.38,success,,133256.22,web
8371,266,2026-08-31 22:49:46,top_up,225.94,success,,47834.61,mobile_app
8372,43,2026-08-31 23:05:27,withdrawal,184.13,success,,30472.88,web
8373,481,2026-08-31 23:10:12,top_up,1759.42,success,,88315.21,mobile_app
8374,19,2026-08-31 23:14:48,top_up,8383.17,success,,46652.3,web
8375,498,2026-09-01 01:19:41,top_up,5495.25,success,,52739.41,web
8376,92,2026-09-01 01:58:54,bill_payment,14605.98,success,,132698.95,agent
8377,285,2026-09-01 02:23:50,merchant_payment,2039.69,success,,64582.68,agent
8378,433,2026-09-01 02:30:15,top_up,952.8,success,,80165.59,qr_code
8379,352,2026-09-01 07:00:01,merchant_payment,680.12,success,,38412.9,web
8380,239,2026-09-01 07:27:14,merchant_payment,982.44,success,,21477.55,mobile_app
8381,270,2026-09-01 07:53:36,top_up,3620.29,success,,43760.87,web
8382,308,2026-09-01 07:57:59,withdrawal,9453.68,success,,252938.85,web
8383,14,2026-09-01 08:01:23,merchant_payment,609.7,success,,484.74,qr_code
8384,76,2026-09-01 08:03:23,merchant_payment,966.2,success,,69242.3,web
8385,19,2026-09-01 08:19:54,top_up,2515.38,success,,49167.68,agent
8386,440,2026-09-01 09:04:35,top_up,4974.38,success,,203358.52,qr_code
8387,264,2026-09-01 09:43:50,top_up,383.89,success,,47579.71,mobile_app
8388,344,2026-09-01 10:02:55,top_up,2083.89,success,,76427.06,agent
8389,53,2026-09-01 10:09:11,bill_payment,1973.62,success,,2106.2,qr_code
8390,163,2026-09-01 10:16:18,merchant_payment,1068.44,success,,72461.85,qr_code
8391,312,2026-09-01 10:21:43,top_up,799.49,success,,76985.4,web
8392,489,2026-09-01 10:34:13,p2p_transfer,806.85,failed,network_error,63093.5,qr_code
8393,396,2026-09-01 10:41:33,top_up,1450.78,success,,22318.2,agent
8394,201,2026-09-01 10:50:07,top_up,821.07,success,,11399.69,agent
8395,145,2026-09-01 11:29:20,merchant_payment,6181.13,success,,97309.95,web
8396,460,2026-09-01 11:29:48,p2p_transfer,877.67,success,,223450.85,web
8397,306,2026-09-01 12:37:25,top_up,1430.18,success,,92141.84,mobile_app
8398,344,2026-09-01 12:40:14,p2p_transfer,2863.57,success,,73563.49,web
8399,451,2026-09-01 13:52:07,bill_payment,245.23,success,,7025.74,web
8400,445,2026-09-01 14:12:13,p2p_transfer,445.66,success,,96511.78,web
8401,453,2026-09-01 14:23:35,merchant_payment,273.7,success,,101013.03,mobile_app
8402,320,2026-09-01 16:31:18,top_up,2300.08,success,,11927.24,mobile_app
8403,491,2026-09-01 16:38:56,top_up,902.51,success,,125402.87,qr_code
8404,433,2026-09-01 17:18:13,merchant_payment,754.37,failed,card_declined,80165.59,web
8405,150,2026-09-01 17:26:05,top_up,4537.66,success,,63968.18,agent
8406,403,2026-09-01 17:49:44,top_up,4653.09,success,,5014.81,mobile_app
8407,263,2026-09-01 17:55:02,top_up,2026.94,success,,50534.5,mobile_app
8408,412,2026-09-01 18:11:07,bill_payment,1274.05,success,,113855.68,mobile_app
8409,307,2026-09-01 18:53:52,top_up,5060.82,success,,13704.04,mobile_app
8410,90,2026-09-01 19:02:54,merchant_payment,1498.33,success,,79912.47,agent
8411,78,2026-09-01 19:03:30,p2p_transfer,1300.31,success,,71944.67,mobile_app
8412,440,2026-09-01 19:19:42,p2p_transfer,2116.38,success,,201242.14,qr_code
8413,397,2026-09-01 19:54:11,bill_payment,654.06,success,,9523.81,agent
8414,20,2026-09-01 19:54:45,p2p_transfer,1329.52,success,,40531.03,agent
8415,462,2026-09-01 20:06:02,top_up,3322.43,success,,26466.92,qr_code
8416,333,2026-09-01 20:57:24,p2p_transfer,196.44,success,,51352.65,qr_code
8417,310,2026-09-01 21:00:40,p2p_transfer,534.99,success,,41889.57,web
8418,160,2026-09-01 21:02:51,withdrawal,20768.28,failed,insufficient_funds,4689.23,agent
8419,460,2026-09-01 21:37:53,withdrawal,1507.27,success,,221943.58,agent
8420,469,2026-09-01 22:00:13,merchant_payment,388.37,success,,37002.8,qr_code
8421,403,2026-09-02 01:52:58,bill_payment,759.72,success,,4255.09,mobile_app
8422,232,2026-09-02 02:50:16,top_up,1594.43,success,,26815.42,agent
8423,14,2026-09-02 03:30:19,p2p_transfer,7127.42,failed,insufficient_funds,484.74,web
8424,78,2026-09-02 03:53:16,top_up,8972.61,success,,80917.28,mobile_app
8425,477,2026-09-02 07:10:52,merchant_payment,2481.85,success,,71600.3,mobile_app
8426,305,2026-09-02 07:14:01,merchant_payment,21015.81,failed,insufficient_funds,13843.84,mobile_app
8427,303,2026-09-02 07:32:45,merchant_payment,652.56,success,,92107.81,mobile_app
8428,30,2026-09-02 07:53:21,p2p_transfer,582.02,success,,120114.75,web
8429,403,2026-09-02 07:59:11,merchant_payment,5011.48,failed,insufficient_funds,4255.09,qr_code
8430,238,2026-09-02 08:03:13,merchant_payment,467.04,success,,387.99,mobile_app
8431,454,2026-09-02 08:06:52,withdrawal,1053.28,success,,36383.69,web
8432,440,2026-09-02 09:21:37,top_up,4766.43,success,,206008.57,qr_code
8433,187,2026-09-02 09:48:17,top_up,4957.44,success,,36997.9,web
8434,448,2026-09-02 10:04:23,p2p_transfer,7096.4,failed,limit_exceeded,60876.79,web
8435,183,2026-09-02 10:28:28,bill_payment,3613.01,success,,18658.98,qr_code
8436,8,2026-09-02 10:31:49,top_up,743.52,success,,9185.77,qr_code
8437,417,2026-09-02 10:38:19,p2p_transfer,790.06,success,,14591.16,mobile_app
8438,284,2026-09-02 10:39:50,merchant_payment,1193.4,success,,111806.37,web
8439,429,2026-09-02 11:34:21,merchant_payment,611.83,success,,34059.89,mobile_app
8440,479,2026-09-02 11:42:40,merchant_payment,34250.04,success,,192913.43,mobile_app
8441,148,2026-09-02 11:48:12,p2p_transfer,591.72,success,,87023.11,mobile_app
8442,148,2026-09-02 12:12:15,top_up,4825.04,success,,91848.15,agent
8443,385,2026-09-02 13:07:37,top_up,771.34,success,,108068.73,qr_code
8444,246,2026-09-02 13:09:22,withdrawal,1031.06,success,,9362.79,qr_code
8445,280,2026-09-02 13:28:33,top_up,1912.21,success,,8185.6,web
8446,460,2026-09-02 15:34:07,merchant_payment,2605.62,success,,219337.96,qr_code
8447,31,2026-09-02 16:02:55,p2p_transfer,468.14,success,,195790.64,qr_code
8448,453,2026-09-02 16:18:56,withdrawal,829.06,success,,100183.97,web
8449,61,2026-09-02 16:35:18,bill_payment,2216.6,success,,118587.97,agent
8450,81,2026-09-02 17:00:16,top_up,7065.09,success,,73099.39,web
8451,201,2026-09-02 17:08:18,merchant_payment,9199.55,success,,2200.14,mobile_app
8452,478,2026-09-02 17:31:59,top_up,2163.86,success,,167314.54,mobile_app
8453,281,2026-09-02 18:05:44,merchant_payment,270.17,failed,invalid_recipient,39050.99,web
8454,186,2026-09-02 18:34:27,merchant_payment,6360.97,success,,138541.79,qr_code
8455,40,2026-09-02 18:36:30,p2p_transfer,2706.25,success,,235524.71,agent
8456,453,2026-09-02 18:50:17,merchant_payment,2804.05,success,,97379.92,mobile_app
8457,316,2026-09-02 19:29:50,p2p_transfer,877.16,success,,66163.72,agent
8458,260,2026-09-02 19:36:43,merchant_payment,670.39,success,,41177.52,agent
8459,267,2026-09-02 20:17:59,merchant_payment,1186.71,success,,76414.98,web
8460,289,2026-09-02 20:38:27,merchant_payment,1408.38,success,,61882.27,qr_code
8461,66,2026-09-02 21:04:46,p2p_transfer,1183.0,failed,insufficient_funds,43.93,agent
8462,473,2026-09-02 21:09:58,bill_payment,708.81,failed,insufficient_funds,340.37,web
8463,389,2026-09-02 21:10:25,merchant_payment,1473.41,success,,639.89,agent
8464,61,2026-09-02 22:08:07,merchant_payment,1454.7,success,,117133.27,mobile_app
8465,479,2026-09-02 22:22:43,top_up,2011.22,success,,194924.65,agent
8466,180,2026-09-02 22:27:19,top_up,12461.58,success,,84694.29,mobile_app
8467,492,2026-09-02 22:41:43,top_up,1247.97,success,,108091.52,qr_code
8468,441,2026-09-02 23:03:06,p2p_transfer,482.36,success,,2876.46,web
8469,467,2026-09-02 23:16:04,top_up,5494.94,success,,281962.32,qr_code
8470,440,2026-09-02 23:36:59,top_up,6683.63,success,,212692.2,qr_code
8471,166,2026-09-02 23:51:15,top_up,660.91,success,,50108.48,qr_code
8472,172,2026-09-02 23:53:28,merchant_payment,1667.51,success,,32329.49,qr_code
8473,358,2026-09-03 00:38:55,p2p_transfer,4485.04,failed,insufficient_funds,50.78,mobile_app
8474,246,2026-09-03 02:02:06,p2p_transfer,1811.65,success,,7551.14,qr_code
8475,160,2026-09-03 02:05:24,p2p_transfer,1974.91,success,,2714.32,mobile_app
8476,64,2026-09-03 02:33:18,top_up,6215.78,success,,25019.83,mobile_app
8477,301,2026-09-03 03:59:02,merchant_payment,5983.96,success,,4641.87,web
8478,367,2026-09-03 04:59:53,merchant_payment,3059.6,success,,13503.87,agent
8479,102,2026-09-03 07:04:25,p2p_transfer,2161.96,success,,83002.62,agent
8480,127,2026-09-03 07:06:38,merchant_payment,1915.0,success,,31185.43,agent
8481,487,2026-09-03 07:33:16,merchant_payment,1625.87,success,,15733.21,web
8482,380,2026-09-03 07:46:01,merchant_payment,2717.58,failed,insufficient_funds,68.79,qr_code
8483,321,2026-09-03 08:34:35,merchant_payment,886.56,success,,18174.33,web
8484,264,2026-09-03 08:53:24,withdrawal,6808.35,success,,40771.36,qr_code
8485,208,2026-09-03 09:10:11,merchant_payment,1480.23,success,,117441.92,web
8486,180,2026-09-03 11:24:41,merchant_payment,1145.04,success,,83549.25,agent
8487,331,2026-09-03 12:12:22,p2p_transfer,1016.29,success,,108647.12,agent
8488,94,2026-09-03 12:19:19,top_up,601.12,success,,69962.08,qr_code
8489,29,2026-09-03 13:14:36,bill_payment,762.98,success,,60117.68,agent
8490,55,2026-09-03 13:46:02,merchant_payment,1516.17,success,,209415.17,mobile_app
8491,270,2026-09-03 14:50:39,merchant_payment,1428.13,success,,42332.74,web
8492,50,2026-09-03 15:06:08,bill_payment,423.11,success,,66537.4,qr_code
8493,41,2026-09-03 15:30:38,p2p_transfer,1413.56,success,,103591.29,web
8494,26,2026-09-03 15:32:21,merchant_payment,203.46,success,,103471.2,web
8495,230,2026-09-03 15:49:28,merchant_payment,737.83,success,,6151.02,agent
8496,338,2026-09-03 15:58:56,top_up,655.89,success,,103091.61,agent
8497,156,2026-09-03 16:08:42,withdrawal,4123.61,success,,229506.74,mobile_app
8498,242,2026-09-03 16:10:52,merchant_payment,102.61,success,,6354.26,agent
8499,273,2026-09-03 16:22:21,bill_payment,652.53,failed,network_error,38414.71,qr_code
8500,367,2026-09-03 16:31:58,merchant_payment,854.74,success,,12649.13,agent
8501,380,2026-09-03 17:54:51,top_up,930.02,success,,998.81,mobile_app
8502,316,2026-09-03 18:47:25,merchant_payment,393.38,success,,65770.34,web
8503,199,2026-09-03 18:53:29,merchant_payment,465.96,success,,50107.87,qr_code
8504,40,2026-09-03 18:58:22,merchant_payment,2114.45,success,,233410.26,agent
8505,87,2026-09-03 19:32:47,withdrawal,652.29,success,,169778.71,web
8506,199,2026-09-03 19:51:34,bill_payment,2198.92,success,,47908.95,agent
8507,478,2026-09-03 19:53:55,bill_payment,4985.76,success,,162328.78,qr_code
8508,258,2026-09-03 21:13:02,merchant_payment,2137.84,success,,11984.05,web
8509,460,2026-09-03 21:26:50,withdrawal,315.85,success,,219022.11,qr_code
8510,9,2026-09-03 21:29:09,p2p_transfer,398.79,success,,47789.82,web
8511,168,2026-09-03 21:39:24,top_up,1461.39,success,,11945.88,agent
8512,448,2026-09-03 22:23:03,p2p_transfer,4328.72,success,,56548.07,agent
8513,286,2026-09-03 23:09:08,withdrawal,1532.64,failed,insufficient_funds,415.86,mobile_app
8514,412,2026-09-03 23:47:31,merchant_payment,2107.46,success,,111748.22,web
8515,275,2026-09-03 23:48:05,bill_payment,1251.43,success,,143069.39,web
8516,29,2026-09-03 23:54:35,merchant_payment,903.24,success,,59214.44,mobile_app
8517,160,2026-09-04 00:07:57,top_up,3568.02,success,,6282.34,web
8518,279,2026-09-04 00:28:02,top_up,4268.38,success,,6056.99,qr_code
8519,179,2026-09-04 01:05:00,merchant_payment,1891.1,success,,3457.18,agent
8520,358,2026-09-04 01:52:36,bill_payment,19764.69,failed,insufficient_funds,50.78,mobile_app
8521,58,2026-09-04 03:12:35,bill_payment,666.07,success,,67659.38,web
8522,334,2026-09-04 03:26:57,merchant_payment,6566.0,failed,insufficient_funds,857.81,web
8523,42,2026-09-04 04:53:36,top_up,41673.54,success,,44643.0,mobile_app
8524,310,2026-09-04 05:19:26,p2p_transfer,1892.43,success,,39997.14,qr_code
8525,242,2026-09-04 05:30:47,withdrawal,11917.16,failed,insufficient_funds,6354.26,mobile_app
8526,262,2026-09-04 05:46:48,merchant_payment,16281.92,success,,36822.06,web
8527,31,2026-09-04 07:00:27,top_up,2392.11,success,,198182.75,web
8528,189,2026-09-04 07:10:58,withdrawal,366.01,success,,33007.25,web
8529,23,2026-09-04 07:24:14,merchant_payment,342.58,success,,6393.98,mobile_app
8530,417,2026-09-04 07:57:54,top_up,6108.29,success,,20699.45,agent
8531,486,2026-09-04 07:59:09,withdrawal,1631.15,success,,25131.72,web
8532,301,2026-09-04 08:22:27,bill_payment,3346.96,failed,suspected_fraud,4641.87,qr_code
8533,228,2026-09-04 08:51:05,merchant_payment,2107.75,failed,card_declined,43970.94,agent
8534,434,2026-09-04 09:05:48,p2p_transfer,431.42,success,,2679.21,agent
8535,461,2026-09-04 09:19:18,top_up,541.78,success,,70716.22,qr_code
8536,418,2026-09-04 10:00:27,merchant_payment,3443.55,success,,54.52,qr_code
8537,194,2026-09-04 10:11:20,p2p_transfer,4401.16,failed,insufficient_funds,2916.41,mobile_app
8538,92,2026-09-04 10:45:41,bill_payment,3042.58,success,,129656.37,web
8539,453,2026-09-04 11:31:16,merchant_payment,1342.5,success,,96037.42,agent
8540,333,2026-09-04 11:43:45,p2p_transfer,885.94,success,,50466.71,agent
8541,460,2026-09-04 12:19:36,top_up,1518.64,failed,limit_exceeded,219022.11,mobile_app
8542,94,2026-09-04 12:44:13,merchant_payment,2154.48,success,,67807.6,agent
8543,394,2026-09-04 12:52:34,merchant_payment,1344.83,success,,71991.38,mobile_app
8544,17,2026-09-04 13:13:46,merchant_payment,243.73,success,,17522.64,mobile_app
8545,306,2026-09-04 13:22:12,top_up,3567.12,success,,95708.96,mobile_app
8546,108,2026-09-04 13:24:23,bill_payment,927.48,success,,77124.74,web
8547,494,2026-09-04 13:58:53,p2p_transfer,1288.02,success,,31066.87,web
8548,450,2026-09-04 14:09:31,bill_payment,1784.24,success,,89669.0,agent
8549,250,2026-09-04 14:39:11,top_up,3624.29,success,,56220.74,web
8550,258,2026-09-04 14:42:01,top_up,8830.29,success,,20814.34,mobile_app
8551,102,2026-09-04 14:48:47,bill_payment,2865.31,success,,80137.31,qr_code
8552,86,2026-09-04 14:51:26,p2p_transfer,145.63,success,,2635.7,qr_code
8553,390,2026-09-04 14:55:51,merchant_payment,3807.7,success,,13306.39,agent
8554,433,2026-09-04 15:09:54,top_up,2956.56,success,,83122.15,mobile_app
8555,22,2026-09-04 15:18:31,withdrawal,4029.89,success,,110666.88,web
8556,333,2026-09-04 15:47:17,p2p_transfer,2930.3,success,,47536.41,qr_code
8557,17,2026-09-04 16:35:56,top_up,3293.5,success,,20816.14,web
8558,87,2026-09-04 16:54:48,bill_payment,525.12,success,,169253.59,agent
8559,50,2026-09-04 17:10:45,merchant_payment,1381.72,success,,65155.68,qr_code
8560,284,2026-09-04 17:15:04,p2p_transfer,1030.27,success,,110776.1,agent
8561,209,2026-09-04 17:17:20,top_up,378.82,success,,86957.65,qr_code
8562,444,2026-09-04 17:54:18,bill_payment,1799.47,success,,2304.31,web
8563,460,2026-09-04 18:05:31,top_up,7325.33,success,,226347.44,agent
8564,281,2026-09-04 18:08:04,bill_payment,1874.33,success,,37176.66,mobile_app
8565,280,2026-09-04 18:18:05,merchant_payment,10747.66,failed,insufficient_funds,8185.6,agent
8566,440,2026-09-04 19:20:12,merchant_payment,1048.51,success,,211643.69,agent
8567,460,2026-09-04 19:38:40,merchant_payment,4557.62,success,,221789.82,agent
8568,257,2026-09-04 20:01:21,merchant_payment,271.09,success,,22814.32,web
8569,333,2026-09-04 20:07:11,p2p_transfer,2200.77,success,,45335.64,mobile_app
8570,367,2026-09-04 20:46:46,merchant_payment,388.82,success,,12260.31,agent
8571,389,2026-09-04 20:52:49,merchant_payment,4094.17,failed,insufficient_funds,639.89,qr_code
8572,433,2026-09-04 21:29:39,top_up,819.79,success,,83941.94,mobile_app
8573,160,2026-09-04 21:47:56,bill_payment,822.81,success,,5459.53,qr_code
8574,86,2026-09-04 23:41:54,merchant_payment,1655.62,success,,980.08,web
8575,314,2026-09-04 23:44:13,merchant_payment,805.81,success,,69234.02,web
8576,80,2026-09-05 00:36:49,merchant_payment,18787.91,failed,insufficient_funds,2766.5,web
8577,298,2026-09-05 01:41:42,p2p_transfer,2063.82,success,,13388.01,agent
8578,175,2026-09-05 01:53:09,merchant_payment,1190.97,success,,37916.37,agent
8579,56,2026-09-05 02:25:01,merchant_payment,2807.36,success,,12945.63,qr_code
8580,201,2026-09-05 03:30:44,bill_payment,789.23,success,,1410.91,web
8581,168,2026-09-05 03:42:11,top_up,4828.58,success,,16774.46,qr_code
8582,299,2026-09-05 03:53:39,merchant_payment,6859.11,failed,network_error,23016.64,mobile_app
8583,50,2026-09-05 04:26:49,merchant_payment,462.03,success,,64693.65,mobile_app
8584,439,2026-09-05 04:31:56,p2p_transfer,1557.15,failed,network_error,266461.56,web
8585,417,2026-09-05 07:00:32,p2p_transfer,881.76,failed,network_error,20699.45,mobile_app
8586,485,2026-09-05 07:06:12,p2p_transfer,2156.61,success,,62168.01,qr_code
8587,78,2026-09-05 07:27:39,merchant_payment,1069.41,success,,79847.87,web
8588,408,2026-09-05 07:34:36,top_up,4122.88,success,,28626.95,mobile_app
8589,13,2026-09-05 08:03:57,merchant_payment,3812.82,success,,41982.32,qr_code
8590,410,2026-09-05 08:20:52,top_up,1116.99,success,,18481.75,qr_code
8591,70,2026-09-05 08:39:05,top_up,508.61,success,,65479.5,mobile_app
8592,340,2026-09-05 09:17:03,top_up,547.07,success,,16652.69,web
8593,291,2026-09-05 09:56:22,merchant_payment,87.25,success,,9015.85,mobile_app
8594,477,2026-09-05 10:01:57,bill_payment,768.4,success,,70831.9,mobile_app
8595,412,2026-09-05 10:41:11,withdrawal,3693.44,success,,108054.78,qr_code
8596,415,2026-09-05 10:44:00,bill_payment,1347.97,success,,74104.53,web
8597,290,2026-09-05 11:04:30,withdrawal,6200.6,success,,10408.23,agent
8598,438,2026-09-05 11:24:15,merchant_payment,440.58,success,,92403.87,qr_code
8599,155,2026-09-05 11:24:31,merchant_payment,1359.66,success,,35272.17,qr_code
8600,442,2026-09-05 11:59:41,merchant_payment,426.76,success,,106947.2,mobile_app
8601,198,2026-09-05 12:17:32,bill_payment,882.57,success,,20834.84,qr_code
8602,448,2026-09-05 12:31:22,bill_payment,1381.48,success,,55166.59,web
8603,258,2026-09-05 12:38:30,top_up,3328.19,success,,24142.53,web
8604,13,2026-09-05 12:53:58,bill_payment,10295.91,success,,31686.41,mobile_app
8605,448,2026-09-05 14:36:12,merchant_payment,2410.35,success,,52756.24,qr_code
8606,352,2026-09-05 14:58:38,top_up,2433.36,success,,40846.26,web
8607,441,2026-09-05 14:59:27,top_up,12250.03,success,,15126.49,web
8608,333,2026-09-05 15:15:50,merchant_payment,4571.13,success,,40764.51,qr_code
8609,31,2026-09-05 15:21:08,withdrawal,2040.98,success,,196141.77,agent
8610,398,2026-09-05 16:41:29,bill_payment,434.59,success,,34887.66,web
8611,433,2026-09-05 16:44:22,bill_payment,1204.5,success,,82737.44,web
8612,121,2026-09-05 17:36:32,p2p_transfer,3506.85,success,,15212.09,agent
8613,20,2026-09-05 17:45:05,bill_payment,949.02,success,,39582.01,agent
8614,78,2026-09-05 17:58:27,bill_payment,4228.31,success,,75619.56,agent
8615,53,2026-09-05 18:20:57,top_up,9799.7,success,,11905.9,mobile_app
8616,260,2026-09-05 18:54:46,p2p_transfer,99.18,success,,41078.34,web
8617,478,2026-09-05 19:25:18,bill_payment,1675.21,success,,160653.57,agent
8618,412,2026-09-05 19:41:56,merchant_payment,770.75,success,,107284.03,web
8619,398,2026-09-05 20:03:22,merchant_payment,2137.91,success,,32749.75,qr_code
8620,238,2026-09-05 20:03:44,merchant_payment,277.63,failed,card_declined,387.99,agent
8621,458,2026-09-05 20:07:33,merchant_payment,430.78,success,,39468.83,qr_code
8622,152,2026-09-05 20:27:22,p2p_transfer,3649.82,success,,19580.51,agent
8623,86,2026-09-05 20:37:14,p2p_transfer,163.66,success,,816.42,qr_code
8624,281,2026-09-05 20:52:29,bill_payment,1208.79,success,,35967.87,qr_code
8625,154,2026-09-05 21:44:50,withdrawal,831.84,success,,107720.33,mobile_app
8626,218,2026-09-05 22:28:27,merchant_payment,1508.8,success,,62269.68,qr_code
8627,380,2026-09-05 22:36:35,merchant_payment,5455.21,failed,insufficient_funds,998.81,agent
8628,13,2026-09-05 22:37:24,p2p_transfer,2412.82,success,,29273.59,mobile_app
8629,245,2026-09-05 22:44:34,bill_payment,808.12,success,,258338.14,qr_code
8630,76,2026-09-05 22:50:42,merchant_payment,852.94,success,,68389.36,agent
8631,51,2026-09-05 23:17:04,merchant_payment,1290.5,success,,58470.81,agent
8632,178,2026-09-05 23:48:58,top_up,958.0,success,,3999.09,qr_code
8633,486,2026-09-06 00:02:26,p2p_transfer,596.63,success,,24535.09,mobile_app
8634,201,2026-09-06 00:30:18,top_up,18868.51,success,,20279.42,web
8635,194,2026-09-06 00:51:44,top_up,15600.9,success,,18517.31,qr_code
8636,262,2026-09-06 01:49:35,p2p_transfer,2648.24,success,,34173.82,agent
8637,227,2026-09-06 01:50:13,bill_payment,1672.13,success,,69607.41,qr_code
8638,394,2026-09-06 02:44:07,merchant_payment,3624.25,success,,68367.13,mobile_app
8639,281,2026-09-06 03:16:35,p2p_transfer,1652.37,success,,34315.5,qr_code
8640,3,2026-09-06 05:55:36,merchant_payment,15139.52,failed,insufficient_funds,7046.22,web
8641,275,2026-09-06 05:57:48,merchant_payment,2722.47,success,,140346.92,web
8642,203,2026-09-06 07:32:11,bill_payment,326.25,success,,84292.2,web
8643,407,2026-09-06 07:54:20,merchant_payment,834.46,success,,57150.56,web
8644,448,2026-09-06 08:14:01,merchant_payment,3290.69,success,,49465.55,agent
8645,186,2026-09-06 09:07:57,top_up,1210.14,success,,139751.93,mobile_app
8646,112,2026-09-06 09:32:26,top_up,1124.96,success,,75231.43,qr_code
8647,230,2026-09-06 09:44:50,merchant_payment,335.76,success,,5815.26,mobile_app
8648,251,2026-09-06 10:01:15,p2p_transfer,1253.82,success,,172530.57,web
8649,416,2026-09-06 10:02:06,top_up,1485.7,success,,53031.98,agent
8650,272,2026-09-06 10:25:51,withdrawal,4018.2,success,,100304.68,agent
8651,372,2026-09-06 10:36:05,p2p_transfer,3535.93,success,,61267.68,web
8652,48,2026-09-06 10:37:23,merchant_payment,354.96,success,,70420.11,agent
8653,453,2026-09-06 10:39:04,p2p_transfer,1656.04,success,,94381.38,agent
8654,318,2026-09-06 10:59:13,p2p_transfer,3434.22,success,,7106.28,agent
8655,109,2026-09-06 12:07:51,bill_payment,2697.88,success,,66883.13,web
8656,412,2026-09-06 12:10:32,merchant_payment,2158.96,success,,105125.07,mobile_app
8657,433,2026-09-06 12:13:01,p2p_transfer,3966.33,success,,78771.11,mobile_app
8658,30,2026-09-06 12:15:03,top_up,607.81,success,,120722.56,agent
8659,333,2026-09-06 12:15:07,p2p_transfer,2370.29,success,,38394.22,agent
8660,168,2026-09-06 12:18:10,bill_payment,1863.79,success,,14910.67,mobile_app
8661,469,2026-09-06 12:47:17,p2p_transfer,935.86,success,,36066.94,agent
8662,81,2026-09-06 12:49:38,top_up,2194.51,success,,75293.9,qr_code
8663,375,2026-09-06 13:02:35,merchant_payment,2607.13,success,,59325.05,web
8664,31,2026-09-06 13:03:03,p2p_transfer,1079.13,success,,195062.64,qr_code
8665,141,2026-09-06 13:06:05,p2p_transfer,309.26,success,,20177.27,mobile_app
8666,418,2026-09-06 13:07:21,bill_payment,52896.85,failed,insufficient_funds,54.52,agent
8667,358,2026-09-06 13:38:08,withdrawal,4298.41,failed,insufficient_funds,50.78,qr_code
8668,433,2026-09-06 13:45:46,withdrawal,940.66,success,,77830.45,web
8669,406,2026-09-06 13:56:35,p2p_transfer,1835.16,success,,571.22,web
8670,57,2026-09-06 14:13:23,p2p_transfer,3798.17,success,,42260.05,web
8671,198,2026-09-06 14:42:03,merchant_payment,945.73,failed,card_declined,20834.84,qr_code
8672,491,2026-09-06 14:54:32,merchant_payment,881.13,success,,124521.74,mobile_app
8673,13,2026-09-06 15:00:57,merchant_payment,953.57,success,,28320.02,agent
8674,148,2026-09-06 15:07:12,merchant_payment,1259.98,success,,90588.17,web
8675,121,2026-09-06 15:12:36,top_up,1223.33,success,,16435.42,web
8676,115,2026-09-06 15:42:22,merchant_payment,2002.01,success,,91895.87,web
8677,487,2026-09-06 16:14:11,withdrawal,1645.7,success,,14087.51,agent
8678,141,2026-09-06 16:29:54,top_up,824.7,success,,21001.97,agent
8679,472,2026-09-06 16:48:18,p2p_transfer,2743.8,success,,73415.72,agent
8680,271,2026-09-06 17:06:41,p2p_transfer,937.09,success,,67363.57,web
8681,20,2026-09-06 18:08:29,merchant_payment,3582.3,success,,35999.71,agent
8682,308,2026-09-06 18:10:41,merchant_payment,949.75,success,,251989.1,agent
8683,328,2026-09-06 18:28:04,merchant_payment,676.2,success,,65211.88,qr_code
8684,394,2026-09-06 18:40:57,p2p_transfer,1486.71,success,,66880.42,qr_code
8685,328,2026-09-06 19:12:34,withdrawal,985.77,success,,64226.11,mobile_app
8686,376,2026-09-06 19:15:44,merchant_payment,2847.18,success,,62238.12,qr_code
8687,243,2026-09-06 19:51:19,top_up,382.38,success,,79548.26,web
8688,488,2026-09-06 20:59:17,top_up,4425.3,success,,17097.46,qr_code
8689,198,2026-09-06 21:05:43,top_up,5917.46,success,,26752.3,qr_code
8690,331,2026-09-06 21:48:18,bill_payment,2255.01,success,,106392.11,mobile_app
8691,21,2026-09-06 22:31:25,top_up,5972.19,failed,suspected_fraud,6863.47,web
8692,19,2026-09-06 22:36:12,merchant_payment,854.61,success,,48313.07,qr_code
8693,438,2026-09-06 22:57:49,merchant_payment,2646.18,success,,89757.69,web
8694,299,2026-09-06 23:07:59,top_up,1441.94,success,,24458.58,mobile_app
8695,451,2026-09-06 23:08:38,merchant_payment,1146.91,success,,5878.83,qr_code
8696,207,2026-09-06 23:09:04,top_up,2427.5,success,,66188.61,web
8697,3,2026-09-06 23:58:26,merchant_payment,5107.95,success,,1938.27,mobile_app
8698,77,2026-09-07 01:39:51,p2p_transfer,296.71,success,,88862.66,agent
8699,199,2026-09-07 03:53:04,top_up,3279.7,success,,51188.65,agent
8700,246,2026-09-07 04:21:06,p2p_transfer,1136.3,success,,6414.84,mobile_app
8701,115,2026-09-07 07:15:52,merchant_payment,833.57,success,,91062.3,qr_code
8702,191,2026-09-07 07:36:03,merchant_payment,692.06,success,,3619.55,agent
8703,65,2026-09-07 07:40:01,p2p_transfer,92.03,failed,network_error,134703.11,web
8704,209,2026-09-07 07:57:10,p2p_transfer,163.86,success,,86793.79,qr_code
8705,81,2026-09-07 08:03:31,bill_payment,1923.23,success,,73370.67,agent
8706,148,2026-09-07 08:32:21,merchant_payment,661.26,success,,89926.91,agent
8707,399,2026-09-07 09:10:48,p2p_transfer,941.15,success,,40936.45,qr_code
8708,461,2026-09-07 09:11:51,merchant_payment,1225.31,success,,69490.91,web
8709,450,2026-09-07 09:15:57,top_up,2414.22,success,,92083.22,qr_code
8710,427,2026-09-07 09:19:41,merchant_payment,921.0,success,,89845.59,mobile_app
8711,271,2026-09-07 09:26:31,withdrawal,1034.99,success,,66328.58,mobile_app
8712,421,2026-09-07 09:42:22,merchant_payment,19762.79,success,,197526.7,mobile_app
8713,284,2026-09-07 09:47:18,top_up,1872.45,success,,112648.55,mobile_app
8714,453,2026-09-07 09:48:58,withdrawal,1091.49,success,,93289.89,web
8715,26,2026-09-07 09:52:38,merchant_payment,355.61,failed,network_error,103471.2,agent
8716,257,2026-09-07 09:55:21,bill_payment,2790.42,success,,20023.9,agent
8717,95,2026-09-07 09:57:50,top_up,1124.62,success,,84608.95,web
8718,491,2026-09-07 10:35:59,p2p_transfer,11995.92,success,,112525.82,qr_code
8719,180,2026-09-07 10:59:18,withdrawal,794.45,success,,82754.8,agent
8720,160,2026-09-07 11:06:33,p2p_transfer,2587.03,success,,2872.5,qr_code
8721,83,2026-09-07 11:11:04,p2p_transfer,957.34,success,,432.01,mobile_app
8722,244,2026-09-07 11:19:34,top_up,1840.3,success,,54560.11,web
8723,313,2026-09-07 12:02:33,bill_payment,3051.36,success,,46298.2,agent
8724,443,2026-09-07 12:07:24,bill_payment,3830.78,success,,144111.87,mobile_app
8725,329,2026-09-07 12:30:26,merchant_payment,954.52,success,,7494.83,qr_code
8726,380,2026-09-07 13:36:06,merchant_payment,3267.94,failed,insufficient_funds,998.81,mobile_app
8727,433,2026-09-07 13:47:10,p2p_transfer,564.48,success,,77265.97,qr_code
8728,356,2026-09-07 13:58:20,bill_payment,777.43,success,,2281.37,qr_code
8729,240,2026-09-07 14:08:32,merchant_payment,149.62,success,,21833.87,qr_code
8730,62,2026-09-07 14:26:00,p2p_transfer,2632.83,success,,104040.66,mobile_app
8731,489,2026-09-07 14:36:20,merchant_payment,1096.61,success,,61996.89,mobile_app
8732,344,2026-09-07 14:44:05,withdrawal,1477.86,success,,72085.63,qr_code
8733,242,2026-09-07 14:52:00,top_up,5325.15,success,,11679.41,web
8734,64,2026-09-07 14:57:47,bill_payment,1114.99,success,,23904.84,mobile_app
8735,166,2026-09-07 15:02:21,withdrawal,2254.14,success,,47854.34,agent
8736,300,2026-09-07 15:28:35,withdrawal,1933.58,success,,130929.42,agent
8737,47,2026-09-07 16:07:01,merchant_payment,695.81,success,,7866.14,mobile_app
8738,161,2026-09-07 16:36:57,merchant_payment,608.86,success,,70873.93,mobile_app
8739,451,2026-09-07 17:12:43,merchant_payment,884.35,success,,4994.48,web
8740,50,2026-09-07 17:33:29,p2p_transfer,830.16,success,,63863.49,mobile_app
8741,428,2026-09-07 17:42:27,withdrawal,2922.74,success,,9309.24,qr_code
8742,412,2026-09-07 17:52:54,merchant_payment,1623.48,success,,103501.59,web
8743,433,2026-09-07 17:57:18,merchant_payment,4699.72,success,,72566.25,qr_code
8744,189,2026-09-07 18:03:23,top_up,1177.04,success,,34184.29,mobile_app
8745,477,2026-09-07 18:14:37,p2p_transfer,1976.11,success,,68855.79,agent
8746,157,2026-09-07 19:06:25,top_up,943.28,success,,87556.16,agent
8747,294,2026-09-07 20:22:03,bill_payment,1789.17,success,,64532.92,web
8748,185,2026-09-07 20:43:58,merchant_payment,2075.29,success,,45890.43,web
8749,358,2026-09-07 20:53:16,merchant_payment,342.42,failed,insufficient_funds,50.78,qr_code
8750,433,2026-09-07 21:03:04,merchant_payment,1498.01,success,,71068.24,mobile_app
8751,156,2026-09-07 21:09:42,merchant_payment,2011.51,success,,227495.23,agent
8752,478,2026-09-07 21:19:17,merchant_payment,796.11,success,,159857.46,qr_code
8753,93,2026-09-07 22:23:17,p2p_transfer,1665.35,failed,limit_exceeded,26941.47,agent
8754,349,2026-09-07 22:28:42,p2p_transfer,1025.09,success,,19728.53,mobile_app
8755,179,2026-09-08 00:07:56,merchant_payment,599.46,success,,2857.72,qr_code
8756,446,2026-09-08 00:21:42,merchant_payment,9828.62,success,,123427.6,agent
8757,19,2026-09-08 01:39:28,merchant_payment,4379.91,success,,43933.16,agent
8758,179,2026-09-08 01:59:08,merchant_payment,2811.7,success,,46.02,agent
8759,241,2026-09-08 02:46:10,p2p_transfer,1065.8,success,,8958.81,agent
8760,451,2026-09-08 05:40:00,withdrawal,463.59,success,,4530.89,agent
8761,315,2026-09-08 07:20:19,p2p_transfer,357.16,success,,20285.18,qr_code
8762,139,2026-09-08 07:22:33,top_up,4221.76,success,,5789.96,qr_code
8763,289,2026-09-08 07:27:51,merchant_payment,869.36,success,,61012.91,agent
8764,160,2026-09-08 07:31:30,p2p_transfer,15648.26,failed,insufficient_funds,2872.5,agent
8765,316,2026-09-08 08:10:46,p2p_transfer,1513.94,success,,64256.4,qr_code
8766,166,2026-09-08 08:35:06,top_up,2227.92,success,,50082.26,qr_code
8767,209,2026-09-08 08:35:15,merchant_payment,2129.6,success,,84664.19,qr_code
8768,118,2026-09-08 09:04:17,merchant_payment,4380.79,success,,92939.47,mobile_app
8769,452,2026-09-08 09:58:22,p2p_transfer,2437.13,failed,limit_exceeded,9119.87,mobile_app
8770,422,2026-09-08 09:59:09,p2p_transfer,471.89,success,,28368.55,mobile_app
8771,66,2026-09-08 10:56:17,p2p_transfer,620.85,failed,insufficient_funds,43.93,web
8772,415,2026-09-08 11:48:15,top_up,1618.67,failed,network_error,74104.53,mobile_app
8773,201,2026-09-08 11:59:43,top_up,2331.44,failed,suspected_fraud,20279.42,web
8774,33,2026-09-08 12:32:37,bill_payment,941.21,success,,89191.07,qr_code
8775,26,2026-09-08 12:43:27,top_up,1940.62,success,,105411.82,mobile_app
8776,156,2026-09-08 13:25:33,bill_payment,1290.62,success,,226204.61,mobile_app
8777,440,2026-09-08 13:32:47,bill_payment,674.64,success,,210969.05,qr_code
8778,175,2026-09-08 13:34:40,bill_payment,1719.94,success,,36196.43,qr_code
8779,450,2026-09-08 15:20:05,merchant_payment,505.0,success,,91578.22,mobile_app
8780,258,2026-09-08 15:26:08,p2p_transfer,2874.35,success,,21268.18,qr_code
8781,295,2026-09-08 15:44:48,merchant_payment,7046.36,success,,5820.4,agent
8782,270,2026-09-08 15:48:57,withdrawal,1829.66,success,,40503.08,agent
8783,498,2026-09-08 15:52:21,withdrawal,1314.27,success,,51425.14,qr_code
8784,213,2026-09-08 16:23:48,merchant_payment,987.67,success,,5957.96,agent
8785,102,2026-09-08 16:39:18,top_up,3436.14,success,,83573.45,web
8786,74,2026-09-08 17:18:02,withdrawal,609.5,success,,54688.73,web
8787,200,2026-09-08 17:21:59,merchant_payment,885.41,success,,50595.62,mobile_app
8788,272,2026-09-08 17:27:57,withdrawal,3802.61,success,,96502.07,agent
8789,393,2026-09-08 17:44:05,merchant_payment,1033.08,success,,38550.81,mobile_app
8790,477,2026-09-08 17:51:29,top_up,1019.17,success,,69874.96,qr_code
8791,380,2026-09-08 17:57:09,merchant_payment,2053.2,failed,insufficient_funds,998.81,qr_code
8792,118,2026-09-08 18:20:21,withdrawal,5271.26,success,,87668.21,web
8793,267,2026-09-08 18:22:02,bill_payment,314.17,success,,76100.81,agent
8794,283,2026-09-08 18:34:30,top_up,1659.55,success,,87815.06,agent
8795,316,2026-09-08 18:40:12,bill_payment,4518.16,success,,59738.24,agent
8796,13,2026-09-08 18:41:23,merchant_payment,3594.23,success,,24725.79,qr_code
8797,240,2026-09-08 19:04:31,p2p_transfer,1181.75,success,,20652.12,mobile_app
8798,432,2026-09-08 19:04:42,bill_payment,1631.95,success,,928.25,qr_code
8799,254,2026-09-08 19:11:47,top_up,448.08,success,,61386.97,web
8800,217,2026-09-08 19:35:55,merchant_payment,1336.12,success,,19805.89,qr_code
8801,94,2026-09-08 20:03:43,withdrawal,1298.06,success,,66509.54,mobile_app
8802,76,2026-09-08 20:38:29,bill_payment,749.83,failed,network_error,68389.36,agent
8803,428,2026-09-08 21:15:18,bill_payment,6773.97,failed,limit_exceeded,9309.24,mobile_app
8804,176,2026-09-08 21:42:08,bill_payment,180.95,success,,17256.26,qr_code
8805,295,2026-09-08 22:04:32,merchant_payment,2263.78,success,,3556.62,agent
8806,164,2026-09-08 22:26:36,merchant_payment,415.06,success,,58974.84,web
8807,49,2026-09-08 22:36:11,p2p_transfer,1026.12,success,,130509.19,qr_code
8808,291,2026-09-08 23:11:19,p2p_transfer,2627.47,success,,6388.38,agent
8809,112,2026-09-08 23:19:36,p2p_transfer,859.66,success,,74371.77,qr_code
8810,336,2026-09-08 23:21:38,top_up,2249.02,success,,282021.66,qr_code
8811,412,2026-09-08 23:25:53,p2p_transfer,4338.94,success,,99162.65,mobile_app
8812,115,2026-09-08 23:54:31,merchant_payment,534.42,success,,90527.88,qr_code
8813,167,2026-09-09 00:04:15,p2p_transfer,703.97,failed,insufficient_funds,697.89,mobile_app
8814,343,2026-09-09 01:40:20,p2p_transfer,7288.36,success,,53957.12,qr_code
8815,298,2026-09-09 01:42:02,merchant_payment,12317.87,success,,1070.14,agent
8816,466,2026-09-09 02:27:55,merchant_payment,901.41,success,,171494.76,agent
8817,357,2026-09-09 03:59:57,merchant_payment,684.59,success,,5619.7,qr_code
8818,300,2026-09-09 04:23:01,merchant_payment,761.91,success,,130167.51,web
8819,448,2026-09-09 05:11:25,top_up,4642.29,success,,54107.84,mobile_app
8820,135,2026-09-09 05:17:41,p2p_transfer,4399.67,success,,64857.38,agent
8821,4,2026-09-09 05:51:15,bill_payment,6775.55,success,,22430.98,qr_code
8822,158,2026-09-09 07:02:11,merchant_payment,2705.44,success,,88930.19,web
8823,198,2026-09-09 07:08:53,top_up,1961.02,success,,28713.32,web
8824,440,2026-09-09 08:04:12,merchant_payment,3391.09,success,,207577.96,agent
8825,2,2026-09-09 08:27:04,bill_payment,195.36,success,,68179.03,web
8826,293,2026-09-09 08:39:30,merchant_payment,673.73,success,,21741.79,agent
8827,479,2026-09-09 08:50:49,top_up,2476.62,success,,197401.27,mobile_app
8828,305,2026-09-09 09:36:51,p2p_transfer,5193.19,success,,8650.65,mobile_app
8829,95,2026-09-09 09:43:25,top_up,8729.76,success,,93338.71,qr_code
8830,211,2026-09-09 09:46:39,p2p_transfer,1674.8,success,,160339.64,agent
8831,154,2026-09-09 09:56:04,top_up,1904.69,success,,109625.02,web
8832,156,2026-09-09 09:59:05,top_up,3563.49,success,,229768.1,mobile_app
8833,439,2026-09-09 10:55:54,top_up,1069.52,success,,267531.08,qr_code
8834,138,2026-09-09 11:24:13,p2p_transfer,791.26,success,,105593.45,qr_code
8835,97,2026-09-09 11:28:45,merchant_payment,1188.9,success,,92218.09,web
8836,15,2026-09-09 11:39:22,p2p_transfer,729.71,success,,81660.21,web
8837,4,2026-09-09 12:20:24,merchant_payment,4173.04,success,,18257.94,web
8838,153,2026-09-09 13:15:21,merchant_payment,2321.5,success,,30221.16,web
8839,266,2026-09-09 14:06:19,p2p_transfer,3440.85,success,,44393.76,web
8840,270,2026-09-09 14:11:27,merchant_payment,163.15,success,,40339.93,agent
8841,43,2026-09-09 14:23:22,merchant_payment,9879.26,failed,limit_exceeded,30472.88,qr_code
8842,92,2026-09-09 14:33:27,withdrawal,100.78,success,,129555.59,web
8843,115,2026-09-09 15:15:29,top_up,2175.49,success,,92703.37,agent
8844,15,2026-09-09 15:21:43,top_up,1406.7,success,,83066.91,qr_code
8845,489,2026-09-09 15:39:42,bill_payment,2623.44,success,,59373.45,agent
8846,277,2026-09-09 15:51:12,top_up,9891.25,success,,27813.42,mobile_app
8847,82,2026-09-09 16:20:45,merchant_payment,274.03,success,,101709.82,mobile_app
8848,8,2026-09-09 16:22:27,bill_payment,366.42,success,,8819.35,agent
8849,26,2026-09-09 17:12:31,withdrawal,2649.72,success,,102762.1,web
8850,223,2026-09-09 17:26:02,merchant_payment,3058.78,success,,118917.87,web
8851,293,2026-09-09 17:39:28,merchant_payment,1249.28,success,,20492.51,web
8852,86,2026-09-09 17:42:47,top_up,3784.72,success,,4601.14,qr_code
8853,461,2026-09-09 18:01:47,merchant_payment,597.6,success,,68893.31,web
8854,275,2026-09-09 18:03:43,top_up,5145.87,success,,145492.79,mobile_app
8855,141,2026-09-09 18:25:06,merchant_payment,744.53,success,,20257.44,agent
8856,78,2026-09-09 18:46:14,top_up,1400.61,success,,77020.17,qr_code
8857,333,2026-09-09 19:13:41,p2p_transfer,1092.21,success,,37302.01,web
8858,156,2026-09-09 19:29:55,withdrawal,6402.12,success,,223365.98,agent
8859,313,2026-09-09 20:15:08,merchant_payment,2555.17,success,,43743.03,qr_code
8860,329,2026-09-09 20:16:06,top_up,7471.1,failed,network_error,7494.83,agent
8861,172,2026-09-09 20:47:57,merchant_payment,549.3,success,,31780.19,web
8862,91,2026-09-09 20:49:39,p2p_transfer,1859.96,success,,82297.05,web
8863,94,2026-09-09 20:53:27,withdrawal,1388.06,success,,65121.48,mobile_app
8864,403,2026-09-09 21:03:50,top_up,4341.65,success,,8596.74,web
8865,300,2026-09-09 21:19:28,p2p_transfer,434.23,success,,129733.28,qr_code
8866,241,2026-09-09 21:25:52,merchant_payment,2031.36,failed,card_declined,8958.81,mobile_app
8867,213,2026-09-09 22:15:03,top_up,1261.02,success,,7218.98,qr_code
8868,453,2026-09-09 22:24:01,bill_payment,11296.17,success,,81993.72,qr_code
8869,433,2026-09-09 22:51:42,p2p_transfer,1373.84,success,,69694.4,mobile_app
8870,298,2026-09-09 23:32:20,withdrawal,455.93,success,,614.21,agent
8871,280,2026-09-10 00:09:55,merchant_payment,13924.01,failed,insufficient_funds,8185.6,qr_code
8872,435,2026-09-10 02:33:35,withdrawal,406.52,success,,14665.48,agent
8873,35,2026-09-10 03:01:17,bill_payment,2817.03,success,,15660.1,qr_code
8874,407,2026-09-10 03:02:16,merchant_payment,1451.24,success,,55699.32,qr_code
8875,64,2026-09-10 03:52:13,bill_payment,3039.18,success,,20865.66,mobile_app
8876,428,2026-09-10 09:08:45,merchant_payment,14140.67,failed,insufficient_funds,9309.24,qr_code
8877,29,2026-09-10 09:53:50,merchant_payment,2876.9,success,,56337.54,agent
8878,401,2026-09-10 09:59:41,p2p_transfer,501.19,success,,82627.0,web
8879,407,2026-09-10 10:32:32,top_up,1238.98,success,,56938.3,web
8880,246,2026-09-10 11:28:28,bill_payment,1224.6,failed,card_declined,6414.84,mobile_app
8881,257,2026-09-10 11:54:07,bill_payment,1194.81,success,,18829.09,agent
8882,87,2026-09-10 12:03:23,merchant_payment,2218.59,success,,167035.0,qr_code
8883,404,2026-09-10 12:10:26,merchant_payment,272.86,success,,73887.59,mobile_app
8884,328,2026-09-10 12:20:23,p2p_transfer,170.11,success,,64056.0,web
8885,175,2026-09-10 12:36:34,p2p_transfer,210.92,success,,35985.51,agent
8886,252,2026-09-10 13:10:26,top_up,28343.34,success,,224754.94,web
8887,327,2026-09-10 13:23:43,merchant_payment,1061.93,success,,9556.46,web
8888,127,2026-09-10 13:34:52,merchant_payment,546.63,success,,30638.8,qr_code
8889,160,2026-09-10 13:49:07,p2p_transfer,2711.45,success,,161.05,agent
8890,460,2026-09-10 15:22:13,top_up,1958.0,success,,223747.82,agent
8891,434,2026-09-10 15:29:55,merchant_payment,2206.31,success,,472.9,qr_code
8892,149,2026-09-10 15:48:11,merchant_payment,3346.66,failed,insufficient_funds,98.47,mobile_app
8893,180,2026-09-10 16:05:51,top_up,593.78,success,,83348.58,qr_code
8894,198,2026-09-10 16:12:33,top_up,2098.1,success,,30811.42,mobile_app
8895,70,2026-09-10 16:21:27,p2p_transfer,3039.25,success,,62440.25,agent
8896,331,2026-09-10 17:36:43,merchant_payment,13136.5,failed,invalid_recipient,106392.11,qr_code
8897,359,2026-09-10 18:42:33,top_up,1074.66,success,,42356.16,qr_code
8898,118,2026-09-10 19:15:41,merchant_payment,1116.35,success,,86551.86,agent
8899,82,2026-09-10 19:33:41,bill_payment,3197.52,success,,98512.3,agent
8900,395,2026-09-10 19:59:05,merchant_payment,483.18,failed,network_error,53127.07,mobile_app
8901,29,2026-09-10 20:16:15,p2p_transfer,214.99,success,,56122.55,mobile_app
8902,329,2026-09-10 20:23:32,merchant_payment,4487.08,success,,3007.75,mobile_app
8903,76,2026-09-10 21:02:24,withdrawal,457.67,success,,67931.69,agent
8904,105,2026-09-10 21:05:43,bill_payment,102.37,success,,9706.08,agent
8905,55,2026-09-10 21:24:13,top_up,2148.08,success,,211563.25,mobile_app
8906,257,2026-09-10 21:41:15,merchant_payment,1581.75,success,,17247.34,agent
8907,198,2026-09-10 21:45:48,p2p_transfer,8112.46,success,,22698.96,mobile_app
8908,492,2026-09-10 22:23:15,top_up,1165.49,success,,109257.01,qr_code
8909,115,2026-09-10 22:54:40,p2p_transfer,1067.18,success,,91636.19,agent
8910,389,2026-09-10 23:29:11,p2p_transfer,434.29,success,,205.6,mobile_app
8911,110,2026-09-10 23:30:36,p2p_transfer,610.24,success,,17571.21,web
8912,168,2026-09-10 23:58:03,top_up,1259.22,success,,16169.89,web
8913,169,2026-09-11 00:19:48,p2p_transfer,1361.11,success,,23533.46,agent
8914,495,2026-09-11 00:46:01,p2p_transfer,8244.69,success,,17279.34,qr_code
8915,230,2026-09-11 02:08:33,bill_payment,8236.29,failed,insufficient_funds,5815.26,qr_code
8916,358,2026-09-11 03:33:22,p2p_transfer,413.0,failed,insufficient_funds,50.78,web
8917,329,2026-09-11 03:44:15,bill_payment,1346.29,success,,1661.46,agent
8918,368,2026-09-11 03:54:24,withdrawal,570.29,success,,128123.08,web
8919,432,2026-09-11 04:29:13,merchant_payment,2585.6,failed,insufficient_funds,928.25,mobile_app
8920,10,2026-09-11 04:50:50,top_up,669.26,success,,42253.21,mobile_app
8921,318,2026-09-11 05:27:01,p2p_transfer,7725.86,failed,insufficient_funds,7106.28,qr_code
8922,238,2026-09-11 07:04:36,top_up,13499.46,success,,13887.45,qr_code
8923,215,2026-09-11 07:07:46,withdrawal,1080.36,success,,170629.88,agent
8924,310,2026-09-11 07:15:55,merchant_payment,2432.48,success,,37564.66,qr_code
8925,414,2026-09-11 07:34:58,p2p_transfer,2847.86,failed,insufficient_funds,2058.8,agent
8926,471,2026-09-11 08:14:18,merchant_payment,1937.81,success,,19000.2,agent
8927,72,2026-09-11 08:18:27,p2p_transfer,5756.15,success,,42151.24,agent
8928,344,2026-09-11 08:41:12,top_up,4516.35,success,,76601.98,web
8929,94,2026-09-11 08:50:53,top_up,2756.46,success,,67877.94,web
8930,380,2026-09-11 09:13:36,top_up,341.68,success,,1340.49,mobile_app
8931,448,2026-09-11 09:18:56,p2p_transfer,5597.52,success,,48510.32,mobile_app
8932,418,2026-09-11 09:25:25,top_up,8087.2,success,,8141.72,mobile_app
8933,168,2026-09-11 09:31:04,p2p_transfer,2102.31,failed,limit_exceeded,16169.89,agent
8934,264,2026-09-11 09:31:16,p2p_transfer,1839.61,success,,38931.75,web
8935,374,2026-09-11 09:45:28,merchant_payment,617.42,success,,62275.67,mobile_app
8936,344,2026-09-11 10:21:09,merchant_payment,490.5,success,,76111.48,qr_code
8937,419,2026-09-11 10:37:56,p2p_transfer,3097.12,success,,92530.62,web
8938,75,2026-09-11 10:48:55,p2p_transfer,512.13,success,,21940.5,mobile_app
8939,330,2026-09-11 10:50:48,merchant_payment,3162.75,success,,111670.72,qr_code
8940,81,2026-09-11 10:52:00,merchant_payment,3514.18,success,,69856.49,mobile_app
8941,451,2026-09-11 10:56:17,merchant_payment,1342.13,success,,3188.76,web
8942,366,2026-09-11 11:42:48,withdrawal,589.85,success,,89377.71,agent
8943,92,2026-09-11 11:51:55,p2p_transfer,23208.91,success,,106346.68,web
8944,200,2026-09-11 12:02:10,top_up,5490.4,success,,56086.02,web
8945,87,2026-09-11 12:23:38,bill_payment,2451.09,failed,network_error,167035.0,agent
8946,208,2026-09-11 12:32:27,merchant_payment,1683.59,success,,115758.33,qr_code
8947,466,2026-09-11 12:40:34,top_up,850.78,success,,172345.54,qr_code
8948,168,2026-09-11 12:42:23,merchant_payment,2316.21,failed,card_declined,16169.89,agent
8949,478,2026-09-11 12:45:33,p2p_transfer,1801.45,success,,158056.01,mobile_app
8950,216,2026-09-11 12:47:01,merchant_payment,916.95,success,,100803.02,qr_code
8951,425,2026-09-11 12:55:29,p2p_transfer,2971.48,success,,189699.27,qr_code
8952,374,2026-09-11 13:02:49,top_up,2338.9,failed,card_declined,62275.67,qr_code
8953,329,2026-09-11 14:00:21,merchant_payment,1842.45,failed,insufficient_funds,1661.46,mobile_app
8954,204,2026-09-11 14:09:54,withdrawal,143.97,success,,88372.63,qr_code
8955,28,2026-09-11 14:15:26,top_up,2330.94,failed,invalid_recipient,92251.9,mobile_app
8956,478,2026-09-11 14:41:10,merchant_payment,2523.34,success,,155532.67,web
8957,193,2026-09-11 14:51:05,merchant_payment,1806.52,success,,1670.99,web
8958,275,2026-09-11 14:56:34,top_up,2257.63,success,,147750.42,web
8959,430,2026-09-11 15:00:14,merchant_payment,235.33,success,,10767.73,mobile_app
8960,368,2026-09-11 15:33:57,merchant_payment,1467.53,success,,126655.55,agent
8961,275,2026-09-11 15:40:17,withdrawal,537.15,success,,147213.27,agent
8962,368,2026-09-11 15:48:10,bill_payment,2634.72,success,,124020.83,web
8963,284,2026-09-11 16:31:21,p2p_transfer,767.04,success,,111881.51,qr_code
8964,242,2026-09-11 17:51:48,top_up,324.94,success,,12004.35,qr_code
8965,86,2026-09-11 18:12:43,merchant_payment,4458.98,success,,142.16,agent
8966,329,2026-09-11 18:33:52,merchant_payment,1636.76,failed,network_error,1661.46,agent
8967,54,2026-09-11 18:44:39,top_up,746.4,success,,287531.47,qr_code
8968,94,2026-09-11 18:48:08,merchant_payment,615.13,success,,67262.81,web
8969,412,2026-09-11 18:57:23,top_up,2639.7,success,,101802.35,mobile_app
8970,106,2026-09-11 19:40:50,merchant_payment,3857.52,success,,191109.49,agent
8971,245,2026-09-11 19:52:56,merchant_payment,4617.46,success,,253720.68,mobile_app
8972,90,2026-09-11 20:06:02,merchant_payment,870.47,success,,79042.0,mobile_app
8973,253,2026-09-11 20:43:50,top_up,1908.56,success,,58198.59,mobile_app
8974,249,2026-09-11 20:57:13,p2p_transfer,1606.81,success,,107040.93,mobile_app
8975,461,2026-09-11 21:34:51,p2p_transfer,6515.97,success,,62377.34,web
8976,441,2026-09-11 22:06:56,bill_payment,17709.43,failed,insufficient_funds,15126.49,mobile_app
8977,291,2026-09-11 23:10:10,p2p_transfer,540.44,success,,5847.94,qr_code
8978,469,2026-09-11 23:26:51,merchant_payment,284.91,success,,35782.03,web
8979,313,2026-09-11 23:32:09,merchant_payment,985.54,success,,42757.49,mobile_app
8980,298,2026-09-12 00:01:30,withdrawal,1842.2,failed,insufficient_funds,614.21,agent
8981,105,2026-09-12 01:20:12,merchant_payment,1700.68,success,,8005.4,web
8982,263,2026-09-12 03:07:33,p2p_transfer,3894.18,success,,46640.32,mobile_app
8983,336,2026-09-12 04:50:44,bill_payment,890.72,success,,281130.94,qr_code
8984,201,2026-09-12 05:09:38,p2p_transfer,2261.44,success,,18017.98,web
8985,21,2026-09-12 05:14:55,merchant_payment,5665.59,success,,1197.88,web
8986,58,2026-09-12 05:38:49,merchant_payment,124.93,success,,67534.45,web
8987,298,2026-09-12 05:52:19,bill_payment,584.14,success,,30.07,web
8988,474,2026-09-12 07:44:21,merchant_payment,317.7,success,,13857.61,web
8989,215,2026-09-12 07:48:18,top_up,3360.02,success,,173989.9,web
8990,323,2026-09-12 07:48:23,p2p_transfer,2304.05,success,,13248.91,qr_code
8991,407,2026-09-12 07:49:22,top_up,3654.0,success,,60592.3,agent
8992,70,2026-09-12 07:50:31,merchant_payment,2250.2,success,,60190.05,agent
8993,244,2026-09-12 08:05:40,merchant_payment,210.72,success,,54349.39,web
8994,411,2026-09-12 09:02:38,withdrawal,2940.0,success,,90113.01,agent
8995,9,2026-09-12 09:09:41,merchant_payment,1629.34,success,,46160.48,mobile_app
8996,134,2026-09-12 09:11:55,withdrawal,2071.39,success,,37841.38,agent
8997,238,2026-09-12 09:38:19,merchant_payment,11038.08,success,,2849.37,qr_code
8998,314,2026-09-12 09:41:53,withdrawal,364.91,success,,68869.11,qr_code
8999,433,2026-09-12 10:01:30,p2p_transfer,2754.75,success,,66939.65,agent
9000,315,2026-09-12 10:30:07,withdrawal,1780.65,success,,18504.53,mobile_app
9001,46,2026-09-12 12:24:04,bill_payment,1733.2,success,,13343.63,mobile_app
9002,11,2026-09-12 12:31:08,top_up,2950.13,success,,135410.45,mobile_app
9003,381,2026-09-12 13:30:44,merchant_payment,624.79,success,,73862.97,agent
9004,332,2026-09-12 14:06:39,top_up,3561.23,success,,22492.79,agent
9005,286,2026-09-12 14:10:46,merchant_payment,176.0,success,,239.86,web
9006,460,2026-09-12 14:18:50,top_up,808.11,success,,224555.93,web
9007,475,2026-09-12 14:23:29,top_up,1068.11,failed,limit_exceeded,15136.24,mobile_app
9008,491,2026-09-12 14:49:40,top_up,1866.26,success,,114392.08,web
9009,257,2026-09-12 15:03:35,merchant_payment,890.15,success,,16357.19,mobile_app
9010,444,2026-09-12 15:12:38,merchant_payment,1658.55,failed,card_declined,2304.31,qr_code
9011,429,2026-09-12 15:32:40,merchant_payment,7084.68,success,,26975.21,agent
9012,94,2026-09-12 15:49:20,top_up,447.14,success,,67709.95,mobile_app
9013,270,2026-09-12 16:16:52,merchant_payment,1455.65,success,,38884.28,agent
9014,450,2026-09-12 16:32:34,merchant_payment,1562.75,success,,90015.47,agent
9015,446,2026-09-12 16:33:51,top_up,22396.7,success,,145824.3,web
9016,115,2026-09-12 17:11:53,withdrawal,3189.2,success,,88446.99,web
9017,111,2026-09-12 17:20:33,merchant_payment,217.07,success,,51494.01,web
9018,201,2026-09-12 17:21:19,bill_payment,13004.77,failed,suspected_fraud,18017.98,web
9019,306,2026-09-12 17:32:05,top_up,2171.62,success,,97880.58,web
9020,157,2026-09-12 17:53:08,bill_payment,2691.5,success,,84864.66,web
9021,59,2026-09-12 18:41:45,bill_payment,3771.39,success,,106621.03,web
9022,453,2026-09-12 19:53:55,top_up,3088.85,success,,85082.57,qr_code
9023,477,2026-09-12 20:01:21,top_up,1226.9,success,,71101.86,mobile_app
9024,276,2026-09-12 21:19:03,top_up,9112.19,success,,70804.85,qr_code
9025,135,2026-09-12 21:19:04,merchant_payment,2405.76,success,,62451.62,web
9026,54,2026-09-12 21:27:25,merchant_payment,1263.83,success,,286267.64,qr_code
9027,189,2026-09-12 21:37:38,p2p_transfer,2475.87,success,,31708.42,agent
9028,208,2026-09-12 21:54:39,merchant_payment,1388.9,success,,114369.43,agent
9029,401,2026-09-12 22:18:16,withdrawal,1513.68,success,,81113.32,qr_code
9030,307,2026-09-12 23:03:20,bill_payment,678.57,success,,13025.47,qr_code
9031,361,2026-09-12 23:41:52,bill_payment,99.64,success,,38357.0,agent
9032,94,2026-09-12 23:50:47,withdrawal,2595.64,success,,65114.31,agent
9033,305,2026-09-13 01:48:45,p2p_transfer,1519.07,success,,7131.58,mobile_app
9034,280,2026-09-13 02:20:08,withdrawal,12843.18,failed,insufficient_funds,8185.6,qr_code
9035,440,2026-09-13 02:56:17,top_up,1570.66,success,,209148.62,web
9036,329,2026-09-13 03:40:13,merchant_payment,777.62,success,,883.84,qr_code
9037,403,2026-09-13 04:08:55,merchant_payment,505.07,failed,network_error,8596.74,mobile_app
9038,440,2026-09-13 05:57:21,merchant_payment,233.59,success,,208915.03,agent
9039,49,2026-09-13 07:18:57,top_up,1177.95,success,,131687.14,qr_code
9040,19,2026-09-13 08:10:27,withdrawal,2454.04,success,,41479.12,agent
9041,494,2026-09-13 08:25:08,merchant_payment,1927.9,success,,29138.97,web
9042,209,2026-09-13 08:57:39,top_up,966.32,success,,85630.51,web
9043,283,2026-09-13 09:19:40,merchant_payment,6353.71,success,,81461.35,agent
9044,74,2026-09-13 10:10:43,merchant_payment,6132.86,success,,48555.87,agent
9045,411,2026-09-13 10:14:16,bill_payment,9260.18,success,,80852.83,agent
9046,40,2026-09-13 10:39:33,bill_payment,744.41,success,,232665.85,qr_code
9047,411,2026-09-13 10:40:19,top_up,9299.31,success,,90152.14,qr_code
9048,453,2026-09-13 10:51:00,bill_payment,926.41,success,,84156.16,qr_code
9049,281,2026-09-13 10:57:18,merchant_payment,520.09,success,,33795.41,qr_code
9050,159,2026-09-13 11:15:20,merchant_payment,1644.28,success,,178890.03,qr_code
9051,180,2026-09-13 12:06:10,p2p_transfer,2089.52,success,,81259.06,web
9052,491,2026-09-13 12:19:49,p2p_transfer,1618.27,success,,112773.81,web
9053,71,2026-09-13 12:29:44,bill_payment,507.25,success,,31366.56,qr_code
9054,43,2026-09-13 12:30:13,p2p_transfer,13142.39,success,,17330.49,mobile_app
9055,403,2026-09-13 12:53:28,p2p_transfer,1142.78,success,,7453.96,qr_code
9056,490,2026-09-13 13:13:20,p2p_transfer,483.78,success,,122170.74,qr_code
9057,298,2026-09-13 13:15:45,merchant_payment,8866.56,failed,insufficient_funds,30.07,web
9058,102,2026-09-13 13:19:08,merchant_payment,1651.61,success,,81921.84,agent
9059,275,2026-09-13 14:13:12,merchant_payment,876.06,success,,146337.21,agent
9060,160,2026-09-13 14:52:46,top_up,11475.39,success,,11636.44,agent
9061,102,2026-09-13 15:26:56,merchant_payment,448.74,success,,81473.1,mobile_app
9062,467,2026-09-13 15:40:03,top_up,7657.58,success,,289619.9,mobile_app
9063,71,2026-09-13 17:11:34,p2p_transfer,1725.15,success,,29641.41,qr_code
9064,198,2026-09-13 17:22:53,merchant_payment,621.52,success,,22077.44,agent
9065,188,2026-09-13 18:59:04,p2p_transfer,2574.65,success,,16983.44,mobile_app
9066,331,2026-09-13 19:16:28,bill_payment,707.84,success,,105684.27,agent
9067,10,2026-09-13 19:29:35,merchant_payment,692.43,success,,41560.78,mobile_app
9068,193,2026-09-13 19:38:10,merchant_payment,22331.27,failed,insufficient_funds,1670.99,web
9069,413,2026-09-13 20:59:03,withdrawal,1044.59,success,,97471.46,qr_code
9070,309,2026-09-13 21:03:00,top_up,3770.96,success,,55388.53,web
9071,76,2026-09-13 21:26:50,p2p_transfer,2033.08,failed,network_error,67931.69,qr_code
9072,241,2026-09-13 21:37:12,p2p_transfer,11167.47,failed,insufficient_funds,8958.81,mobile_app
9073,160,2026-09-13 22:47:34,top_up,3310.27,success,,14946.71,mobile_app
9074,399,2026-09-13 22:54:31,p2p_transfer,1677.54,success,,39258.91,web
9075,484,2026-09-13 23:49:08,p2p_transfer,4337.76,success,,54934.76,web
9076,136,2026-09-13 23:49:36,top_up,1997.1,success,,118365.11,mobile_app
9077,47,2026-09-13 23:52:25,p2p_transfer,1094.97,failed,network_error,7866.14,agent
9078,357,2026-09-14 02:16:51,bill_payment,1180.95,success,,4438.75,agent
9079,55,2026-09-14 02:22:45,withdrawal,2921.38,success,,208641.87,web
9080,478,2026-09-14 03:02:50,bill_payment,20020.91,success,,135511.76,web
9081,49,2026-09-14 03:35:46,merchant_payment,992.48,success,,130694.66,qr_code
9082,122,2026-09-14 04:09:54,top_up,2501.65,success,,99339.6,web
9083,14,2026-09-14 04:17:03,p2p_transfer,331.05,success,,153.69,agent
9084,357,2026-09-14 04:56:02,p2p_transfer,924.77,success,,3513.98,web
9085,367,2026-09-14 07:28:50,merchant_payment,20208.78,failed,insufficient_funds,12260.31,agent
9086,115,2026-09-14 07:52:44,p2p_transfer,475.44,success,,87971.55,mobile_app
9087,441,2026-09-14 08:00:28,top_up,6872.26,success,,21998.75,mobile_app
9088,453,2026-09-14 08:08:00,p2p_transfer,568.59,success,,83587.57,web
9089,445,2026-09-14 08:24:32,p2p_transfer,4184.72,success,,92327.06,qr_code
9090,329,2026-09-14 08:30:29,p2p_transfer,713.17,success,,170.67,web
9091,439,2026-09-14 09:05:14,withdrawal,6882.98,success,,260648.1,qr_code
9092,150,2026-09-14 09:38:58,top_up,524.4,success,,64492.58,mobile_app
9093,26,2026-09-14 09:57:43,p2p_transfer,662.28,success,,102099.82,mobile_app
9094,216,2026-09-14 10:31:21,p2p_transfer,1695.18,success,,99107.84,mobile_app
9095,118,2026-09-14 10:37:34,merchant_payment,567.12,success,,85984.74,agent
9096,446,2026-09-14 10:43:13,bill_payment,279.85,success,,145544.45,mobile_app
9097,257,2026-09-14 10:53:12,merchant_payment,636.88,success,,15720.31,mobile_app
9098,294,2026-09-14 11:20:57,withdrawal,918.33,failed,card_declined,64532.92,web
9099,481,2026-09-14 11:21:30,p2p_transfer,11397.71,success,,76917.5,mobile_app
9100,50,2026-09-14 11:28:11,p2p_transfer,5558.72,success,,58304.77,qr_code
9101,40,2026-09-14 12:38:53,p2p_transfer,2094.05,success,,230571.8,mobile_app
9102,462,2026-09-14 13:21:23,top_up,564.22,success,,27031.14,web
9103,394,2026-09-14 13:24:30,merchant_payment,2706.74,success,,64173.68,web
9104,326,2026-09-14 13:31:22,merchant_payment,879.44,success,,138368.04,mobile_app
9105,172,2026-09-14 13:41:45,merchant_payment,757.67,success,,31022.52,agent
9106,294,2026-09-14 13:48:31,p2p_transfer,939.42,success,,63593.5,mobile_app
9107,122,2026-09-14 13:55:51,merchant_payment,2349.57,success,,96990.03,qr_code
9108,387,2026-09-14 13:58:58,top_up,3899.07,success,,138157.99,mobile_app
9109,478,2026-09-14 14:35:45,bill_payment,7473.22,success,,128038.54,mobile_app
9110,168,2026-09-14 14:36:03,bill_payment,4713.04,success,,11456.85,qr_code
9111,105,2026-09-14 14:40:51,merchant_payment,790.74,success,,7214.66,agent
9112,371,2026-09-14 15:12:49,p2p_transfer,2326.31,failed,insufficient_funds,1394.88,qr_code
9113,478,2026-09-14 15:50:42,merchant_payment,39829.37,success,,88209.17,qr_code
9114,301,2026-09-14 15:59:08,p2p_transfer,318.9,success,,4322.97,web
9115,334,2026-09-14 16:14:15,merchant_payment,665.38,success,,192.43,mobile_app
9116,90,2026-09-14 16:30:49,top_up,930.59,success,,79972.59,qr_code
9117,164,2026-09-14 16:32:54,top_up,1147.2,success,,60122.04,qr_code
9118,411,2026-09-14 16:47:39,merchant_payment,1398.52,success,,88753.62,agent
9119,495,2026-09-14 17:02:04,bill_payment,700.04,success,,16579.3,web
9120,10,2026-09-14 17:16:47,bill_payment,1585.95,success,,39974.83,agent
9121,374,2026-09-14 17:55:28,merchant_payment,539.65,success,,61736.02,qr_code
9122,337,2026-09-14 18:03:49,bill_payment,1272.11,success,,37012.33,agent
9123,66,2026-09-14 18:18:50,top_up,2238.9,success,,2282.83,agent
9124,120,2026-09-14 18:29:50,top_up,6309.23,success,,218926.74,web
9125,411,2026-09-14 18:45:21,merchant_payment,4824.28,success,,83929.34,qr_code
9126,433,2026-09-14 18:58:13,top_up,2400.85,success,,69340.5,agent
9127,126,2026-09-14 20:05:00,bill_payment,292.14,success,,10579.85,mobile_app
9128,198,2026-09-14 20:07:36,merchant_payment,3633.9,success,,18443.54,qr_code
9129,497,2026-09-14 21:03:47,top_up,2219.81,success,,64855.72,web
9130,464,2026-09-14 21:16:24,withdrawal,529.9,success,,53330.7,web
9131,172,2026-09-14 21:22:55,bill_payment,2527.56,failed,invalid_recipient,31022.52,web
9132,92,2026-09-14 21:36:39,merchant_payment,257.43,success,,106089.25,mobile_app
9133,133,2026-09-14 21:52:43,withdrawal,12340.54,success,,74147.23,web
9134,127,2026-09-14 22:23:58,bill_payment,654.17,success,,29984.63,agent
9135,180,2026-09-14 22:52:26,p2p_transfer,5592.98,success,,75666.08,qr_code
9136,199,2026-09-14 23:06:38,top_up,705.87,success,,51894.52,qr_code
9137,489,2026-09-14 23:17:10,merchant_payment,4017.27,success,,55356.18,web
9138,230,2026-09-14 23:18:13,withdrawal,570.51,success,,5244.75,qr_code
9139,31,2026-09-14 23:26:53,merchant_payment,2293.14,success,,192769.5,qr_code
9140,473,2026-09-14 23:52:55,top_up,3216.35,success,,3556.72,agent
9141,260,2026-09-14 23:59:06,withdrawal,1082.52,success,,39995.82,qr_code
9142,434,2026-09-15 00:16:53,merchant_payment,130.73,success,,342.17,agent
9143,344,2026-09-15 00:21:49,top_up,3377.47,failed,network_error,76111.48,mobile_app
9144,164,2026-09-15 00:41:20,p2p_transfer,1219.14,success,,58902.9,agent
9145,325,2026-09-15 00:55:03,p2p_transfer,2948.48,failed,network_error,3349.24,agent
9146,188,2026-09-15 00:58:26,merchant_payment,3199.5,success,,13783.94,web
9147,493,2026-09-15 02:56:46,merchant_payment,1735.98,success,,168908.0,qr_code
9148,446,2026-09-15 03:00:05,top_up,3639.3,success,,149183.75,mobile_app
9149,159,2026-09-15 03:38:44,top_up,1762.54,success,,180652.57,web
9150,343,2026-09-15 05:14:48,top_up,697.36,success,,54654.48,mobile_app
9151,257,2026-09-15 05:16:59,merchant_payment,1113.29,success,,14607.02,web
9152,489,2026-09-15 07:12:53,withdrawal,515.38,success,,54840.8,qr_code
9153,124,2026-09-15 07:31:37,top_up,676.75,success,,54310.99,mobile_app
9154,318,2026-09-15 08:32:56,bill_payment,1113.15,success,,5993.13,qr_code
9155,337,2026-09-15 08:47:35,bill_payment,988.63,success,,36023.7,mobile_app
9156,367,2026-09-15 08:50:33,withdrawal,2081.06,failed,suspected_fraud,12260.31,mobile_app
9157,353,2026-09-15 08:58:22,p2p_transfer,1099.72,success,,19604.34,qr_code
9158,478,2026-09-15 09:17:49,withdrawal,563.78,success,,87645.39,mobile_app
9159,450,2026-09-15 09:34:10,merchant_payment,1407.85,success,,88607.62,agent
9160,329,2026-09-15 10:11:58,merchant_payment,1085.9,failed,insufficient_funds,170.67,web
9161,349,2026-09-15 10:24:15,top_up,619.73,success,,20348.26,agent
9162,179,2026-09-15 11:35:43,top_up,3502.02,success,,3548.04,web
9163,479,2026-09-15 11:37:37,merchant_payment,651.05,success,,196750.22,qr_code
9164,489,2026-09-15 11:49:58,bill_payment,3194.62,success,,51646.18,qr_code
9165,187,2026-09-15 12:40:06,top_up,1883.82,success,,38881.72,web
9166,81,2026-09-15 12:55:13,withdrawal,2271.61,success,,67584.88,qr_code
9167,168,2026-09-15 13:11:15,top_up,1480.61,success,,12937.46,mobile_app
9168,299,2026-09-15 14:35:26,p2p_transfer,1148.27,success,,23310.31,qr_code
9169,469,2026-09-15 15:17:31,withdrawal,1121.89,success,,34660.14,qr_code
9170,492,2026-09-15 15:49:53,top_up,1945.71,failed,network_error,109257.01,qr_code
9171,375,2026-09-15 16:17:27,merchant_payment,1143.44,success,,58181.61,mobile_app
9172,351,2026-09-15 16:43:42,merchant_payment,970.7,success,,172241.21,mobile_app
9173,55,2026-09-15 17:14:46,p2p_transfer,1669.06,failed,invalid_recipient,208641.87,qr_code
9174,355,2026-09-15 17:35:59,p2p_transfer,1821.46,success,,25826.71,mobile_app
9175,479,2026-09-15 17:52:59,merchant_payment,1748.27,success,,195001.95,qr_code
9176,380,2026-09-15 17:53:10,bill_payment,435.91,success,,904.58,web
9177,333,2026-09-15 18:01:02,top_up,1546.96,success,,38848.97,agent
9178,216,2026-09-15 18:02:57,merchant_payment,350.78,success,,98757.06,web
9179,180,2026-09-15 18:03:37,top_up,9408.14,success,,85074.22,qr_code
9180,78,2026-09-15 18:07:28,top_up,1217.23,success,,78237.4,qr_code
9181,412,2026-09-15 18:33:30,merchant_payment,93.98,success,,101708.37,qr_code
9182,10,2026-09-15 19:10:30,merchant_payment,1484.69,success,,38490.14,web
9183,87,2026-09-15 20:12:20,merchant_payment,688.86,success,,166346.14,mobile_app
9184,337,2026-09-15 21:06:56,p2p_transfer,703.79,success,,35319.91,qr_code
9185,479,2026-09-15 21:31:39,withdrawal,1970.7,success,,193031.25,web
9186,73,2026-09-15 21:35:29,bill_payment,2480.35,failed,insufficient_funds,212.89,mobile_app
9187,358,2026-09-15 22:11:51,merchant_payment,15860.93,failed,insufficient_funds,50.78,mobile_app
9188,266,2026-09-15 22:59:36,merchant_payment,2791.68,success,,41602.08,qr_code
9189,189,2026-09-15 23:24:57,p2p_transfer,2130.13,success,,29578.29,web
9190,54,2026-09-15 23:33:56,p2p_transfer,202.13,success,,286065.51,web
9191,125,2026-09-15 23:56:29,top_up,768.96,success,,112392.52,agent
9192,167,2026-09-16 00:17:56,top_up,6336.02,success,,7033.91,agent
9193,450,2026-09-16 00:24:45,bill_payment,613.0,success,,87994.62,qr_code
9194,232,2026-09-16 00:44:58,withdrawal,1772.43,success,,25042.99,agent
9195,394,2026-09-16 00:46:50,bill_payment,768.16,success,,63405.52,web
9196,56,2026-09-16 00:53:08,merchant_payment,1779.66,success,,11165.97,qr_code
9197,371,2026-09-16 02:34:34,top_up,4316.61,success,,5711.49,mobile_app
9198,40,2026-09-16 04:40:51,merchant_payment,1022.38,success,,229549.42,qr_code
9199,415,2026-09-16 04:49:02,p2p_transfer,539.5,success,,73565.03,mobile_app
9200,331,2026-09-16 05:09:23,merchant_payment,601.51,success,,105082.76,qr_code
9201,171,2026-09-16 05:33:40,merchant_payment,650.86,success,,13267.45,qr_code
9202,211,2026-09-16 07:12:46,bill_payment,326.98,success,,160012.66,agent
9203,370,2026-09-16 08:35:50,merchant_payment,4467.03,failed,insufficient_funds,466.05,qr_code
9204,393,2026-09-16 08:36:21,top_up,1120.98,success,,39671.79,mobile_app
9205,453,2026-09-16 09:11:28,bill_payment,9074.23,success,,74513.34,web
9206,257,2026-09-16 09:16:20,merchant_payment,3969.38,failed,suspected_fraud,14607.02,mobile_app
9207,123,2026-09-16 09:34:37,withdrawal,1273.59,failed,insufficient_funds,1107.49,agent
9208,160,2026-09-16 10:40:48,bill_payment,583.5,success,,14363.21,web
9209,180,2026-09-16 10:53:55,withdrawal,6492.73,success,,78581.49,qr_code
9210,419,2026-09-16 11:04:56,top_up,719.2,success,,93249.82,mobile_app
9211,344,2026-09-16 11:15:04,top_up,3428.83,success,,79540.31,qr_code
9212,168,2026-09-16 11:15:44,top_up,9123.71,success,,22061.17,mobile_app
9213,453,2026-09-16 11:21:02,top_up,644.26,success,,75157.6,agent
9214,29,2026-09-16 11:21:29,p2p_transfer,6439.34,success,,49683.21,web
9215,302,2026-09-16 12:07:51,merchant_payment,1868.94,success,,87108.98,mobile_app
9216,489,2026-09-16 12:14:19,merchant_payment,549.05,success,,51097.13,agent
9217,245,2026-09-16 12:36:04,merchant_payment,1131.83,success,,252588.85,mobile_app
9218,492,2026-09-16 13:08:47,merchant_payment,1668.54,success,,107588.47,web
9219,283,2026-09-16 13:09:13,bill_payment,1142.99,success,,80318.36,qr_code
9220,164,2026-09-16 14:03:11,bill_payment,1578.05,success,,57324.85,web
9221,298,2026-09-16 15:03:07,p2p_transfer,3306.85,failed,insufficient_funds,30.07,qr_code
9222,305,2026-09-16 15:52:03,top_up,2883.26,failed,card_declined,7131.58,agent
9223,237,2026-09-16 16:05:11,top_up,788.61,success,,59405.95,qr_code
9224,344,2026-09-16 16:20:49,merchant_payment,252.68,success,,79287.63,web
9225,167,2026-09-16 17:08:31,merchant_payment,818.88,success,,6215.03,qr_code
9226,20,2026-09-16 17:14:13,merchant_payment,2327.2,success,,33672.51,web
9227,61,2026-09-16 17:31:29,top_up,1190.59,success,,118323.86,mobile_app
9228,450,2026-09-16 17:39:56,p2p_transfer,4841.62,success,,83153.0,mobile_app
9229,375,2026-09-16 18:06:48,merchant_payment,374.21,success,,57807.4,mobile_app
9230,61,2026-09-16 18:16:05,merchant_payment,621.08,success,,117702.78,web
9231,275,2026-09-16 18:36:03,bill_payment,1119.65,success,,145217.56,web
9232,499,2026-09-16 18:36:36,p2p_transfer,269.05,failed,limit_exceeded,80027.93,mobile_app
9233,404,2026-09-16 18:41:50,top_up,2139.36,success,,76026.95,mobile_app
9234,281,2026-09-16 19:20:41,merchant_payment,1202.7,success,,32592.71,web
9235,173,2026-09-16 19:46:32,top_up,695.98,success,,87794.56,qr_code
9236,389,2026-09-16 19:54:48,merchant_payment,1043.64,failed,insufficient_funds,205.6,web
9237,446,2026-09-16 20:11:36,merchant_payment,2520.26,success,,146663.49,mobile_app
9238,27,2026-09-16 20:12:16,merchant_payment,514.63,success,,102228.08,mobile_app
9239,298,2026-09-17 01:14:31,merchant_payment,8300.19,failed,insufficient_funds,30.07,qr_code
9240,460,2026-09-17 02:28:38,p2p_transfer,2029.47,success,,222526.46,agent
9241,208,2026-09-17 04:36:34,p2p_transfer,1906.08,success,,112463.35,qr_code
9242,358,2026-09-17 05:02:56,bill_payment,933.46,failed,insufficient_funds,50.78,mobile_app
9243,61,2026-09-17 05:19:33,bill_payment,9213.87,success,,108488.91,agent
9244,252,2026-09-17 07:08:15,merchant_payment,1916.96,success,,222837.98,web
9245,135,2026-09-17 07:58:46,merchant_payment,1257.37,success,,61194.25,agent
9246,198,2026-09-17 08:15:22,withdrawal,6244.33,success,,12199.21,web
9247,116,2026-09-17 08:30:02,top_up,3044.7,success,,38237.84,mobile_app
9248,96,2026-09-17 08:40:09,bill_payment,1318.22,success,,152988.43,mobile_app
9249,484,2026-09-17 08:54:30,merchant_payment,46.09,success,,54888.67,mobile_app
9250,226,2026-09-17 09:09:49,merchant_payment,852.67,success,,22347.2,mobile_app
9251,446,2026-09-17 09:50:46,bill_payment,807.9,success,,145855.59,qr_code
9252,358,2026-09-17 10:01:25,p2p_transfer,323.84,failed,insufficient_funds,50.78,web
9253,28,2026-09-17 10:20:37,merchant_payment,820.83,success,,91431.07,qr_code
9254,329,2026-09-17 10:36:21,withdrawal,524.05,failed,insufficient_funds,170.67,mobile_app
9255,478,2026-09-17 10:47:17,merchant_payment,6576.29,success,,81069.1,agent
9256,30,2026-09-17 11:15:27,p2p_transfer,562.97,success,,120159.59,web
9257,249,2026-09-17 11:20:30,p2p_transfer,133.91,success,,106907.02,mobile_app
9258,246,2026-09-17 12:18:41,top_up,1769.55,success,,8184.39,mobile_app
9259,173,2026-09-17 13:19:01,bill_payment,672.67,failed,network_error,87794.56,agent
9260,344,2026-09-17 13:30:35,merchant_payment,2950.01,success,,76337.62,qr_code
9261,189,2026-09-17 13:48:01,merchant_payment,439.03,success,,29139.26,mobile_app
9262,487,2026-09-17 14:18:27,p2p_transfer,579.13,success,,13508.38,agent
9263,475,2026-09-17 14:28:52,merchant_payment,802.93,success,,14333.31,qr_code
9264,242,2026-09-17 14:34:16,merchant_payment,23009.83,failed,insufficient_funds,12004.35,qr_code
9265,245,2026-09-17 14:56:17,withdrawal,353.31,success,,252235.54,qr_code
9266,193,2026-09-17 15:09:24,bill_payment,2762.04,failed,insufficient_funds,1670.99,mobile_app
9267,485,2026-09-17 15:15:25,p2p_transfer,1066.59,success,,61101.42,qr_code
9268,161,2026-09-17 15:42:33,merchant_payment,648.62,success,,70225.31,mobile_app
9269,256,2026-09-17 15:50:08,merchant_payment,1475.23,success,,219475.45,agent
9270,440,2026-09-17 16:07:51,top_up,10909.54,success,,219824.57,agent
9271,491,2026-09-17 16:16:46,p2p_transfer,655.33,success,,112118.48,qr_code
9272,445,2026-09-17 16:29:33,bill_payment,1722.25,success,,90604.81,mobile_app
9273,359,2026-09-17 16:41:54,merchant_payment,1525.88,success,,40830.28,agent
9274,394,2026-09-17 16:43:12,top_up,1180.11,success,,64585.63,web
9275,354,2026-09-17 17:03:20,merchant_payment,578.93,success,,100372.91,agent
9276,152,2026-09-17 18:26:14,withdrawal,578.09,success,,19002.42,mobile_app
9277,43,2026-09-17 18:32:34,withdrawal,1794.94,success,,15535.55,web
9278,61,2026-09-17 18:41:52,top_up,2933.54,success,,111422.45,mobile_app
9279,368,2026-09-17 18:57:37,withdrawal,332.57,success,,123688.26,agent
9280,482,2026-09-17 19:18:26,bill_payment,1443.84,success,,31167.95,qr_code
9281,90,2026-09-17 19:21:25,p2p_transfer,183.0,success,,79789.59,web
9282,168,2026-09-17 19:26:12,merchant_payment,539.82,success,,21521.35,qr_code
9283,460,2026-09-17 19:35:25,merchant_payment,3765.11,success,,218761.35,web
9284,477,2026-09-17 19:49:54,merchant_payment,1870.49,success,,69231.37,mobile_app
9285,467,2026-09-17 20:07:29,merchant_payment,545.58,success,,289074.32,qr_code
9286,320,2026-09-17 20:07:49,merchant_payment,745.4,success,,11181.84,agent
9287,211,2026-09-17 20:33:06,withdrawal,3398.4,success,,156614.26,qr_code
9288,316,2026-09-17 20:35:49,top_up,488.26,success,,60226.5,agent
9289,433,2026-09-17 20:43:45,withdrawal,1754.41,success,,67586.09,agent
9290,372,2026-09-17 21:06:11,merchant_payment,2952.49,success,,58315.19,web
9291,93,2026-09-17 21:59:45,merchant_payment,774.54,success,,26166.93,mobile_app
9292,433,2026-09-17 22:00:00,withdrawal,340.02,success,,67246.07,agent
9293,187,2026-09-17 22:28:56,p2p_transfer,5700.52,success,,33181.2,web
9294,92,2026-09-17 22:50:05,withdrawal,1331.4,success,,104757.85,web
9295,338,2026-09-17 23:51:43,merchant_payment,2045.7,success,,101045.91,agent
9296,466,2026-09-18 00:19:45,top_up,1506.7,success,,173852.24,agent
9297,301,2026-09-18 00:46:38,merchant_payment,711.09,success,,3611.88,web
9298,118,2026-09-18 00:57:39,merchant_payment,2325.48,success,,83659.26,qr_code
9299,262,2026-09-18 01:15:29,merchant_payment,1294.63,success,,32879.19,qr_code
9300,358,2026-09-18 03:14:22,withdrawal,598.41,failed,insufficient_funds,50.78,web
9301,367,2026-09-18 03:26:58,p2p_transfer,3324.34,success,,8935.97,mobile_app
9302,301,2026-09-18 03:31:03,top_up,2522.67,success,,6134.55,web
9303,428,2026-09-18 04:38:59,p2p_transfer,11505.57,failed,insufficient_funds,9309.24,qr_code
9304,257,2026-09-18 05:18:22,top_up,2250.5,success,,16857.52,web
9305,380,2026-09-18 05:34:08,top_up,2415.97,success,,3320.55,agent
9306,91,2026-09-18 07:07:05,merchant_payment,694.68,success,,81602.37,qr_code
9307,367,2026-09-18 07:25:37,merchant_payment,714.14,success,,8221.83,qr_code
9308,404,2026-09-18 07:34:43,p2p_transfer,262.21,success,,75764.74,mobile_app
9309,51,2026-09-18 07:37:26,top_up,3864.99,success,,62335.8,mobile_app
9310,240,2026-09-18 08:10:25,merchant_payment,909.29,success,,19742.83,mobile_app
9311,433,2026-09-18 08:33:46,bill_payment,706.64,success,,66539.43,web
9312,115,2026-09-18 08:37:38,merchant_payment,6760.23,success,,81211.32,qr_code
9313,120,2026-09-18 09:01:21,top_up,1341.46,success,,220268.2,web
9314,104,2026-09-18 09:02:03,bill_payment,2367.01,success,,9738.0,qr_code
9315,187,2026-09-18 09:06:48,withdrawal,3687.29,success,,29493.91,web
9316,433,2026-09-18 09:21:43,merchant_payment,10534.84,success,,56004.59,web
9317,126,2026-09-18 09:26:47,merchant_payment,7895.19,success,,2684.66,agent
9318,61,2026-09-18 09:30:43,merchant_payment,5040.54,success,,106381.91,mobile_app
9319,333,2026-09-18 09:32:20,top_up,4054.0,success,,42902.97,agent
9320,208,2026-09-18 09:33:49,merchant_payment,1200.96,success,,111262.39,mobile_app
9321,418,2026-09-18 09:41:58,p2p_transfer,2891.3,failed,card_declined,8141.72,web
9322,119,2026-09-18 09:55:44,p2p_transfer,195.98,success,,107081.93,web
9323,158,2026-09-18 09:56:10,merchant_payment,828.91,success,,88101.28,agent
9324,92,2026-09-18 10:10:51,merchant_payment,526.68,success,,104231.17,mobile_app
9325,210,2026-09-18 10:11:12,top_up,1378.26,success,,61369.17,web
9326,475,2026-09-18 11:13:53,merchant_payment,3121.08,success,,11212.23,qr_code
9327,485,2026-09-18 11:26:13,p2p_transfer,3784.9,success,,57316.52,qr_code
9328,371,2026-09-18 11:58:44,p2p_transfer,3567.06,success,,2144.43,web
9329,479,2026-09-18 13:05:09,p2p_transfer,154.01,success,,192877.24,web
9330,333,2026-09-18 13:19:57,merchant_payment,354.19,success,,42548.78,qr_code
9331,329,2026-09-18 13:27:24,top_up,1587.02,success,,1757.69,web
9332,266,2026-09-18 13:41:12,top_up,1346.82,success,,42948.9,agent
9333,298,2026-09-18 14:00:23,top_up,593.39,success,,623.46,qr_code
9334,186,2026-09-18 15:49:45,p2p_transfer,1054.01,success,,138697.92,mobile_app
9335,373,2026-09-18 16:01:25,merchant_payment,645.02,success,,106693.56,mobile_app
9336,78,2026-09-18 16:15:36,merchant_payment,3164.02,success,,75073.38,agent
9337,393,2026-09-18 16:29:01,merchant_payment,1198.42,success,,38473.37,agent
9338,89,2026-09-18 16:43:21,withdrawal,751.13,success,,87342.46,agent
9339,273,2026-09-18 17:39:43,p2p_transfer,631.08,success,,37783.63,mobile_app
9340,425,2026-09-18 17:54:30,top_up,986.53,success,,190685.8,qr_code
9341,254,2026-09-18 18:28:25,p2p_transfer,1830.34,success,,59556.63,agent
9342,126,2026-09-18 19:08:57,merchant_payment,1990.01,success,,694.65,mobile_app
9343,407,2026-09-18 19:22:41,merchant_payment,7418.13,success,,53174.17,mobile_app
9344,201,2026-09-18 20:44:44,merchant_payment,394.73,success,,17623.25,agent
9345,211,2026-09-18 20:46:13,p2p_transfer,1388.19,success,,155226.07,mobile_app
9346,252,2026-09-18 20:48:49,top_up,1285.74,success,,224123.72,qr_code
9347,112,2026-09-18 20:49:35,p2p_transfer,580.81,success,,73790.96,mobile_app
9348,73,2026-09-18 20:53:25,bill_payment,1832.37,failed,insufficient_funds,212.89,agent
9349,164,2026-09-18 22:54:23,withdrawal,3240.99,success,,54083.86,qr_code
9350,407,2026-09-18 23:04:11,top_up,1200.19,success,,54374.36,qr_code
9351,498,2026-09-18 23:36:00,merchant_payment,5880.67,success,,45544.47,agent
9352,242,2026-09-18 23:54:01,bill_payment,3701.59,failed,suspected_fraud,12004.35,qr_code
9353,56,2026-09-19 00:19:17,top_up,247.34,success,,11413.31,web
9354,394,2026-09-19 00:32:17,withdrawal,249.12,success,,64336.51,web
9355,252,2026-09-19 01:26:59,p2p_transfer,592.55,success,,223531.17,web
9356,102,2026-09-19 01:49:31,bill_payment,585.23,success,,80887.87,web
9357,73,2026-09-19 02:02:20,withdrawal,578.39,failed,insufficient_funds,212.89,agent
9358,3,2026-09-19 03:16:06,merchant_payment,343.12,success,,1595.15,agent
9359,418,2026-09-19 05:04:09,bill_payment,1438.97,success,,6702.75,qr_code
9360,299,2026-09-19 05:17:39,top_up,2769.73,success,,26080.04,agent
9361,453,2026-09-19 07:21:57,withdrawal,738.96,success,,74418.64,qr_code
9362,392,2026-09-19 07:38:31,top_up,1771.76,success,,67939.97,agent
9363,176,2026-09-19 07:49:22,p2p_transfer,1648.24,success,,15608.02,agent
9364,87,2026-09-19 07:49:54,merchant_payment,6270.4,success,,160075.74,web
9365,291,2026-09-19 07:55:25,merchant_payment,894.9,success,,4953.04,mobile_app
9366,329,2026-09-19 07:58:02,top_up,2152.83,success,,3910.52,mobile_app
9367,493,2026-09-19 08:14:29,merchant_payment,2399.02,success,,166508.98,agent
9368,303,2026-09-19 08:32:52,withdrawal,669.63,success,,91438.18,qr_code
9369,403,2026-09-19 08:35:49,merchant_payment,366.58,success,,7087.38,web
9370,440,2026-09-19 08:36:24,top_up,3374.66,success,,223199.23,agent
9371,404,2026-09-19 09:15:07,bill_payment,1016.21,success,,74748.53,web
9372,319,2026-09-19 09:21:01,merchant_payment,292.56,success,,102603.49,web
9373,29,2026-09-19 09:28:49,p2p_transfer,9894.06,success,,39789.15,web
9374,8,2026-09-19 11:42:17,top_up,192.93,success,,9012.28,agent
9375,82,2026-09-19 12:00:46,merchant_payment,1528.66,success,,96983.64,mobile_app
9376,21,2026-09-19 12:24:36,top_up,360.5,success,,1558.38,qr_code
9377,407,2026-09-19 13:00:42,top_up,1357.7,failed,network_error,54374.36,mobile_app
9378,172,2026-09-19 13:16:46,bill_payment,672.59,success,,30349.93,mobile_app
9379,123,2026-09-19 13:19:56,merchant_payment,878.05,success,,229.44,web
9380,211,2026-09-19 13:56:07,merchant_payment,3841.77,success,,151384.3,agent
9381,491,2026-09-19 13:58:26,merchant_payment,21651.93,success,,90466.55,web
9382,411,2026-09-19 14:02:36,top_up,899.82,success,,84829.16,agent
9383,336,2026-09-19 14:02:59,top_up,1315.52,success,,282446.46,agent
9384,336,2026-09-19 14:37:28,bill_payment,1024.23,failed,network_error,282446.46,mobile_app
9385,12,2026-09-19 14:38:09,merchant_payment,1600.1,success,,2988.49,agent
9386,450,2026-09-19 15:15:15,top_up,7384.45,success,,90537.45,web
9387,454,2026-09-19 15:31:45,top_up,518.58,success,,36902.27,qr_code
9388,355,2026-09-19 15:33:50,withdrawal,850.95,success,,24975.76,qr_code
9389,263,2026-09-19 15:47:00,p2p_transfer,512.6,success,,46127.72,web
9390,4,2026-09-19 15:58:06,top_up,558.19,success,,18816.13,agent
9391,354,2026-09-19 16:00:48,p2p_transfer,1407.12,success,,98965.79,web
9392,55,2026-09-19 16:12:17,p2p_transfer,2927.39,success,,205714.48,web
9393,218,2026-09-19 16:27:45,top_up,15921.65,success,,78191.33,web
9394,314,2026-09-19 17:41:11,merchant_payment,308.27,success,,68560.84,agent
9395,392,2026-09-19 17:49:25,p2p_transfer,1442.13,success,,66497.84,web
9396,240,2026-09-19 17:59:02,merchant_payment,1749.98,success,,17992.85,agent
9397,175,2026-09-19 18:51:40,merchant_payment,1362.64,success,,34622.87,mobile_app
9398,491,2026-09-19 19:24:26,top_up,4170.98,success,,94637.53,qr_code
9399,8,2026-09-19 19:44:05,top_up,900.0,success,,9912.28,qr_code
9400,458,2026-09-19 19:47:08,merchant_payment,1660.61,success,,37808.22,mobile_app
9401,35,2026-09-19 19:48:40,withdrawal,573.93,success,,15086.17,qr_code
9402,201,2026-09-19 19:54:45,bill_payment,566.72,success,,17056.53,web
9403,493,2026-09-19 19:55:17,merchant_payment,1327.77,success,,165181.21,web
9404,145,2026-09-19 19:58:42,top_up,1651.68,success,,98961.63,qr_code
9405,498,2026-09-19 20:06:08,withdrawal,814.73,success,,44729.74,qr_code
9406,421,2026-09-19 20:41:38,bill_payment,2764.91,success,,194761.79,agent
9407,486,2026-09-19 20:42:01,withdrawal,145.72,success,,24389.37,mobile_app
9408,494,2026-09-19 20:55:14,bill_payment,1343.17,success,,27795.8,mobile_app
9409,434,2026-09-19 22:09:45,withdrawal,3071.78,failed,insufficient_funds,342.17,web
9410,201,2026-09-19 22:32:27,merchant_payment,1350.38,success,,15706.15,mobile_app
9411,135,2026-09-19 22:46:12,top_up,6578.67,success,,67772.92,qr_code
9412,254,2026-09-19 23:09:56,bill_payment,4346.34,success,,55210.29,agent
9413,231,2026-09-19 23:18:39,merchant_payment,3275.97,success,,11632.83,mobile_app
9414,389,2026-09-20 00:01:43,p2p_transfer,941.99,failed,insufficient_funds,205.6,mobile_app
9415,434,2026-09-20 00:01:56,withdrawal,4296.5,failed,insufficient_funds,342.17,agent
9416,299,2026-09-20 00:23:22,merchant_payment,760.03,success,,25320.01,qr_code
9417,403,2026-09-20 01:08:45,bill_payment,2582.75,failed,suspected_fraud,7087.38,qr_code
9418,266,2026-09-20 01:54:45,merchant_payment,348.03,success,,42600.87,agent
9419,301,2026-09-20 02:05:53,top_up,10151.78,success,,16286.33,mobile_app
9420,246,2026-09-20 02:31:39,bill_payment,441.23,success,,7743.16,mobile_app
9421,280,2026-09-20 03:10:29,withdrawal,231.86,success,,7953.74,mobile_app
9422,42,2026-09-20 05:14:01,withdrawal,704.63,success,,43938.37,agent
9423,50,2026-09-20 09:06:04,merchant_payment,720.53,success,,57584.24,mobile_app
9424,79,2026-09-20 09:07:09,p2p_transfer,346.05,failed,card_declined,33499.71,qr_code
9425,41,2026-09-20 09:53:58,merchant_payment,1803.24,success,,101788.05,mobile_app
9426,187,2026-09-20 10:23:48,merchant_payment,1688.86,success,,27805.05,web
9427,167,2026-09-20 10:41:51,merchant_payment,220.83,success,,5994.2,agent
9428,148,2026-09-20 11:06:22,top_up,387.6,success,,90314.51,mobile_app
9429,160,2026-09-20 11:29:32,p2p_transfer,880.17,success,,13483.04,qr_code
9430,40,2026-09-20 11:47:24,merchant_payment,524.15,success,,229025.27,qr_code
9431,310,2026-09-20 11:59:00,p2p_transfer,1076.43,success,,36488.23,agent
9432,311,2026-09-20 13:10:57,merchant_payment,878.03,success,,78488.72,agent
9433,20,2026-09-20 13:40:17,p2p_transfer,897.22,success,,32775.29,mobile_app
9434,460,2026-09-20 13:41:37,withdrawal,1961.67,success,,216799.68,qr_code
9435,450,2026-09-20 14:07:51,top_up,1206.54,success,,91743.99,web
9436,367,2026-09-20 14:20:36,withdrawal,10295.24,failed,insufficient_funds,8221.83,web
9437,86,2026-09-20 14:53:17,top_up,1513.54,success,,1655.7,web
9438,301,2026-09-20 14:54:32,p2p_transfer,1024.31,success,,15262.02,qr_code
9439,329,2026-09-20 15:26:11,merchant_payment,1923.34,success,,1987.18,web
9440,284,2026-09-20 15:35:24,top_up,2426.32,success,,114307.83,qr_code
9441,83,2026-09-20 15:50:49,bill_payment,15750.17,failed,insufficient_funds,432.01,mobile_app
9442,333,2026-09-20 16:01:20,merchant_payment,68.19,success,,42480.59,agent
9443,193,2026-09-20 16:06:05,p2p_transfer,1477.68,success,,193.31,web
9444,433,2026-09-20 16:08:01,merchant_payment,578.09,success,,55426.5,agent
9445,153,2026-09-20 17:04:28,withdrawal,2982.96,success,,27238.2,agent
9446,441,2026-09-20 18:57:27,top_up,1482.18,failed,suspected_fraud,21998.75,agent
9447,394,2026-09-20 19:38:39,merchant_payment,2358.55,success,,61977.96,agent
9448,291,2026-09-20 20:46:54,merchant_payment,921.21,success,,4031.83,web
9449,180,2026-09-20 21:04:35,top_up,3965.58,success,,82547.07,mobile_app
9450,300,2026-09-20 21:19:01,merchant_payment,2644.27,success,,127089.01,web
9451,418,2026-09-20 23:08:35,merchant_payment,2642.15,failed,card_declined,6702.75,qr_code
9452,316,2026-09-20 23:18:16,p2p_transfer,1704.83,success,,58521.67,agent
9453,482,2026-09-20 23:59:57,top_up,953.79,success,,32121.74,web
9454,56,2026-09-21 00:03:22,withdrawal,1260.94,success,,10152.37,mobile_app
9455,441,2026-09-21 00:41:49,merchant_payment,2052.35,success,,19946.4,agent
9456,168,2026-09-21 03:30:12,withdrawal,1092.2,success,,20429.15,mobile_app
9457,441,2026-09-21 03:34:31,bill_payment,2830.3,success,,17116.1,web
9458,168,2026-09-21 03:48:48,bill_payment,15348.79,success,,5080.36,agent
9459,491,2026-09-21 07:12:19,p2p_transfer,1601.18,success,,93036.35,web
9460,237,2026-09-21 07:15:34,top_up,978.9,success,,60384.85,qr_code
9461,411,2026-09-21 07:23:44,merchant_payment,1338.16,success,,83491.0,mobile_app
9462,249,2026-09-21 07:43:44,merchant_payment,302.32,success,,106604.7,qr_code
9463,30,2026-09-21 07:47:48,bill_payment,6357.16,success,,113802.43,qr_code
9464,352,2026-09-21 08:47:27,merchant_payment,1562.1,success,,39284.16,qr_code
9465,135,2026-09-21 09:18:52,merchant_payment,1181.97,success,,66590.95,mobile_app
9466,424,2026-09-21 09:21:37,p2p_transfer,6354.12,success,,47319.48,agent
9467,346,2026-09-21 09:47:35,merchant_payment,9546.39,failed,insufficient_funds,1666.05,web
9468,475,2026-09-21 09:58:45,p2p_transfer,2369.39,success,,8842.84,qr_code
9469,494,2026-09-21 10:43:50,p2p_transfer,2467.01,success,,25328.79,mobile_app
9470,168,2026-09-21 11:23:15,merchant_payment,584.84,success,,4495.52,mobile_app
9471,177,2026-09-21 11:28:58,p2p_transfer,1276.47,success,,104997.18,qr_code
9472,69,2026-09-21 11:32:35,p2p_transfer,427.89,success,,19855.84,qr_code
9473,407,2026-09-21 11:36:12,top_up,831.36,success,,55205.72,web
9474,28,2026-09-21 11:36:37,top_up,2364.99,success,,93796.06,qr_code
9475,112,2026-09-21 11:58:39,top_up,476.06,success,,74267.02,qr_code
9476,474,2026-09-21 13:19:24,merchant_payment,4011.75,success,,9845.86,agent
9477,435,2026-09-21 13:21:51,merchant_payment,1052.35,success,,13613.13,mobile_app
9478,403,2026-09-21 13:58:10,bill_payment,3600.33,failed,card_declined,7087.38,mobile_app
9479,442,2026-09-21 13:58:15,p2p_transfer,516.73,success,,106430.47,agent
9480,286,2026-09-21 14:54:46,top_up,5676.96,success,,5916.82,qr_code
9481,163,2026-09-21 15:08:19,bill_payment,745.23,failed,network_error,72461.85,web
9482,150,2026-09-21 15:20:07,p2p_transfer,379.13,success,,64113.45,agent
9483,177,2026-09-21 15:25:59,merchant_payment,312.87,success,,104684.31,qr_code
9484,125,2026-09-21 16:04:01,top_up,2342.74,success,,114735.26,mobile_app
9485,72,2026-09-21 16:57:51,withdrawal,2229.66,success,,39921.58,agent
9486,94,2026-09-21 17:03:20,merchant_payment,2038.25,success,,63076.06,mobile_app
9487,155,2026-09-21 17:29:23,bill_payment,872.5,success,,34399.67,qr_code
9488,74,2026-09-21 18:11:45,bill_payment,195.38,success,,48360.49,qr_code
9489,208,2026-09-21 18:33:58,merchant_payment,1036.87,success,,110225.52,web
9490,344,2026-09-21 19:25:44,p2p_transfer,1472.38,success,,74865.24,web
9491,421,2026-09-21 19:33:14,top_up,3604.13,success,,198365.92,web
9492,97,2026-09-21 19:33:18,merchant_payment,2508.03,success,,89710.06,qr_code
9493,320,2026-09-21 20:48:22,p2p_transfer,7831.31,success,,3350.53,mobile_app
9494,153,2026-09-21 22:09:03,p2p_transfer,665.96,success,,26572.24,mobile_app
9495,440,2026-09-21 22:12:46,merchant_payment,2017.12,success,,221182.11,mobile_app
9496,429,2026-09-21 22:15:42,top_up,1577.58,success,,28552.79,web
9497,394,2026-09-21 22:20:23,merchant_payment,854.92,success,,61123.04,qr_code
9498,479,2026-09-21 22:21:26,p2p_transfer,3017.04,success,,189860.2,mobile_app
9499,128,2026-09-21 22:25:45,top_up,1535.97,success,,21059.41,web
9500,61,2026-09-21 22:27:21,p2p_transfer,6534.86,success,,99847.05,mobile_app
9501,114,2026-09-21 22:52:25,merchant_payment,2129.43,success,,101998.35,web
9502,492,2026-09-21 23:04:00,top_up,1958.4,success,,109546.87,agent
9503,433,2026-09-22 00:42:28,p2p_transfer,1752.26,success,,53674.24,qr_code
9504,53,2026-09-22 02:13:01,merchant_payment,1419.36,success,,10486.54,qr_code
9505,7,2026-09-22 02:43:47,merchant_payment,466.26,success,,5611.48,qr_code
9506,88,2026-09-22 04:12:02,merchant_payment,6712.19,success,,99221.36,web
9507,298,2026-09-22 04:19:24,bill_payment,969.78,failed,insufficient_funds,623.46,qr_code
9508,451,2026-09-22 04:35:50,merchant_payment,766.12,success,,2422.64,qr_code
9509,47,2026-09-22 07:08:17,merchant_payment,736.32,success,,7129.82,qr_code
9510,269,2026-09-22 07:25:22,bill_payment,595.15,success,,25576.94,mobile_app
9511,448,2026-09-22 07:32:57,top_up,6720.96,success,,55231.28,agent
9512,308,2026-09-22 08:14:52,bill_payment,281.97,success,,251707.13,qr_code
9513,167,2026-09-22 08:57:37,p2p_transfer,18186.71,failed,insufficient_funds,5994.2,mobile_app
9514,45,2026-09-22 09:36:00,p2p_transfer,28.93,success,,1358.87,mobile_app
9515,11,2026-09-22 10:34:55,top_up,812.83,success,,136223.28,mobile_app
9516,145,2026-09-22 10:34:56,withdrawal,1415.28,success,,97546.35,mobile_app
9517,174,2026-09-22 10:46:43,top_up,3919.22,success,,30990.57,qr_code
9518,309,2026-09-22 11:36:45,bill_payment,840.82,success,,54547.71,qr_code
9519,87,2026-09-22 11:44:55,p2p_transfer,11214.21,success,,148861.53,web
9520,29,2026-09-22 13:17:33,merchant_payment,96.0,success,,39693.15,qr_code
9521,244,2026-09-22 14:09:30,bill_payment,2995.72,success,,51353.67,qr_code
9522,403,2026-09-22 14:44:25,p2p_transfer,2577.52,success,,4509.86,web
9523,75,2026-09-22 15:20:20,merchant_payment,393.96,success,,21546.54,mobile_app
9524,434,2026-09-22 16:02:48,merchant_payment,1452.12,failed,insufficient_funds,342.17,qr_code
9525,374,2026-09-22 16:08:37,top_up,1578.77,success,,63314.79,qr_code
9526,251,2026-09-22 16:40:58,p2p_transfer,4173.06,success,,168357.51,agent
9527,441,2026-09-22 17:17:59,top_up,11749.3,success,,28865.4,agent
9528,167,2026-09-22 17:51:26,bill_payment,6078.04,failed,insufficient_funds,5994.2,qr_code
9529,417,2026-09-22 17:58:17,bill_payment,434.26,success,,20265.19,agent
9530,440,2026-09-22 18:34:30,bill_payment,1359.81,success,,219822.3,web
9531,311,2026-09-22 18:36:57,merchant_payment,891.45,success,,77597.27,mobile_app
9532,192,2026-09-22 18:47:28,merchant_payment,414.38,success,,61954.76,agent
9533,275,2026-09-22 19:07:18,bill_payment,1679.18,success,,143538.38,qr_code
9534,408,2026-09-22 19:26:35,p2p_transfer,362.1,success,,28264.85,agent
9535,21,2026-09-22 19:30:17,bill_payment,329.88,success,,1228.5,qr_code
9536,125,2026-09-22 20:14:20,merchant_payment,527.73,success,,114207.53,web
9537,334,2026-09-22 21:15:39,bill_payment,3318.62,failed,insufficient_funds,192.43,mobile_app
9538,31,2026-09-22 21:45:18,p2p_transfer,1671.22,success,,191098.28,qr_code
9539,111,2026-09-22 22:36:15,merchant_payment,2930.71,failed,card_declined,51494.01,agent
9540,232,2026-09-22 23:09:29,bill_payment,1966.96,success,,23076.03,agent
9541,495,2026-09-22 23:37:35,p2p_transfer,5876.03,failed,limit_exceeded,16579.3,qr_code
9542,411,2026-09-23 00:33:14,merchant_payment,3765.25,success,,79725.75,mobile_app
9543,403,2026-09-23 00:38:48,merchant_payment,3865.29,success,,644.57,agent
9544,434,2026-09-23 01:40:57,top_up,12707.73,success,,13049.9,qr_code
9545,185,2026-09-23 02:13:00,bill_payment,1023.7,success,,44866.73,mobile_app
9546,105,2026-09-23 02:33:34,p2p_transfer,675.83,failed,card_declined,7214.66,web
9547,434,2026-09-23 04:17:34,p2p_transfer,5554.96,success,,7494.94,web
9548,334,2026-09-23 04:47:12,merchant_payment,8624.99,failed,insufficient_funds,192.43,web
9549,334,2026-09-23 04:48:13,withdrawal,583.03,failed,insufficient_funds,192.43,mobile_app
9550,237,2026-09-23 05:25:57,p2p_transfer,354.56,success,,60030.29,web
9551,291,2026-09-23 05:26:20,top_up,9915.06,success,,13946.89,web
9552,83,2026-09-23 05:29:09,merchant_payment,1601.4,failed,insufficient_funds,432.01,web
9553,333,2026-09-23 05:37:07,p2p_transfer,2416.86,success,,40063.73,web
9554,267,2026-09-23 07:52:05,p2p_transfer,322.93,success,,75777.88,agent
9555,337,2026-09-23 07:57:50,p2p_transfer,2649.74,success,,32670.17,mobile_app
9556,412,2026-09-23 08:58:26,withdrawal,642.62,success,,101065.75,mobile_app
9557,318,2026-09-23 09:10:29,merchant_payment,407.44,success,,5585.69,mobile_app
9558,154,2026-09-23 09:14:20,merchant_payment,918.76,success,,108706.26,mobile_app
9559,136,2026-09-23 09:17:28,p2p_transfer,1815.89,success,,116549.22,agent
9560,51,2026-09-23 09:29:01,p2p_transfer,1568.01,success,,60767.79,qr_code
9561,201,2026-09-23 09:34:04,merchant_payment,1689.25,success,,14016.9,web
9562,86,2026-09-23 09:38:03,p2p_transfer,3531.73,failed,insufficient_funds,1655.7,agent
9563,67,2026-09-23 09:55:21,top_up,1162.67,success,,109047.67,qr_code
9564,117,2026-09-23 10:32:51,withdrawal,3463.38,success,,3257.51,mobile_app
9565,189,2026-09-23 10:35:15,p2p_transfer,5412.84,success,,23726.42,agent
9566,329,2026-09-23 11:22:01,top_up,4079.33,success,,6066.51,agent
9567,479,2026-09-23 11:25:34,bill_payment,4962.17,success,,184898.03,agent
9568,344,2026-09-23 11:48:42,merchant_payment,851.22,success,,74014.02,web
9569,148,2026-09-23 11:59:02,withdrawal,7764.84,success,,82549.67,agent
9570,50,2026-09-23 12:03:02,withdrawal,847.73,success,,56736.51,agent
9571,87,2026-09-23 12:25:48,withdrawal,873.18,success,,147988.35,agent
9572,487,2026-09-23 12:47:01,merchant_payment,446.45,success,,13061.93,mobile_app
9573,446,2026-09-23 12:49:42,withdrawal,2375.15,success,,143480.44,mobile_app
9574,491,2026-09-23 13:33:17,bill_payment,4106.66,success,,88929.69,agent
9575,400,2026-09-23 13:48:22,top_up,2548.51,success,,80390.85,agent
9576,50,2026-09-23 13:58:58,p2p_transfer,469.53,success,,56266.98,agent
9577,411,2026-09-23 14:53:24,merchant_payment,7553.64,success,,72172.11,qr_code
9578,108,2026-09-23 15:29:48,top_up,595.68,success,,77720.42,mobile_app
9579,242,2026-09-23 16:08:16,top_up,188.67,success,,12193.02,mobile_app
9580,355,2026-09-23 16:08:24,merchant_payment,1555.22,success,,23420.54,qr_code
9581,29,2026-09-23 16:31:33,bill_payment,1004.5,success,,38688.65,agent
9582,171,2026-09-23 16:52:45,bill_payment,947.94,success,,12319.51,mobile_app
9583,273,2026-09-23 17:30:49,bill_payment,2561.5,success,,35222.13,mobile_app
9584,407,2026-09-23 17:36:32,p2p_transfer,955.14,success,,54250.58,web
9585,20,2026-09-23 18:01:50,top_up,4721.89,success,,37497.18,web
9586,211,2026-09-23 18:30:44,top_up,314.48,success,,151698.78,web
9587,163,2026-09-23 18:48:08,p2p_transfer,2156.37,success,,70305.48,mobile_app
9588,440,2026-09-23 18:51:32,bill_payment,3778.96,success,,216043.34,qr_code
9589,477,2026-09-23 19:00:29,p2p_transfer,170.03,success,,69061.34,mobile_app
9590,461,2026-09-23 19:04:34,p2p_transfer,663.92,success,,61713.42,web
9591,448,2026-09-23 19:22:29,bill_payment,917.06,success,,54314.22,agent
9592,358,2026-09-23 19:32:58,p2p_transfer,5182.05,failed,insufficient_funds,50.78,web
9593,168,2026-09-23 20:11:08,top_up,1450.24,success,,5945.76,web
9594,421,2026-09-23 20:20:48,merchant_payment,970.84,success,,197395.08,web
9595,201,2026-09-23 21:24:18,withdrawal,47595.04,failed,insufficient_funds,14016.9,mobile_app
9596,241,2026-09-23 21:51:39,bill_payment,3074.08,success,,5884.73,qr_code
9597,116,2026-09-23 21:53:15,merchant_payment,1765.61,success,,36472.23,web
9598,92,2026-09-23 22:09:30,p2p_transfer,780.55,success,,103450.62,mobile_app
9599,491,2026-09-23 22:09:57,merchant_payment,2333.16,success,,86596.53,qr_code
9600,188,2026-09-23 22:11:28,p2p_transfer,1122.53,success,,12661.41,mobile_app
9601,444,2026-09-23 22:41:54,bill_payment,1346.97,success,,957.34,mobile_app
9602,258,2026-09-23 22:55:22,merchant_payment,1079.53,success,,20188.65,qr_code
9603,298,2026-09-23 23:22:58,bill_payment,234.92,success,,388.54,qr_code
9604,257,2026-09-24 00:09:19,merchant_payment,3312.57,success,,13544.95,qr_code
9605,493,2026-09-24 00:13:00,top_up,1953.44,success,,167134.65,web
9606,246,2026-09-24 02:27:58,merchant_payment,3466.97,success,,4276.19,qr_code
9607,179,2026-09-24 04:52:33,merchant_payment,474.26,success,,3073.78,web
9608,434,2026-09-24 05:03:36,top_up,941.33,success,,8436.27,web
9609,367,2026-09-24 05:35:19,top_up,11137.79,success,,19359.62,mobile_app
9610,299,2026-09-24 05:54:34,withdrawal,3298.99,success,,22021.02,mobile_app
9611,236,2026-09-24 07:28:45,top_up,960.16,failed,suspected_fraud,36624.29,mobile_app
9612,208,2026-09-24 07:40:24,merchant_payment,578.38,success,,109647.14,agent
9613,65,2026-09-24 07:51:32,merchant_payment,3192.66,success,,131510.45,qr_code
9614,134,2026-09-24 08:00:51,bill_payment,797.17,success,,37044.21,agent
9615,166,2026-09-24 08:18:51,merchant_payment,920.92,success,,49161.34,agent
9616,319,2026-09-24 08:26:56,p2p_transfer,1660.89,success,,100942.6,qr_code
9617,295,2026-09-24 08:40:45,p2p_transfer,1804.17,success,,1752.45,mobile_app
9618,498,2026-09-24 09:02:03,top_up,1263.95,success,,45993.69,mobile_app
9619,333,2026-09-24 09:59:12,p2p_transfer,2067.91,success,,37995.82,agent
9620,375,2026-09-24 10:19:33,withdrawal,930.92,success,,56876.48,web
9621,86,2026-09-24 10:35:53,merchant_payment,1072.95,success,,582.75,web
9622,318,2026-09-24 10:44:41,merchant_payment,1043.97,success,,4541.72,mobile_app
9623,440,2026-09-24 10:46:42,p2p_transfer,453.4,success,,215589.94,qr_code
9624,164,2026-09-24 12:29:25,merchant_payment,1362.23,success,,52721.63,mobile_app
9625,448,2026-09-24 13:12:46,merchant_payment,1679.88,success,,52634.34,mobile_app
9626,331,2026-09-24 13:23:20,merchant_payment,1769.07,success,,103313.69,agent
9627,92,2026-09-24 13:27:32,bill_payment,2174.19,success,,101276.43,mobile_app
9628,437,2026-09-24 13:47:43,bill_payment,523.43,success,,96074.77,agent
9629,401,2026-09-24 14:00:41,p2p_transfer,570.68,success,,80542.64,mobile_app
9630,439,2026-09-24 14:04:49,top_up,19976.66,success,,280624.76,qr_code
9631,103,2026-09-24 14:31:01,bill_payment,537.93,success,,30317.26,agent
9632,279,2026-09-24 14:36:33,bill_payment,2795.96,success,,3261.03,qr_code
9633,390,2026-09-24 14:54:03,p2p_transfer,7056.46,failed,card_declined,13306.39,mobile_app
9634,380,2026-09-24 14:56:07,merchant_payment,1594.51,success,,1726.04,qr_code
9635,251,2026-09-24 15:47:29,merchant_payment,302.19,success,,168055.32,mobile_app
9636,171,2026-09-24 15:53:14,withdrawal,4811.62,success,,7507.89,web
9637,289,2026-09-24 16:02:33,bill_payment,2526.57,success,,58486.34,web
9638,53,2026-09-24 16:06:55,merchant_payment,1610.66,success,,8875.88,qr_code
9639,325,2026-09-24 16:20:36,withdrawal,305.07,success,,3044.17,web
9640,342,2026-09-24 16:29:11,top_up,2109.39,success,,20789.24,mobile_app
9641,336,2026-09-24 17:15:48,p2p_transfer,3053.77,success,,279392.69,qr_code
9642,495,2026-09-24 17:46:20,p2p_transfer,4621.09,success,,11958.21,qr_code
9643,483,2026-09-24 17:53:52,bill_payment,2903.88,success,,7925.46,agent
9644,467,2026-09-24 18:20:54,top_up,1167.04,success,,290241.36,mobile_app
9645,475,2026-09-24 19:34:46,top_up,705.68,success,,9548.52,agent
9646,359,2026-09-24 19:51:08,withdrawal,222.64,success,,40607.64,agent
9647,20,2026-09-24 19:56:00,withdrawal,3372.01,success,,34125.17,agent
9648,246,2026-09-24 20:41:26,bill_payment,7149.26,failed,insufficient_funds,4276.19,web
9649,118,2026-09-24 20:54:45,merchant_payment,9471.8,success,,74187.46,web
9650,479,2026-09-24 21:08:50,merchant_payment,677.79,success,,184220.24,mobile_app
9651,451,2026-09-24 21:48:08,top_up,2287.52,success,,4710.16,web
9652,73,2026-09-24 21:49:51,merchant_payment,831.76,failed,insufficient_funds,212.89,mobile_app
9653,443,2026-09-24 21:58:43,top_up,1183.89,success,,145295.76,agent
9654,64,2026-09-24 22:07:55,merchant_payment,6026.89,success,,14838.77,web
9655,211,2026-09-24 22:55:44,merchant_payment,3856.53,success,,147842.25,mobile_app
9656,10,2026-09-24 22:55:48,p2p_transfer,165.68,success,,38324.46,mobile_app
9657,313,2026-09-24 22:59:06,top_up,395.46,success,,43152.95,web
9658,478,2026-09-24 23:01:15,merchant_payment,7730.38,success,,73338.72,qr_code
9659,325,2026-09-24 23:15:48,p2p_transfer,575.9,success,,2468.27,mobile_app
9660,116,2026-09-24 23:41:55,bill_payment,1571.95,success,,34900.28,qr_code
9661,358,2026-09-25 01:21:31,p2p_transfer,2287.94,failed,insufficient_funds,50.78,agent
9662,21,2026-09-25 01:28:45,p2p_transfer,826.16,success,,402.34,agent
9663,92,2026-09-25 01:40:06,bill_payment,206.23,success,,101070.2,agent
9664,45,2026-09-25 02:17:58,withdrawal,2140.07,failed,insufficient_funds,1358.87,mobile_app
9665,453,2026-09-25 05:03:17,bill_payment,739.39,success,,73679.25,qr_code
9666,166,2026-09-25 05:14:29,p2p_transfer,222.37,success,,48938.97,agent
9667,262,2026-09-25 05:59:32,withdrawal,7013.09,success,,25866.1,agent
9668,114,2026-09-25 07:35:47,top_up,1720.26,success,,103718.61,mobile_app
9669,76,2026-09-25 08:46:20,p2p_transfer,591.33,success,,67340.36,qr_code
9670,110,2026-09-25 08:47:10,top_up,695.28,success,,18266.49,agent
9671,493,2026-09-25 09:43:28,merchant_payment,5903.68,success,,161230.97,qr_code
9672,371,2026-09-25 09:53:13,merchant_payment,2171.72,failed,insufficient_funds,2144.43,web
9673,366,2026-09-25 10:30:19,top_up,5590.46,success,,94968.17,agent
9674,25,2026-09-25 10:38:24,p2p_transfer,1696.35,success,,28496.11,agent
9675,188,2026-09-25 11:03:09,top_up,1082.48,success,,13743.89,qr_code
9676,498,2026-09-25 11:06:29,merchant_payment,1238.27,failed,card_declined,45993.69,web
9677,366,2026-09-25 11:24:55,merchant_payment,445.69,success,,94522.48,qr_code
9678,122,2026-09-25 11:36:39,bill_payment,4278.29,success,,92711.74,mobile_app
9679,195,2026-09-25 11:44:24,p2p_transfer,879.22,success,,123281.69,web
9680,367,2026-09-25 13:02:33,top_up,3437.76,success,,22797.38,mobile_app
9681,25,2026-09-25 13:54:28,merchant_payment,11353.21,success,,17142.9,agent
9682,464,2026-09-25 13:57:04,top_up,336.74,success,,53667.44,agent
9683,156,2026-09-25 14:06:58,p2p_transfer,2671.55,success,,220694.43,mobile_app
9684,487,2026-09-25 15:00:24,merchant_payment,4740.0,success,,8321.93,mobile_app
9685,135,2026-09-25 15:13:08,merchant_payment,627.37,success,,65963.58,web
9686,98,2026-09-25 15:16:07,top_up,366.21,success,,18148.35,agent
9687,183,2026-09-25 15:28:30,withdrawal,4127.23,success,,14531.75,qr_code
9688,429,2026-09-25 15:35:56,withdrawal,1645.03,success,,26907.76,web
9689,102,2026-09-25 15:52:57,p2p_transfer,423.72,success,,80464.15,web
9690,440,2026-09-25 16:16:58,bill_payment,1641.8,success,,213948.14,agent
9691,298,2026-09-25 16:47:42,top_up,4932.18,success,,5320.72,web
9692,186,2026-09-25 16:53:29,withdrawal,771.13,success,,137926.79,web
9693,55,2026-09-25 17:41:55,withdrawal,470.79,success,,205243.69,mobile_app
9694,173,2026-09-25 17:58:40,p2p_transfer,1180.44,success,,86614.12,mobile_app
9695,21,2026-09-25 18:18:10,merchant_payment,1709.94,failed,insufficient_funds,402.34,mobile_app
9696,303,2026-09-25 18:51:00,top_up,1350.46,success,,92788.64,agent
9697,440,2026-09-25 19:16:36,merchant_payment,2169.56,success,,211778.58,web
9698,380,2026-09-25 19:30:49,top_up,6699.66,success,,8425.7,mobile_app
9699,44,2026-09-25 19:34:58,top_up,3139.07,success,,47231.6,agent
9700,266,2026-09-25 19:50:47,withdrawal,2323.17,success,,40277.7,qr_code
9701,433,2026-09-25 19:52:50,merchant_payment,9338.87,success,,44335.37,mobile_app
9702,422,2026-09-25 20:49:01,merchant_payment,1072.89,success,,27295.66,web
9703,344,2026-09-25 21:42:47,bill_payment,838.14,success,,73175.88,web
9704,271,2026-09-25 22:08:47,withdrawal,1128.96,success,,65199.62,agent
9705,287,2026-09-25 22:59:53,top_up,814.3,success,,114110.15,agent
9706,486,2026-09-25 23:02:07,top_up,2859.92,success,,27249.29,agent
9707,271,2026-09-25 23:40:47,top_up,831.22,success,,66030.84,mobile_app
9708,14,2026-09-26 00:16:43,merchant_payment,13643.93,failed,insufficient_funds,153.69,mobile_app
9709,291,2026-09-26 02:14:03,bill_payment,3661.11,success,,10285.78,mobile_app
9710,403,2026-09-26 02:28:45,p2p_transfer,2345.3,failed,insufficient_funds,644.57,agent
9711,441,2026-09-26 03:45:19,p2p_transfer,1593.98,success,,27271.42,qr_code
9712,252,2026-09-26 05:18:48,merchant_payment,4219.47,success,,219311.7,mobile_app
9713,478,2026-09-26 07:12:18,bill_payment,1686.63,success,,71652.09,agent
9714,152,2026-09-26 07:13:41,merchant_payment,767.63,success,,18234.79,agent
9715,451,2026-09-26 07:36:48,top_up,3060.96,success,,7771.12,mobile_app
9716,344,2026-09-26 09:29:53,top_up,689.38,success,,73865.26,qr_code
9717,438,2026-09-26 09:36:36,bill_payment,5806.91,success,,83950.78,qr_code
9718,106,2026-09-26 09:40:20,merchant_payment,2121.24,success,,188988.25,mobile_app
9719,244,2026-09-26 09:46:08,merchant_payment,3640.58,success,,47713.09,qr_code
9720,310,2026-09-26 09:51:34,merchant_payment,1314.08,success,,35174.15,web
9721,187,2026-09-26 09:57:16,p2p_transfer,990.4,success,,26814.65,qr_code
9722,412,2026-09-26 10:06:27,top_up,584.21,success,,101649.96,web
9723,183,2026-09-26 10:19:15,p2p_transfer,249.93,success,,14281.82,web
9724,194,2026-09-26 10:19:59,bill_payment,344.32,success,,18172.99,web
9725,255,2026-09-26 10:21:14,top_up,348.91,success,,43699.03,web
9726,477,2026-09-26 11:43:47,bill_payment,2666.59,success,,66394.75,agent
9727,467,2026-09-26 12:18:39,merchant_payment,3732.49,success,,286508.87,mobile_app
9728,172,2026-09-26 12:23:24,top_up,1229.57,success,,31579.5,mobile_app
9729,360,2026-09-26 12:56:36,top_up,1996.59,success,,111828.2,qr_code
9730,279,2026-09-26 13:44:17,p2p_transfer,9079.12,failed,insufficient_funds,3261.03,web
9731,375,2026-09-26 14:13:41,top_up,1322.1,success,,58198.58,mobile_app
9732,315,2026-09-26 14:25:17,top_up,922.75,success,,19427.28,mobile_app
9733,126,2026-09-26 15:09:57,p2p_transfer,588.06,success,,106.59,web
9734,19,2026-09-26 15:11:31,withdrawal,362.44,success,,41116.68,mobile_app
9735,116,2026-09-26 15:22:17,top_up,6983.34,success,,41883.62,web
9736,86,2026-09-26 15:30:38,bill_payment,4625.39,failed,insufficient_funds,582.75,web
9737,30,2026-09-26 15:48:06,withdrawal,785.94,success,,113016.49,mobile_app
9738,20,2026-09-26 15:49:10,merchant_payment,758.58,success,,33366.59,agent
9739,450,2026-09-26 16:03:07,p2p_transfer,2430.45,success,,89313.54,qr_code
9740,379,2026-09-26 16:27:39,top_up,2964.08,success,,116096.18,qr_code
9741,210,2026-09-26 16:29:21,p2p_transfer,5655.75,success,,55713.42,agent
9742,111,2026-09-26 16:51:04,top_up,3303.58,success,,54797.59,qr_code
9743,281,2026-09-26 17:03:45,p2p_transfer,1177.06,success,,31415.65,mobile_app
9744,319,2026-09-26 17:29:23,p2p_transfer,397.99,success,,100544.61,mobile_app
9745,434,2026-09-26 17:32:38,bill_payment,2107.15,success,,6329.12,qr_code
9746,194,2026-09-26 17:44:48,merchant_payment,16569.87,success,,1603.12,mobile_app
9747,478,2026-09-26 17:53:41,merchant_payment,1104.98,success,,70547.11,qr_code
9748,394,2026-09-26 18:39:59,merchant_payment,14698.43,success,,46424.61,web
9749,445,2026-09-26 19:08:47,merchant_payment,829.43,success,,89775.38,mobile_app
9750,13,2026-09-26 19:10:18,p2p_transfer,813.83,success,,23911.96,web
9751,42,2026-09-26 19:23:30,p2p_transfer,1861.21,success,,42077.16,mobile_app
9752,355,2026-09-26 19:24:34,merchant_payment,2900.66,success,,20519.88,qr_code
9753,291,2026-09-26 19:34:37,bill_payment,1638.19,success,,8647.59,mobile_app
9754,351,2026-09-26 19:41:19,merchant_payment,7186.11,success,,165055.1,web
9755,220,2026-09-26 20:21:26,p2p_transfer,1366.42,success,,38164.93,mobile_app
9756,460,2026-09-26 21:04:48,withdrawal,6670.04,success,,210129.64,web
9757,301,2026-09-26 22:18:23,merchant_payment,462.34,success,,14799.68,web
9758,451,2026-09-26 23:14:02,bill_payment,413.08,failed,network_error,7771.12,agent
9759,167,2026-09-27 00:22:35,withdrawal,19150.14,failed,insufficient_funds,5994.2,agent
9760,179,2026-09-27 00:51:21,bill_payment,1658.93,success,,1414.85,web
9761,207,2026-09-27 03:16:50,top_up,1758.86,success,,67947.47,web
9762,14,2026-09-27 03:27:46,merchant_payment,2540.22,failed,insufficient_funds,153.69,agent
9763,411,2026-09-27 04:34:20,merchant_payment,771.68,success,,71400.43,qr_code
9764,42,2026-09-27 04:58:12,merchant_payment,10896.85,success,,31180.31,qr_code
9765,283,2026-09-27 05:40:10,top_up,1436.05,success,,81754.41,agent
9766,25,2026-09-27 05:49:11,bill_payment,14907.53,success,,2235.37,mobile_app
9767,271,2026-09-27 07:05:19,withdrawal,272.52,success,,65758.32,qr_code
9768,294,2026-09-27 07:17:33,top_up,3106.99,success,,66700.49,mobile_app
9769,198,2026-09-27 07:24:32,withdrawal,8105.33,success,,4093.88,mobile_app
9770,403,2026-09-27 07:28:57,merchant_payment,4986.74,failed,insufficient_funds,644.57,web
9771,355,2026-09-27 07:37:46,top_up,1193.3,success,,21713.18,agent
9772,168,2026-09-27 07:46:22,top_up,710.72,success,,6656.48,web
9773,86,2026-09-27 08:26:32,top_up,1163.76,failed,suspected_fraud,582.75,qr_code
9774,485,2026-09-27 08:31:14,top_up,271.57,success,,57588.09,mobile_app
9775,477,2026-09-27 08:35:13,merchant_payment,4116.89,success,,62277.86,web
9776,348,2026-09-27 08:35:20,p2p_transfer,274.52,success,,19659.89,agent
9777,275,2026-09-27 09:08:43,withdrawal,8041.58,success,,135496.8,web
9778,428,2026-09-27 09:18:42,p2p_transfer,3848.49,success,,5460.75,agent
9779,344,2026-09-27 10:42:20,withdrawal,1934.74,success,,71930.52,qr_code
9780,246,2026-09-27 10:45:01,p2p_transfer,1616.81,success,,2659.38,agent
9781,390,2026-09-27 10:52:38,p2p_transfer,1466.37,success,,11840.02,agent
9782,189,2026-09-27 11:09:06,top_up,12249.33,success,,35975.75,agent
9783,23,2026-09-27 11:25:33,top_up,524.5,success,,6918.48,mobile_app
9784,491,2026-09-27 11:25:36,merchant_payment,1377.32,success,,85219.21,qr_code
9785,269,2026-09-27 11:51:07,bill_payment,1982.77,success,,23594.17,qr_code
9786,310,2026-09-27 12:40:40,withdrawal,1530.32,success,,33643.83,mobile_app
9787,109,2026-09-27 13:04:34,top_up,12924.06,success,,79807.19,mobile_app
9788,282,2026-09-27 13:16:38,top_up,701.73,success,,122378.74,agent
9789,172,2026-09-27 13:27:28,merchant_payment,283.2,success,,31296.3,agent
9790,443,2026-09-27 13:43:42,top_up,3337.31,success,,148633.07,agent
9791,136,2026-09-27 13:54:10,merchant_payment,1459.43,success,,115089.79,qr_code
9792,433,2026-09-27 14:09:26,merchant_payment,3251.24,success,,41084.13,mobile_app
9793,446,2026-09-27 14:29:04,merchant_payment,388.93,success,,143091.51,web
9794,189,2026-09-27 14:35:05,merchant_payment,2503.86,success,,33471.89,web
9795,156,2026-09-27 14:40:31,top_up,3395.49,success,,224089.92,web
9796,313,2026-09-27 14:57:36,withdrawal,527.93,success,,42625.02,agent
9797,245,2026-09-27 15:13:00,top_up,10339.25,success,,262574.79,mobile_app
9798,95,2026-09-27 15:27:41,top_up,7604.1,success,,100942.81,web
9799,167,2026-09-27 15:30:06,merchant_payment,5703.39,success,,290.81,mobile_app
9800,194,2026-09-27 15:55:32,p2p_transfer,1413.62,success,,189.5,qr_code
9801,411,2026-09-27 16:08:11,merchant_payment,1591.9,success,,69808.53,mobile_app
9802,298,2026-09-27 16:31:58,bill_payment,1195.4,success,,4125.32,qr_code
9803,180,2026-09-27 16:34:53,merchant_payment,1790.39,success,,80756.68,agent
9804,166,2026-09-27 16:59:32,top_up,438.72,success,,49377.69,agent
9805,134,2026-09-27 17:10:09,withdrawal,792.84,success,,36251.37,mobile_app
9806,67,2026-09-27 17:20:26,p2p_transfer,757.86,success,,108289.81,mobile_app
9807,35,2026-09-27 17:49:16,bill_payment,3699.92,success,,11386.25,web
9808,175,2026-09-27 18:13:22,merchant_payment,4799.01,success,,29823.86,mobile_app
9809,478,2026-09-27 18:55:46,top_up,5471.33,success,,76018.44,mobile_app
9810,189,2026-09-27 19:03:28,merchant_payment,361.74,success,,33110.15,qr_code
9811,446,2026-09-27 19:13:00,bill_payment,7126.63,failed,limit_exceeded,143091.51,web
9812,180,2026-09-27 19:33:07,bill_payment,5897.31,success,,74859.37,web
9813,94,2026-09-27 19:39:33,merchant_payment,677.34,success,,62398.72,web
9814,102,2026-09-27 20:08:19,p2p_transfer,1410.21,success,,79053.94,web
9815,446,2026-09-27 20:14:50,bill_payment,353.13,success,,142738.38,mobile_app
9816,192,2026-09-27 20:45:44,top_up,382.16,success,,62336.92,web
9817,478,2026-09-27 20:50:57,top_up,1889.63,success,,77908.07,agent
9818,159,2026-09-27 21:05:44,top_up,1428.42,success,,182080.99,mobile_app
9819,314,2026-09-27 21:24:21,p2p_transfer,1983.13,success,,66577.71,qr_code
9820,483,2026-09-27 21:35:19,p2p_transfer,306.21,success,,7619.25,mobile_app
9821,433,2026-09-27 22:38:31,p2p_transfer,2187.27,success,,38896.86,agent
9822,309,2026-09-27 22:44:37,merchant_payment,844.28,failed,network_error,54547.71,web
9823,42,2026-09-27 23:14:23,top_up,6704.7,success,,37885.01,agent
9824,252,2026-09-28 02:15:42,p2p_transfer,1436.14,success,,217875.56,mobile_app
9825,408,2026-09-28 03:59:07,merchant_payment,483.78,success,,27781.07,qr_code
9826,50,2026-09-28 04:29:22,p2p_transfer,3076.57,success,,53190.41,agent
9827,168,2026-09-28 04:54:55,merchant_payment,740.47,failed,limit_exceeded,6656.48,qr_code
9828,352,2026-09-28 05:02:02,p2p_transfer,1196.78,success,,38087.38,qr_code
9829,334,2026-09-28 07:26:21,p2p_transfer,399.07,failed,insufficient_funds,192.43,mobile_app
9830,244,2026-09-28 07:46:23,merchant_payment,376.7,success,,47336.39,web
9831,455,2026-09-28 08:42:39,withdrawal,465.06,success,,13237.26,mobile_app
9832,236,2026-09-28 09:40:30,top_up,1722.29,failed,card_declined,36624.29,qr_code
9833,172,2026-09-28 09:52:44,merchant_payment,1068.69,success,,30227.61,agent
9834,50,2026-09-28 09:56:59,top_up,93.04,success,,53283.45,agent
9835,394,2026-09-28 10:02:23,merchant_payment,1020.12,success,,45404.49,qr_code
9836,118,2026-09-28 10:52:46,p2p_transfer,1753.54,success,,72433.92,mobile_app
9837,482,2026-09-28 10:59:21,p2p_transfer,3567.96,success,,28553.78,qr_code
9838,269,2026-09-28 11:09:42,merchant_payment,326.55,success,,23267.62,web
9839,20,2026-09-28 11:22:17,top_up,1598.75,success,,34965.34,agent
9840,479,2026-09-28 11:48:07,withdrawal,1070.18,success,,183150.06,agent
9841,290,2026-09-28 12:01:45,top_up,3098.38,success,,13506.61,web
9842,315,2026-09-28 12:07:11,merchant_payment,633.66,success,,18793.62,agent
9843,417,2026-09-28 12:27:13,merchant_payment,459.73,success,,19805.46,qr_code
9844,85,2026-09-28 13:23:33,merchant_payment,845.93,success,,94826.68,qr_code
9845,42,2026-09-28 13:53:24,withdrawal,39190.42,failed,insufficient_funds,37885.01,web
9846,487,2026-09-28 13:58:53,top_up,1550.08,success,,9872.01,mobile_app
9847,339,2026-09-28 14:20:18,p2p_transfer,995.11,success,,39638.64,web
9848,220,2026-09-28 14:49:29,p2p_transfer,326.11,success,,37838.82,web
9849,187,2026-09-28 14:52:20,merchant_payment,800.74,success,,26013.91,agent
9850,413,2026-09-28 15:08:18,merchant_payment,313.69,success,,97157.77,qr_code
9851,204,2026-09-28 15:39:37,top_up,415.86,success,,88788.49,mobile_app
9852,145,2026-09-28 16:07:01,withdrawal,3023.71,success,,94522.64,mobile_app
9853,58,2026-09-28 16:09:47,p2p_transfer,5371.27,success,,62163.18,qr_code
9854,437,2026-09-28 16:43:31,p2p_transfer,6582.86,success,,89491.91,mobile_app
9855,368,2026-09-28 17:14:54,bill_payment,990.85,failed,card_declined,123688.26,qr_code
9856,79,2026-09-28 18:34:22,merchant_payment,557.54,success,,32942.17,agent
9857,186,2026-09-28 19:11:12,p2p_transfer,7750.34,success,,130176.45,agent
9858,380,2026-09-28 19:39:19,merchant_payment,88.89,success,,8336.81,agent
9859,389,2026-09-28 19:42:20,bill_payment,670.11,failed,insufficient_funds,205.6,qr_code
9860,338,2026-09-28 20:07:31,top_up,727.14,failed,limit_exceeded,101045.91,web
9861,321,2026-09-28 20:10:19,top_up,1155.3,success,,19329.63,web
9862,475,2026-09-28 20:12:05,p2p_transfer,2094.35,success,,7454.17,agent
9863,107,2026-09-28 20:21:46,bill_payment,1564.69,success,,116255.89,mobile_app
9864,337,2026-09-28 20:25:01,p2p_transfer,1087.92,success,,31582.25,agent
9865,150,2026-09-28 20:48:52,bill_payment,1334.05,success,,62779.4,mobile_app
9866,449,2026-09-28 21:14:50,withdrawal,155.71,success,,41437.86,mobile_app
9867,67,2026-09-28 21:54:25,top_up,1254.1,success,,109543.91,agent
9868,221,2026-09-28 22:45:12,merchant_payment,1629.1,success,,76916.21,mobile_app
9869,85,2026-09-28 23:32:27,withdrawal,684.69,success,,94141.99,mobile_app
9870,116,2026-09-29 01:08:01,p2p_transfer,2362.8,success,,39520.82,web
9871,25,2026-09-29 03:05:06,top_up,4897.38,success,,7132.75,mobile_app
9872,441,2026-09-29 03:12:32,merchant_payment,3261.04,success,,24010.38,mobile_app
9873,194,2026-09-29 03:32:37,merchant_payment,6061.98,failed,insufficient_funds,189.5,web
9874,92,2026-09-29 04:02:44,withdrawal,1494.81,failed,card_declined,101070.2,qr_code
9875,301,2026-09-29 05:36:30,p2p_transfer,11361.05,success,,3438.63,agent
9876,372,2026-09-29 07:30:51,merchant_payment,1129.01,success,,57186.18,agent
9877,492,2026-09-29 07:38:59,p2p_transfer,406.44,success,,109140.43,agent
9878,440,2026-09-29 08:32:26,withdrawal,2838.42,success,,208940.16,mobile_app
9879,229,2026-09-29 08:36:49,withdrawal,413.71,success,,55796.42,agent
9880,345,2026-09-29 08:44:14,p2p_transfer,2517.69,success,,1166.88,mobile_app
9881,453,2026-09-29 09:28:40,bill_payment,1580.19,success,,72099.06,web
9882,174,2026-09-29 09:33:29,bill_payment,1594.79,failed,card_declined,30990.57,agent
9883,193,2026-09-29 09:40:44,merchant_payment,1379.4,failed,insufficient_funds,193.31,web
9884,7,2026-09-29 09:45:24,merchant_payment,3337.5,success,,2273.98,web
9885,329,2026-09-29 09:46:19,bill_payment,1344.35,success,,4722.16,qr_code
9886,376,2026-09-29 10:00:09,p2p_transfer,296.46,success,,61941.66,web
9887,333,2026-09-29 10:02:12,p2p_transfer,7858.09,success,,30137.73,web
9888,166,2026-09-29 10:04:46,top_up,1263.94,success,,50641.63,qr_code
9889,454,2026-09-29 11:10:51,merchant_payment,754.76,success,,36147.51,agent
9890,38,2026-09-29 11:28:04,top_up,2159.09,success,,95144.78,agent
9891,86,2026-09-29 11:38:20,merchant_payment,130.53,success,,452.22,agent
9892,278,2026-09-29 12:16:26,merchant_payment,4312.4,success,,16494.15,mobile_app
9893,127,2026-09-29 12:31:51,merchant_payment,1305.05,success,,28679.58,agent
9894,278,2026-09-29 12:40:50,merchant_payment,2598.93,success,,13895.22,mobile_app
9895,136,2026-09-29 13:02:02,withdrawal,1402.27,success,,113687.52,agent
9896,299,2026-09-29 13:09:23,bill_payment,3423.55,success,,18597.47,qr_code
9897,500,2026-09-29 13:33:01,merchant_payment,238.14,success,,83486.81,web
9898,309,2026-09-29 13:52:47,bill_payment,1289.66,success,,53258.05,web
9899,139,2026-09-29 13:54:12,p2p_transfer,2918.1,success,,2871.86,qr_code
9900,141,2026-09-29 13:57:16,bill_payment,2226.45,success,,18030.99,qr_code
9901,161,2026-09-29 14:31:54,merchant_payment,1159.15,success,,69066.16,mobile_app
9902,412,2026-09-29 14:58:20,top_up,17983.33,success,,119633.29,web
9903,329,2026-09-29 15:17:14,withdrawal,758.18,success,,3963.98,mobile_app
9904,497,2026-09-29 15:27:48,top_up,1404.14,success,,66259.86,mobile_app
9905,76,2026-09-29 15:32:48,merchant_payment,657.76,success,,66682.6,web
9906,8,2026-09-29 15:32:49,bill_payment,4242.86,success,,5669.42,mobile_app
9907,172,2026-09-29 15:38:18,merchant_payment,1496.29,success,,28731.32,qr_code
9908,80,2026-09-29 15:52:47,p2p_transfer,689.01,failed,card_declined,2766.5,mobile_app
9909,488,2026-09-29 16:05:34,merchant_payment,1945.15,success,,15152.31,web
9910,189,2026-09-29 16:09:09,top_up,3070.91,success,,36181.06,qr_code
9911,344,2026-09-29 16:12:02,merchant_payment,1439.2,success,,70491.32,agent
9912,15,2026-09-29 16:29:05,bill_payment,3482.34,success,,79584.57,mobile_app
9913,86,2026-09-29 17:05:25,p2p_transfer,1020.53,failed,insufficient_funds,452.22,agent
9914,78,2026-09-29 17:14:08,merchant_payment,682.68,success,,74390.7,qr_code
9915,44,2026-09-29 17:19:35,top_up,3388.91,success,,50620.51,agent
9916,478,2026-09-29 17:28:13,merchant_payment,521.17,success,,77386.9,web
9917,299,2026-09-29 17:32:17,merchant_payment,76.26,success,,18521.21,agent
9918,156,2026-09-29 17:45:15,p2p_transfer,3098.05,success,,220991.87,qr_code
9919,186,2026-09-29 17:53:48,p2p_transfer,242.59,success,,129933.86,mobile_app
9920,146,2026-09-29 18:00:59,withdrawal,574.35,success,,86061.64,mobile_app
9921,42,2026-09-29 18:40:04,p2p_transfer,829.28,success,,37055.73,mobile_app
9922,242,2026-09-29 18:40:47,top_up,1925.73,failed,suspected_fraud,12193.02,mobile_app
9923,78,2026-09-29 18:59:52,bill_payment,3723.95,success,,70666.75,mobile_app
9924,444,2026-09-29 19:17:44,merchant_payment,7610.94,failed,insufficient_funds,957.34,qr_code
9925,285,2026-09-29 19:20:50,merchant_payment,2829.28,success,,61753.4,agent
9926,254,2026-09-29 19:33:27,withdrawal,1889.01,success,,53321.28,agent
9927,407,2026-09-29 20:36:07,p2p_transfer,187.85,success,,54062.73,qr_code
9928,493,2026-09-29 20:39:58,bill_payment,708.98,success,,160521.99,mobile_app
9929,222,2026-09-29 20:48:00,p2p_transfer,2494.2,success,,48319.89,agent
9930,498,2026-09-29 20:52:08,merchant_payment,15733.99,success,,30259.7,web
9931,326,2026-09-29 20:56:27,merchant_payment,5849.93,success,,132518.11,web
9932,460,2026-09-29 21:00:20,withdrawal,1249.18,success,,208880.46,agent
9933,20,2026-09-29 21:03:46,top_up,282.77,success,,35248.11,qr_code
9934,479,2026-09-29 21:20:39,p2p_transfer,3820.76,success,,179329.3,agent
9935,443,2026-09-29 21:32:16,top_up,491.63,success,,149124.7,mobile_app
9936,213,2026-09-29 21:50:35,p2p_transfer,3463.68,success,,3755.3,qr_code
9937,179,2026-09-29 21:53:17,top_up,3055.25,success,,4470.1,mobile_app
9938,89,2026-09-29 21:59:47,bill_payment,2469.72,success,,84872.74,qr_code
9939,173,2026-09-29 22:02:36,top_up,2262.85,success,,88876.97,agent
9940,433,2026-09-29 22:28:23,top_up,1174.24,success,,40071.1,agent
9941,478,2026-09-29 22:48:57,top_up,634.46,success,,78021.36,qr_code
9942,479,2026-09-29 22:54:19,top_up,1033.6,success,,180362.9,web
9943,199,2026-09-29 23:08:22,merchant_payment,975.02,success,,50919.5,agent
9944,372,2026-09-29 23:37:15,top_up,1929.95,success,,59116.13,web
9945,19,2026-09-30 00:42:28,merchant_payment,1347.92,success,,39768.76,web
9946,201,2026-09-30 00:59:26,merchant_payment,688.37,success,,13328.53,web
9947,371,2026-09-30 02:14:08,bill_payment,6210.41,failed,insufficient_funds,2144.43,qr_code
9948,358,2026-09-30 02:30:21,top_up,6952.14,success,,7002.92,agent
9949,383,2026-09-30 02:50:06,p2p_transfer,3193.07,failed,insufficient_funds,1433.65,qr_code
9950,141,2026-09-30 03:37:26,bill_payment,1580.06,failed,network_error,18030.99,qr_code
9951,168,2026-09-30 04:36:50,top_up,3774.56,success,,10431.04,web
9952,152,2026-09-30 05:18:51,merchant_payment,1783.18,failed,suspected_fraud,18234.79,web
9953,149,2026-09-30 07:37:02,merchant_payment,316.56,failed,insufficient_funds,98.47,web
9954,336,2026-09-30 07:38:35,bill_payment,2321.78,success,,277070.91,agent
9955,20,2026-09-30 07:46:28,withdrawal,549.68,success,,34698.43,mobile_app
9956,466,2026-09-30 08:21:13,merchant_payment,1448.82,success,,172403.42,mobile_app
9957,236,2026-09-30 08:36:38,merchant_payment,5706.57,success,,30917.72,qr_code
9958,195,2026-09-30 08:54:20,merchant_payment,2676.31,success,,120605.38,web
9959,240,2026-09-30 08:57:07,p2p_transfer,1109.61,success,,16883.24,mobile_app
9960,261,2026-09-30 09:18:17,withdrawal,3788.84,failed,suspected_fraud,54982.19,mobile_app
9961,262,2026-09-30 09:36:24,merchant_payment,3513.68,success,,22352.42,web
9962,26,2026-09-30 10:38:08,merchant_payment,4507.46,success,,97592.36,web
9963,407,2026-09-30 10:50:11,p2p_transfer,2949.54,success,,51113.19,mobile_app
9964,87,2026-09-30 11:00:04,merchant_payment,7239.45,success,,140748.9,web
9965,319,2026-09-30 11:02:21,merchant_payment,2034.05,success,,98510.56,qr_code
9966,187,2026-09-30 11:14:25,bill_payment,1819.36,success,,24194.55,qr_code
9967,442,2026-09-30 11:17:48,merchant_payment,366.98,success,,106063.49,agent
9968,378,2026-09-30 11:29:15,merchant_payment,667.73,success,,11465.25,agent
9969,232,2026-09-30 11:37:32,withdrawal,1470.92,success,,21605.11,mobile_app
9970,207,2026-09-30 12:07:17,p2p_transfer,1143.15,success,,66804.32,qr_code
9971,272,2026-09-30 13:02:29,p2p_transfer,925.82,success,,95576.25,qr_code
9972,111,2026-09-30 13:27:42,p2p_transfer,3138.94,success,,51658.65,mobile_app
9973,291,2026-09-30 13:29:46,p2p_transfer,847.02,success,,7800.57,agent
9974,434,2026-09-30 13:47:11,merchant_payment,1071.43,success,,5257.69,agent
9975,189,2026-09-30 14:28:02,top_up,3678.82,success,,39859.88,agent
9976,94,2026-09-30 14:38:43,merchant_payment,1584.78,success,,60813.94,agent
9977,313,2026-09-30 15:22:03,withdrawal,1160.11,success,,41464.91,mobile_app
9978,493,2026-09-30 16:01:33,bill_payment,3739.65,success,,156782.34,agent
9979,115,2026-09-30 16:19:47,p2p_transfer,3454.04,success,,77757.28,mobile_app
9980,418,2026-09-30 16:39:14,withdrawal,12639.19,failed,insufficient_funds,6702.75,agent
9981,493,2026-09-30 17:02:12,merchant_payment,999.36,success,,155782.98,agent
9982,336,2026-09-30 17:16:22,merchant_payment,1600.36,success,,275470.55,qr_code
9983,201,2026-09-30 17:16:57,p2p_transfer,417.76,success,,12910.77,qr_code
9984,31,2026-09-30 17:36:41,bill_payment,3546.41,failed,invalid_recipient,191098.28,qr_code
9985,338,2026-09-30 18:50:48,merchant_payment,2642.98,success,,98402.93,mobile_app
9986,146,2026-09-30 19:19:49,bill_payment,1304.79,success,,84756.85,agent
9987,390,2026-09-30 19:32:31,merchant_payment,3625.2,failed,card_declined,11840.02,agent
9988,283,2026-09-30 19:48:51,merchant_payment,2769.7,success,,78984.71,web
9989,120,2026-09-30 20:13:32,top_up,505.87,success,,220774.07,web
9990,76,2026-09-30 20:53:40,top_up,1080.94,success,,67763.54,web
9991,20,2026-09-30 21:00:01,merchant_payment,778.63,success,,33919.8,web
9992,380,2026-09-30 21:03:20,top_up,1225.17,success,,9561.98,qr_code
9993,299,2026-09-30 21:28:03,merchant_payment,4304.04,success,,14217.17,agent
9994,81,2026-09-30 21:29:30,merchant_payment,5245.91,success,,62338.97,qr_code
9995,13,2026-09-30 21:38:51,bill_payment,582.11,success,,23329.85,web
9996,183,2026-09-30 22:31:00,merchant_payment,1693.62,success,,12588.2,web
9997,461,2026-09-30 22:58:41,merchant_payment,1066.56,success,,60646.86,qr_code
9998,50,2026-09-30 23:02:42,merchant_payment,736.19,success,,52547.26,mobile_app
9999,315,2026-09-30 23:28:35,top_up,988.05,success,,19781.67,mobile_app
10000,460,2026-09-30 23:39:12,merchant_payment,437.92,success,,208442.54,mobile_app
